Sample,C1P d18:1/C16:0 Results,Cer d16:1/C22:1(-H20) Results,Cer d16:1/C22:1 Results,Cer d16:1/C25:1(-H20) Results,Cer d16:1/C25:1 Results,Cer d16:1/C26:0(-H20) Results,Cer d16:1/C26:0 Results,Cer d16:1/C26:1(-H20) Results,Cer d16:1/C26:1 Results,Cer d18:0/C22:1(-H20) Results,Cer d18:0/C22:1 Results,Cer d18:0/C23:1(-H20) Results,Cer d18:0/C23:1 Results,Cer d18:0/C25:0(-H20) Results,Cer d18:0/C25:0 Results,Cer d18:0/C25:1(-H20) Results,Cer d18:0/C25:1 Results,Cer d18:0/C26:0(-H20) Results,Cer d18:0/C26:0 Results,Cer d18:0/C26:1(-H20) Results,Cer d18:0/C26:1 Results,Cer d18:1/C14:1(-H20) Results,Cer d18:1/C14:1 Results,Cer d18:1/C16:1(-H20) Results,Cer d18:1/C16:1 Results,Cer d18:2/C26:0(-H20) Results,Cer d18:2/C26:0 Results,DHCer d16:1/C16:0(-H20) Results,DHCer d16:1/C16:0 Results,DHCer d18:1/C22:1(-H20) Results,DHCer d18:1/C22:1 Results,DHCer d18:2/C22:0(-H20) Results,DHCer d18:2/C22:0 Results,DHCer d18:2/C24:0(-H20) Results,DHCer d18:2/C24:0 Results,DHCer d18:2/C24:1(-H20) Results,DHCer d18:2/C24:1 Results,GM3 d16:1/C14:0 Results,GM3 d16:1/C16:0 Results,GM3 d16:1/C18:0 Results,GM3 d16:1/C20:0 Results,GM3 d16:1/C22:0 Results,GM3 d16:1/C24:0 Results,GM3 d16:1/C24:1 Results,GM3 d18:1/C14:0 Results,GM3 d18:1/C20:0 Results,GM3 d18:1/C22:0 Results,GM3 d18:1/C24:0 Results,GM3 d18:2/14:0 Results,GM3 d18:2/16:0 Results,GM3 d18:2/18:0 Results,GM3 d18:2/20:0 Results,GM3 d18:2/22:0 Results,GM3 d18:2/24:0 Results,GM3 d18:2/24:1 Results,MHCer d16:1/C16:0(-H20) Results,MHCer d16:1/C16:0 Results,MHCer d16:1/C20:0(-H20) Results,MHCer d16:1/C20:0 Results,MHCer d16:1/C22:0(-H20) Results,MHCer d16:1/C22:0 Results,MHCer d16:1/C22:1(-H20) Results,MHCer d16:1/C22:1 Results,MHCer d16:1/C23:0(-H20) Results,MHCer d16:1/C23:0 Results,MHCer d16:1/C23:1(-H20) Results,MHCer d16:1/C23:1 Results,MHCer d16:1/C26:0(-H20) Results,MHCer d16:1/C26:0 Results,MHCer d18:0/C16:0(-H20) Results,MHCer d18:0/C16:0 Results,MHCer d18:0/C16:1(-H20) Results,MHCer d18:0/C16:1 Results,MHCer d18:0/C22:1(-H20) Results,MHCer d18:0/C22:1 Results,MHCer d18:1/C16:1(-H20) Results,MHCer d18:1/C16:1 Results,MHCer d18:1/C18:1(-H20) Results,MHCer d18:1/C18:1 Results,MHCer d18:2/C16:1(-H20) Results,MHCer d18:2/C16:1 Results,SM C30:1 Results,SM C34:0 Results,SM C36:0 Results,SM C38:0 Results,SM C39:1 Results,SM C40:0 Results,SM C42:0 Results,SM d16:1/C23:0 Results,SM d18:0/C16:0 Results,SM d18:0/C18:0 Results,SM d18:0/C20:0 Results,SM d18:0/C22:0 Results,SM d18:0/C24:0 Results,SM d18:1/C12:0 Results,Sphd16:1 Results,Sphd18:2 Results,Sphd18:1-D7 (ISTD) Results,Sphd18:1 Results,Sphd18:0-D7 (ISTD) Results,Sphd18:0 Results,SM C24:1 (ISTD) Results,SM d18:1/C6:0 (ISTD) Results,C1P d18:1/C8:0 (ISTD) Results,MHCer d18:1/C8:0 (ISTD)(-H20) Results,MHCer d18:1/C8:0 (ISTD) Results,Cer d18:1/C8:0 (ISTD)(-H20) Results,Cer d18:1/C8:0 (ISTD) Results,SM d18:2/C14:0 Results,SM C32:2 Results,GM3 d18:1/C16:0 Results,SM C32:1 Results,SM d16:1/C16:0 Results,SM d18:1/C14:0 Results,DHCer d18:1/C14:0(-H20) Results,DHCer d18:1/C14:0 Results,SM C34:2 Results,SM d18:2/C16:0 Results,GM3 d18:1/C18:0 Results,MHCer d18:1/C14:0(-H20) Results,MHCer d18:1/C14:0 Results,Cer d18:2/C14:0(-H20) Results,Cer d18:2/C14:0 Results,MHCer d18:2/C16:0(-H20) Results,MHCer d18:2/C16:0 Results,DHCer d18:2/C16:0(-H20) Results,DHCer d18:2/C16:0 Results,DHCer d18:1/C16:0(-H20) Results,DHCer d18:1/C16:0 Results,SM d16:1/C18:0 Results,SM d18:1/C16:0 Results,DHCer d18:2/C18:1(-H20) Results,DHCer d18:2/C18:1 Results,SM C34:1 Results,SM C36:2 Results,SM d18:2/C18:0 Results,MHCer d18:1/C16:0(-H20) Results,MHCer d18:1/C16:0 Results,Cer d18:1/C14:0(-H20) Results,Cer d18:1/C14:0 Results,Cer d16:1/C16:0(-H20) Results,Cer d16:1/C16:0 Results,Cer d18:2/C16:0(-H20) Results,Cer d18:2/C16:0 Results,DHCer d18:1/C18:0(-H20) Results,DHCer d18:1/C18:0 Results,Cer d18:2/C18:1(-H20) Results,Cer d18:2/C18:1 Results,SM d16:1/C20:0 Results,SM d18:1/C18:0 Results,GM3 d18:1/C24:1 Results,SM C36:1 Results,SM C38:2 Results,SM d18:2/C20:0 Results,MHCer d18:1/C20:1(-H20) Results,MHCer d18:1/C20:1 Results,MHCer d18:1/C18:0(-H20) Results,MHCer d18:1/C18:0 Results,Cer d18:1/C16:0(-H20) Results,Cer d18:1/C16:0 Results,MHCer d18:2/C20:0(-H20) Results,MHCer d18:2/C20:0 Results,Cer d18:0/C16:0(-H20) Results,Cer d18:0/C16:0 Results,MHCer d18:2/C22:1(-H20) Results,MHCer d18:2/C22:1 Results,Cer d16:1/C18:0(-H20) Results,Cer d16:1/C18:0 Results,Cer d18:1/C18:1(-H20) Results,Cer d18:1/C18:1 Results,Cer d18:2/C20:1(-H20) Results,Cer d18:2/C20:1 Results,Cer d18:2/C18:0(-H20) Results,Cer d18:2/C18:0 Results,SM C40:2 Results,DHCer d18:1/C20:0(-H20) Results,DHCer d18:1/C20:0 Results,SM C38:1 Results,SM d16:1/C22:0 Results,SM d18:1/C20:0 Results,SM C42:3 Results,SM d18:2/C24:1 Results,SM C41:2 Results,SM d18:1/C23:1 Results,SM d18:2/C23:0 Results,SM d16:1/C24:1 Results,SM d18:1/C22:1 Results,SM d18:2/C22:0 Results,MHCer d16:1/C24:1(-H20) Results,MHCer d16:1/C24:1 Results,MHCer d18:1/C20:0(-H20) Results,MHCer d18:1/C20:0 Results,MHCer d18:1/C22:1(-H20) Results,MHCer d18:1/C22:1 Results,Cer d18:1/C18:0(-H20) Results,Cer d18:1/C18:0 Results,Cer d16:1/C20:0(-H20) Results,Cer d16:1/C20:0 Results,MHCer d18:2/C24:1(-H20) Results,MHCer d18:2/C24:1 Results,MHCer d18:2/C22:0(-H20) Results,MHCer d18:2/C22:0 Results,Cer d18:0/C18:0(-H20) Results,Cer d18:0/C18:0 Results,Cer d18:1/C20:1(-H20) Results,Cer d18:1/C20:1 Results,DHCer d18:1/C24:1(-H20) Results,DHCer d18:1/C24:1 Results,MHCer d18:1/C23:1(-H20) Results,MHCer d18:1/C23:1 Results,Cer d18:2/C20:0(-H20) Results,Cer d18:2/C20:0 Results,DHCer d18:1/C22:0(-H20) Results,DHCer d18:1/C22:0 Results,Cer d18:2/C22:1(-H20) Results,Cer d18:2/C22:1 Results,MHCer d18:2/C23:0(-H20) Results,MHCer d18:2/C23:0 Results,SM C42:2 Results,SM d18:1/C24:1 Results,SM d18:2/C24:0 Results,SM C40:1 Results,SM d16:1/C24:0 Results,SM d18:1/C22:0 Results,DHCer d18:1/C23:0(-H20) Results,DHCer d18:1/C23:0 Results,MHCer d16:1/C24:0(-H20) Results,MHCer d16:1/C24:0 Results,MHCer d18:0/C24:1(-H20) Results,MHCer d18:0/C24:1 Results,MHCer d18:1/C24:1(-H20) Results,MHCer d18:1/C24:1 Results,MHCer d18:0/C22:0(-H20) Results,MHCer d18:0/C22:0 Results,MHCer d18:1/C22:0(-H20) Results,MHCer d18:1/C22:0 Results,Cer d18:2/C23:1(-H20) Results,Cer d18:2/C23:1 Results,Cer d18:0/C20:0(-H20) Results,Cer d18:0/C20:0 Results,MHCer d18:2/C24:0(-H20) Results,MHCer d18:2/C24:0 Results,Cer d18:1/C20:0(-H20) Results,Cer d18:1/C20:0 Results,Cer d16:1/C22:0(-H20) Results,Cer d16:1/C22:0 Results,Cer d18:1/C22:1(-H20) Results,Cer d18:1/C22:1 Results,Cer d16:1/C24:1(-H20) Results,Cer d16:1/C24:1 Results,DHCer d18:1/C24:0(-H20) Results,DHCer d18:1/C24:0 Results,SM C41:1 Results,SM d18:1/C23:0 Results,Cer d18:2/C24:1(-H20) Results,Cer d18:2/C24:1 Results,Cer d18:2/C22:0(-H20) Results,Cer d18:2/C22:0 Results,MHCer d18:0/C23:0(-H20) Results,MHCer d18:0/C23:0 Results,SM C43:2 Results,SM d18:1/C25:1 Results,SM d18:2/C25:0 Results,MHCer d18:1/C25:1(-H20) Results,MHCer d18:1/C25:1 Results,MHCer d18:1/C23:0(-H20) Results,MHCer d18:1/C23:0 Results,MHCer d18:2/C25:0(-H20) Results,MHCer d18:2/C25:0 Results,Cer d18:1/C23:1(-H20) Results,Cer d18:1/C23:1 Results,MHCer d18:0/C24:0(-H20) Results,MHCer d18:0/C24:0 Results,SM C42:1 Results,SM d18:1/C24:0 Results,Cer d16:1/C23:0(-H20) Results,Cer d16:1/C23:0 Results,Cer d18:2/C25:1(-H20) Results,Cer d18:2/C25:1 Results,Cer d18:2/C23:0(-H20) Results,Cer d18:2/C23:0 Results,MHCer d18:1/C26:1(-H20) Results,MHCer d18:1/C26:1 Results,MHCer d18:1/C24:0(-H20) Results,MHCer d18:1/C24:0 Results,Cer d18:1/C22:0(-H20) Results,Cer d18:1/C22:0 Results,Cer d18:0/C22:0(-H20) Results,Cer d18:0/C22:0 Results,Cer d18:0/C24:1(-H20) Results,Cer d18:0/C24:1 Results,Cer d18:1/C24:1(-H20) Results,Cer d18:1/C24:1 Results,Cer d16:1/C24:0(-H20) Results,Cer d16:1/C24:0 Results,Cer d18:2/C26:1(-H20) Results,Cer d18:2/C26:1 Results,SM C43:1 Results,SM d18:1/C25:0 Results,Cer d18:2/C24:0(-H20) Results,Cer d18:2/C24:0 Results,MHCer d18:1/C25:0(-H20) Results,MHCer d18:1/C25:0 Results,Cer d18:0/C23:0(-H20) Results,Cer d18:0/C23:0 Results,Cer d18:1/C25:1(-H20) Results,Cer d18:1/C25:1 Results,Cer d18:1/C23:0(-H20) Results,Cer d18:1/C23:0 Results,MHCer d18:1/C26:0(-H20) Results,MHCer d18:1/C26:0 Results,Cer d18:2/C25:0(-H20) Results,Cer d18:2/C25:0 Results,SM C44:1 Results,SM d18:1/C26:0 Results,Cer d18:1/C26:1(-H20) Results,Cer d18:1/C26:1 Results,Cer d18:0/C24:0(-H20) Results,Cer d18:0/C24:0 Results,Cer d18:1/C24:0(-H20) Results,Cer d18:1/C24:0 Results,Cer d18:1/C25:0(-H20) Results,Cer d18:1/C25:0 Results,Cer d18:1/C26:0(-H20) Results,Cer d18:1/C26:0 Results
blk1,0,0,0,0,0,0,0,0,0,0,0,0,0,0,0,0,0,0,0,0,0,0,0,0,0,0,0,0,0,0,0,0,0,0,0,0,0,0,0,0,0,0,0,0,0,0,0,0,0,0,0,0,0,0,0,0,0,0,0,0,0,0,0,0,0,0,0,0,0,0,0,0,0,0,0,0,0,0,0,0,0,0,0,0,0,0,0,0,0,0,0,0,0,0,0,110,248.7599365,1307,746,734.4407709,62,2860.865951,0,364.8571313,8,339.3827346,0,1250.562662,0,914,47,7519,0,0,0,0,15330,0,164.276483,0,198.9857956,0,0,0,0,0,0,0,617.4125264,0,802.9686308,0,0,370461.1215,6326.711871,0,0,307.319168,0,75,0,232.6701958,0,1157.742969,0,54,0,0,7092.310967,0,0,44796.88423,3726,0,0,0,0,53,3012.74798,26426.65522,0,0,0,656.3033026,0,0,0,136.7276043,0,0,0,0,486.3967442,317,20896,0,0,35213.4138,153.913542,0,32100.28237,0,1682.919879,0,0,0.640560289,0,0,0,0,0,22.81243557,0,0,599.6890663,2647.365664,0,0,0,0.893923985,0,0,20.55851675,75,1.130035193,0,0,2,0,0,0,260.890302,0,0,0,0.409577427,0.385960587,0,125335.6604,282.3474684,0,99660,146.9301816,264.2654081,0,4,0,0,0,1.035118435,0.490869793,0,0,0,0,216,0,0,0,0,0,21.98803537,0,218.4520728,120.5094632,302.6185574,0,104.6058662,0.71554854,0,0,0,17750.85277,0,146.3303306,195,0,570.9410815,0,0,1012.410207,0,0,0.232477755,0,0,0,0,0,0,164.3063509,0,0,50695.27068,138.976616,0,468.7115752,0,0.491627748,0,6,0,0,0,599.4275556,493.096784,8381.656034,0,243.3015842,0,29,234.7749218,3405.400996,0,895.3346246,0,1.079494059,2180,265.342226,197.8342459,1139.02448,0,175,33.85473121,32,0,0,0,266,0,17.78804595,0.370132141,0,774.7508543,1.332610563,0,48,0,204,476.2497995,3617.551976,0,223.4293147,0,106.1284594
blk2,0,0,0,0,0,0,0,0,0,0,0,0,0,0,0,0,0,0,0,0,0,0,0,0,0,0,0,0,0,0,0,0,0,0,0,0,0,0,0,0,0,0,0,0,0,0,0,0,0,0,0,0,0,0,0,0,0,0,0,0,0,0,0,0,0,0,0,0,0,0,0,0,0,0,0,0,0,0,0,0,0,0,0,0,0,0,0,0,0,0,0,0,0,0,0,377,603.5621957,1182,2564,584.4037611,50,2865.966724,0,0,9,179.6625038,238.9799183,927.36392,0,610,88,6306,0,0,0,0,11044,0,0,142.3347625,303.8525744,0,0,0,28,0,0,0,689.5760499,0,1027.147609,0,0,327131.7951,4112.51628,0,183.4498284,256.8130386,0,41,0,699.2687679,0,806.6946378,0,62,0,0.374314774,9367.14945,0,0,35736.27032,6468,0,0,0,0,73,1211.582937,32073.1982,0,0,0,192.3309625,0,0,0,116.7175952,0,0,0,0,515.4522781,200,14089,0,233.3132325,32234.83312,683.8537104,0,23975.3891,0,2601.672066,0,0,0,1.142288019,0.564882762,283.8377452,0,0,0,0,0,114.759349,2123.471574,0,0,0,0,0,0,0.530861237,1,0,0,0,50,0,0,0,3.908119605,0,0,0,0,0,0,71741.08148,0,0,0,307.8132767,0.673706392,0,55,0,0.498218054,0,0,1.538618234,0,0,2.47898801,0,176,0,0,0,141.9672319,0,0,0,732.3343459,0,329.2128386,0,85.90201742,0,2.338826181,0,0,16562.74632,0,0.893923033,193,0,536.8276025,0,0,1098.687316,0,0,0,0,0,0,0,0,0,478.3356832,0,84,31610.36057,83.12929979,0,200.9704501,0.792511971,0,0,9,1.190560598,0,0,59.91211446,742.2088902,5624.374588,0,0,0,52,108.2833306,2682.716634,0,454.5783198,0,0,2034,0,0,490.849758,0,79,59.20693852,28,0,54.67771684,48.99783166,143,0,0,0,39.20644285,435.9691304,0,0,96,0,20,61.16842778,2850.697965,0,0,0,116.8686973
blk3,0,0,0,0,0,0,0,0,0,0,0,0,0,0,0,0,0,0,0,0,0,0,0,0,0,0,0,0,0,0,0,0,0,0,0,0,0,0,0,0,0,0,0,0,0,0,0,0,0,0,0,0,0,0,0,0,0,0,0,0,0,0,0,0,0,0,0,0,0,0,0,0,0,0,0,0,0,0,0,0,0,0,0,0,0,0,0,0,0,0,0,0,0,0,0,190,1354.456124,1651,6075,1108.75245,159,1560.522472,6.407430117,130.6887142,16,315.9151814,0,934.0319883,0,506,82,9128,0,0,0,0,10127,0,0,0,0,0,0,0,0,0,0,0,475.3268865,0,1203.795604,0,0,292676.7998,1079.841447,0,0,656.9925851,0,561,0,293.1785982,178.3439305,793.0496371,0,108,0,0,10886.65246,0,0,22220.72806,3670,0,0,0,0,98,2111.252668,22566.16142,0,0.502408131,0,66.74476158,0,0,0,0,0,0,0,0,550.2511132,39,14583,0,0,30324.21572,776.3605218,0,18967.33166,0,2234.94736,0,0,0,0,0,0,0,0,0,0,0,144.4485749,2171.238232,0,0,0,3.381011106,0,0,0,1,0,0,0,12,0,0,0,0,0,0,0,0,0,0,69186.4637,0,0,63242,82.19241152,240.4491482,0,4,0,0,0,0,0,338.1289788,0,0,0,189,3.994885489,0,0,0,0,1.479894149,0,159.4387845,0,240.7997733,0,0,0,0.108103261,0,169.4372367,14301.67728,0,131.0244082,339,0,552.9708262,0,0,230.1622017,0,0,0,0,0,0,0,0,0,36.91687024,0,0,28385.70449,0,39.6029638,0,0,0,4.535640547,23,0,0,0,86.07392361,419.527526,5610.540914,0,140.2770631,0,20,282.9185789,2504.117129,0,0,0,44.00732385,2099,0,0,398.2533882,23.35912633,0,32.94885166,40,0,0,0,700,0,0,0,0,664.253548,12.04955436,0,0,0,13,163.0744521,3026.86855,0,93.39068106,0,165.5999638
SL std mix1,0,0,0,0,0,0,0,0,0,0,0,0,0,0,0,0,0,0,0,0,0,0,0,0,0,0,0,0,0,0,0,0,0,0,0,0,0,0,0,0,0,0,0,0,0,0,0,0,0,0,0,0,0,0,0,0,0,0,0,0,0,0,0,0,0,0,0,0,0,0,0,0,0,0,0,0,0,0,0,0,0,0,0,0,0,0,0,0,0,0,0,0,0,0,0,52,144.6144893,174408,276,51398.53873,199,836169.4364,4360.502034,8327.95848,3279,116165.768,61117.56894,543165.3905,0,666,36,7335,0,0,0,0,12229,0,0,0,0,0,0,0,43,0,0,0,503.2444696,0,824.8634881,0,0,381308.4781,4343.994266,0,81.59643571,261.1646971,0,977,238.7352772,175.2322735,0,1343.92684,0,97,1.530242365,0,3241.014788,0,0,64640.0709,4800,0,0,0.408128696,0,125,2357.667779,23104.69908,0,0,0,283.323579,0,0,113.1541952,0,0,101.4864995,0,0,0,74,13392,0,0,25430.57252,215.9618134,136.1645496,22506.4041,0,589.4756169,0,0,0,0,0,36.69816438,0,0,0,0,0,258.0093045,4320.131195,0,450.8793104,0,1.471948627,0,0,0,30,0,0,0,0,0,0,0,1.951950081,0,96.41268558,0,3.027366955,0,0,81383.88863,36.20778222,0,108017,0,247.9564311,0,3,0,0,0,0,0,0,0,0,0,437,0,0,0,0,0,0.57943575,0,788.4330382,0,466.0296749,0,109.4653126,0,274.5958138,0,239.4041923,27421.1342,0.554541523,0,267,146.8235649,722.1787346,0.170089439,0,345.4926975,60.93783516,8.131041906,60.91093694,0,0,0,0,2.914690615,0,274.1844237,29.93056435,2,39771.25815,93.19362612,0,187.0449899,0.266223111,0,0,62,0,0,0,320.2437379,904.2613681,7902.293571,0,286.9927655,0,10,163.3642478,3594.083359,0,1364.22428,0,0.742391401,1687,0,74.41624551,746.8296444,0,53,0,34,0,0,0,179,0,0,0,0,1302.322224,0,0,16,106.0671146,21,700.3018047,7314.728825,0,231.4187851,46.2890268,294.3421334
SL std mix2,0,0,0,0,0,0,0,0,0,0,0,0,0,0,0,0,0,0,0,0,0,0,0,0,0,0,0,0,0,0,0,0,0,0,0,0,0,0,0,0,0,0,0,0,0,0,0,0,0,0,0,0,0,0,0,0,0,0,0,0,0,0,0,0,0,0,0,0,0,0,0,0,0,0,0,0,0,0,0,0,0,0,0,0,0,0,0,0,0,0,0,0,0,0,0,134,271.676994,169446,560,51229.51981,49,807980.278,3576.708577,8251.159513,2960,112799.4078,58798.33755,480145.0863,0,732,60,7918,0,0,0,0,10138,0,0,0,0,0,0,0,61,0,0,0,740.1058673,0,806.7954736,0,0,301548.6271,3714.500158,0,0,414.6446074,162.4760866,25,273.9516235,345.9083644,0,467.6983252,0,200,0,0,3638.555944,111.6965466,1.846856232,51769.42653,2633,0,0,0,0,19,2200.187519,30845.36843,0,0,0,164.4732096,0,0,0,168.7826512,0,0,1.306058098,0,0,282,15107,0,0,26973.94957,0,0,28760.59582,0,1509.981683,0,0,36.4907963,0,2.348192566,54.85305486,0,0,120.4616753,0,0.247831142,515.4006833,2557.967742,0,144.5565825,0,17.8614188,0.622998817,0,105.3133662,36,0,0,0,14,0,0,0,0,42.30417377,0,0,0,0,0,81873.30594,0,0,113589,0,178.6540952,0,2,0,0,0,0,0,0,0,1.042717532,0,2,0,103.0532891,0,0,0.766655213,77.56361253,0,418.8036206,0,420.3164375,0,400.5216918,0,0,0,256.8561697,26419.91881,299.2285523,0,275,164.8752325,546.6703823,0,0,1351.076929,0,0,0,0,0,2.696023941,0,1.340037654,1.578233464,257.5308931,0,0,39679.44664,0,0,88.26420951,0.685874305,0,0.767057431,6,0,0,0,424.9706521,740.8477038,6170.409576,0,148.4863208,0,13,0,2216.497288,0,522.6905635,0,0,2824,0,0,655.6373848,0,5,0,27,0,0,0,325,0,0,0,0,767.050079,41.33031318,0,10,0,101,233.3490367,5420.682946,33.15632217,0,0,151.6870953
blk6,0,0,0,0,0,0,0,0,0,0,0,0,0,0,0,0,0,0,0,0,0,0,0,0,0,0,0,0,0,0,0,0,0,0,0,0,0,0,0,0,0,0,0,0,0,0,0,0,0,0,0,0,0,0,0,0,0,0,0,0,0,0,0,0,0,0,0,0,0,0,0,0,0,0,0,0,0,0,0,0,0,0,0,0,0,0,0,0,0,0,0,0,0,0,0,73,668.6902136,3776,1316,1823.955224,89,5230.833458,35.6262175,588.1136683,31,484.2661396,0,1129.840725,0,124,11,7063,0,0,0,0,10671,0,0,0,0,0,0,0,15,0,3.465727439,0.181601976,801.2616505,0,848.9128014,0,0,325832.2925,3594.853961,0,0,0,0,188,0,339.9048573,0,711.5506118,0,168,0,0,7967.497453,0,0,50359.3273,916,0,0,0,0,55,2563.479715,27376.63588,0,0,116.9337862,564.7266396,0,0,0,0,0,0,0,0,0,154,13409,0,0,32039.27413,324.2079865,0,18443.36692,2.038083104,536.3848188,0,0,0,0,0,81.67672834,0,0,0,0,0,0,3741.747306,0,0,0,0,0,0,0,0,0,0,0,3,0,0,0.980214852,0,20.3197382,0,0,0,2.403604418,0,83966.91445,2.010596026,1.353330212,102873,438.4173704,0,0,5,0,0,0,0,0,308.6111038,0,0,0,0,0,0,51.04396365,0,2.631999308,0,0,444.8246564,19.08894164,59.59254376,0.788693956,134.1405056,5.015480388,0,0,96.46299923,15209.14054,0,0.752048673,236,2.007100935,402.734281,0,0.206050236,1002.4777,0,0,0.722207334,0,0.930555616,0,0,0,0,124.8231648,0,12,29314.36113,163.466983,0,142.0745025,0,29.46846006,0,63,0.562202232,0,0,198.0779145,442.0056629,6790.324202,0,111.7401259,0,1,141.4910252,3010.40078,0,545.2055319,0,0,1455,0,165.278546,683.0343277,0,0,0,34,0,0,128.8509808,493,0,0,0,0,634.5757253,0,0,24,0,12,638.3195021,4204.496759,0,234.6762607,0,162.6814246
M97-samblk1,0,0,0,0,0,0,0,0,0,0,0,0,0,0,0,0,0,0,0,0,0,0,0,0,0,0,0,0,0,0,0,0,0,0,0,0,0,0,0,0,0,0,0,0,0,0,0,0,0,0,0,0,0,0,0,0,0,0,0,0,0,0,0,0,0,0,0,0,0,0,0,0,0,0,0,0,0,0,0,0,0,0,0,0,0,0,0,0,0,0,0,0,0,0,0,26,173.608099,200579,423,58378.60781,38,931688.7062,4239.571618,11481.32479,3451,132119.2315,65222.09174,539941.6098,0,5840,32,6474,0,0,0,0,8928,0,0,0,0,0,0,0,0,4.165517382,0,0,598.1723075,0,959.6965312,0,0,268993.1669,4337.440761,0,0,280.4230684,0,257,63.94310593,861.7756816,0,613.0943902,0,306,0,0,120.526956,0,0,74395.32145,2161,0,0,0,0,0,1895.795635,22131.59168,0,0,0,369.5216655,1.626527014,0.715831259,153.1583062,266.9294474,0,0,0,0,461.0309641,359,15371,0,0,37317.35157,0,0,17853.25013,0,8193.697505,0,0,0,0,0,95.39545073,0,0,0,0,0,389.6594756,6523.797426,0,226.6220529,0,0,0,0,166.9553582,68,0,0,0,10,0,0,0,92.45670532,0,170.7416558,0,0,0,0,89418.47087,0,0,0,0,0,0,50,0.100232513,0,0,0,0,0,0,0,0,50,0,0,0,135.418672,0,0,96.93690432,2273.367391,280.3665506,366.3532853,0,194.1808819,0,0,0,124.4200193,29710.42552,0,0,607,0,125.3760847,0,0,1669.127492,0,0,0,4.479119077,0,111.4544938,1.256257957,0.438308088,0,0,0,0,98800.96394,202.8498508,0,130.9156765,0,0,0,128,0,0,0,754.7763887,241.2398459,7872.698524,0,31.65089233,0,27,212.5093213,4245.963217,0,1099.149733,0,0,2719,262.9305933,0,1080.772701,0,6,0,24,0,45.12042859,256.137186,678,0,0,0,0,1008.030023,0,0,15,0,82,600.4591978,6317.150527,0,299.9890101,0,446.8400163
M98-samblk2,0,0,0,0,0,0,0,0,0,0,0,0,0,0,0,0,0,0,0,0,0,0,0,0,0,0,0,0,0,0,0,0,0,0,0,0,0,0,0,0,0,0,0,0,0,0,0,0,0,0,0,0,0,0,0,0,0,0,0,0,0,0,0,0,0,0,0,0,0,0,0,0,0,0,0,0,0,0,0,0,0,0,0,0,0,0,0,0,0,0,0,0,0,0,0,12,498.6689713,191736,1364,57308.32661,11,860197.8693,3847.357559,9804.066689,3132,117733.8077,58838.47119,541652.2036,0,5559,53,7357,0,0,0,0,10359,0,0,0,0,0,0,0,0,0,0,0.849704615,504.6883517,0,859.5245115,0,0,299285.5916,5249.011054,0,124.9293517,466.3715338,237.8470288,132,0,831.1491344,0,911.914346,0,176,0.797039902,0,179.9105059,190.5876934,0,61788.64073,630,0,0,0,0,105,2276.836333,25502.36141,0.787279952,0,0,545.1591905,0,9.352302519,0,213.7397152,0,0,0,0,450.7535038,360,16374,0,0,29151.33525,0,0,19692.11523,0,8083.473442,0,0,0,0,0,130.0596477,0,0,0.918636078,1.510194261,1.19750727,456.9284392,4122.235334,0,0,0,2.050858417,0,0,0,35,1.225732488,0,0,31,0,0,0,223.1905237,5.65543567,0,0,0,0,0,68337.07287,0,0,70538,0,0,0,5,0,0,0,0,0,547.1333614,0,0,0,48,0,0,325.7910656,0,0,26.45374899,101.3589974,1083.93569,170.3809848,1423.556129,0,107.2318593,0,0,0,115.0893702,30820.57708,0,0.419356386,77,0,234.1190664,1.875959698,0,1103.920538,0,4.141679236,0,0,0,0,0,0,0.576152402,336.3555257,0,0,94220.41374,0,0,404.9013836,0,0,0,55,0,0,0,305.4397625,975.3848812,9650.554627,0,175.5894316,0,142,147.9832411,3050.240362,143.5007072,381.9994053,0,0,336,0,0,639.2737773,0,23,0,10,0,21.35109936,56.21002735,1480,0,0,0,0,1069.902736,0,0,59,50.21762912,53,449.7639699,7277.512767,0,176.7099191,0,388.9243954
blk7,0,0,0,0,0,0,0,0,0,0,0,0,0,0,0,0,0,0,0,0,0,0,0,0,0,0,0,0,0,0,0,0,0,0,0,0,0,0,0,0,0,0,0,0,0,0,0,0,0,0,0,0,0,0,0,0,0,0,0,0,0,0,0,0,0,0,0,0,0,0,0,0,0,0,0,0,0,0,0,0,0,0,0,0,0,0,0,0,0,0,0,0,0,0,0,52,0,3392,1550,1720.329776,454,4589.921818,0,669.7597915,4,340.5967926,0,1392.310089,0,680,61,7922,0,0,0,0,9532,0,0,151.6591782,240.8492901,0,0,0,48,0,0,0,718.6604818,0,802.5154883,0,0,251340.9077,3058.717402,0,6.395739502,261.7369007,0,211,0,425.9251199,0,316.4625833,0,314,0,0,9049.096367,0,0,33340.49279,1081,0,1.336643398,0,0,34,2558.869916,31828.07762,0,0,129.1677594,0,4.388784918,0,123.3698881,190.0355005,0,108.9357751,0,0,319.7985554,303,10459,0,0,22656.02893,457.7826325,145.1039747,17863.01736,0,2354.130074,0,1.644490086,0,0,0,244.6400514,0,0,0,0,0,344.9261459,3950.681664,0,0,0,0,0,0,0,3,0,0,0,24,0,0,0,108.0266157,0,0,0,0,0,0,64668.6663,179.9228903,0,100932,319.3080691,0,0,6,1.059990656,0,0,0,0,0,0,0,0,1,0.796279636,0,0,0,0,2.778707253,0,845.207772,0,1000.98965,1.066533709,236.7364938,0,0,0,0,16068.74504,0,0,67,28.06769664,104.6665946,0,0,779.8473558,0,0,0.904862444,2.900584002,0,105.8014413,0,1.416895764,0,0,1.836532256,0,30875.05931,0,0,460.108713,0,0.571591206,0,126,0,0,0,123.3404606,757.7222174,6905.516801,0,149.6520694,0,83,0,2549.114029,0,498.3452857,0,0,1859,0,0,615.9767503,1.116798893,22,0,31,0,0,0,164,0,0,0,0,391.0496376,0,0.728389341,40,0,19,339.1776436,2373.03986,29.1733235,0,0,234.2288622
M86-98 QC Cortex1,0,0,0,0,0,0,0,0,0,0,0,0,0,0,0,0,0,0,0,0,0,0,0,0,0,0,0,0,0,0,0,0,0,0,0,0,0,0,0,0,0,0,0,0,0,0,0,0,0,0,0,0,0,0,0,0,0,0,0,0,0,0,0,0,0,0,0,0,0,0,0,0,0,0,0,0,0,0,0,0,0,0,0,0,0,0,0,0,0,0,0,0,0,0,0,2687,86260.56499,215327,698188,65405.54153,25828,948220.844,4863.124444,18121.90939,4208,167657.2776,69984.55992,659885.2545,0,3474,375,113095,0,0,1162.518708,138.8788022,161302,401.047074,27018.02653,78.77336264,2450.122952,297.6971596,1770.865266,0,1041,0,4047.175095,1591.879251,9337.191759,563.4985621,19971.31896,0,1049.726257,8514935.239,4404304.502,9196.056806,844.0688925,37741.16825,914.8666082,8666,0,1059.032295,3803.989948,66619.25575,899.1517198,59775,0,3179.254871,0,69911.51508,0,29041107.41,35359,174.7123786,144.0825105,5158.459853,8267.380461,483394,16360.44732,266615.6187,690.8255907,23643.47449,335.3705927,4843.121167,0,12365.72938,1145.71301,14652.71421,2824.774071,33790.56246,0,513.0965811,273079.9797,4854439,369064,0,4093.986995,4246524.464,0,1713.738027,124558.6137,5525.2985,156223.2558,87363.61436,75958.8611,0,4889.047926,1748.607371,98.94867599,685.0191932,5925.307063,209633.7996,6638.689501,313184.1652,930911.2259,18261020.34,0,1006.259477,6909.910695,301534.7045,2201.016718,113607.9006,21608.22893,317096,140.8031571,4480.525002,1045.96766,8184,7050.300431,186893.6278,8461.854312,126350.4045,3926.440557,5780.109571,213.3835945,4229.192046,1228.877293,77537.89114,8396381.416,179867.8526,87362.0304,1981655,32.08670656,31872.32156,890.9826407,2506,0,1456.878133,3978.492569,208897.2831,255830.4437,8782928.785,280.4755133,31304.50644,39117.52316,1702154,0,1788.088335,2744.004476,6994.407081,3907.782307,192129.637,29959.09911,414833.9172,521.1487071,1616.628314,5799.170005,102464.0633,0,2460.571177,1027.005653,4283.259198,1083614.038,14867.45901,5963.113536,64784,3026.451092,46439.19286,340.0360957,21782.17121,172435.2744,6410.440803,245.4476086,4556.915756,292842.2711,22023.20537,1174705.476,197.4181302,8678.330666,2190.854665,50455.90379,2073.379177,81231,2020019.825,85225.9558,0,355.9233278,0,1625.418471,1716.14052,24058,2257.040207,87076.56309,121744.1108,5241339.526,20491.11913,219509.9219,704.9728383,4586.833467,2493.040154,28563,88521.33341,1617935.907,0,462.7269849,0,277.725021,35447,0,1072.156259,17238.4532,3031.199778,132866,763.0655629,2802,1043.443146,18353.12652,7747.886786,141765,823.7011353,25135.03273,0,545.7737002,9769.993524,54.19155066,316.4582958,3049,757.9486305,4197,14805.49623,261257.036,511.2790772,8708.960787,220.6068024,1551.583295
M86-98 QC Cortex2,0,0,0,0,0,0,0,0,0,0,0,0,0,0,0,0,0,0,0,0,0,0,0,0,0,0,0,0,0,0,0,0,0,0,0,0,0,0,0,0,0,0,0,0,0,0,0,0,0,0,0,0,0,0,0,0,0,0,0,0,0,0,0,0,0,0,0,0,0,0,0,0,0,0,0,0,0,0,0,0,0,0,0,0,0,0,0,0,0,0,0,0,0,0,0,1607,96376.05953,205691,689611,67456.59932,25847,1023736.162,5333.41126,18170.16437,4655,168490.9294,76241.7992,653749.4105,0,4456,789,100065,0,322.1978101,1353.088788,114.0504119,174797,368.3242254,28423.80582,0,2346.661589,214.2453384,1978.573725,0,880,0,3723.628727,1542.064076,9890.254325,275.0648232,21076.23483,0,1303.161972,8627164.064,4484970.499,10433.91543,738.9347267,40094.56145,702.396405,6898,0,924.8198737,5147.61144,62158.40035,1253.737858,74551,196.8488554,3969.965523,608.0398943,62794.12856,0,27642386.18,41493,26.35882121,141.5824738,4756.619871,10824.6817,502225,25507.05048,234651.934,896.1296588,21580.37875,389.3023753,4232.665107,365.5612146,12489.4139,1686.310169,17390.72521,1628.739168,41461.08619,2.808782068,664.0252144,274303.9611,4017955,409130,116.3742309,4477.821795,4110431.806,0,763.7794792,239542.0184,5496.228051,192338.0167,63649.00448,89452.20033,0,4604.768031,421.2091451,0,590.8511784,4021.184287,232532.3667,6827.751516,334962.2092,984737.4162,14022275.09,0,1394.811053,5650.396565,277275.7384,1981.941789,106863.3899,17508.04437,239033,0,3392.339911,477.137392,988,2440.328447,133291.883,4144.548045,67603.71991,4082.005907,5069.093173,0,2063.499989,1963.679611,72434.82585,8928702.222,166952.0367,42399.37323,2234575,0,24240.33953,2516.580703,458,4.084300667,449.6731324,3603.418714,161183.1788,223362.3221,9192310.947,540.4456961,32983.8074,46872.75813,1580126,0,1591.88509,1803.648151,4876.563386,1922.013933,129309.1783,14448.50124,248314.0512,0,964.2202758,3163.597015,48089.00546,0,628.8462023,664.4513631,1873.494395,791167.1128,18187.03463,4163.416294,72591,2202.950223,38286.71493,366.4465283,22478.44235,105095.5878,1191.181243,230.9016191,5450.310585,208130.58,20264.76683,1023354.542,187.2062592,10055.84955,2041.052574,35433.2831,2096.031917,61672,1420296.211,51199.48661,0.544618484,365.8731295,0,2139.10344,1151.162242,19221,1870.801368,83340.68815,98715.34039,4035040.608,14073.00265,215600.3619,786.5670259,4811.108528,1619.663057,19073,76341.70649,1361963.837,184.016877,776.9216876,0,363.143241,34219,61.59092479,1479.898169,18739.14758,2690.921177,118120,669.9166031,1367,397.1376888,9952.557582,4086.716391,70139,239.6420334,19810.77809,0,786.5763444,8369.19083,830.560582,274.099004,3138,449.1417931,3945,13593.3296,184952.1874,803.379493,9445.608652,126.6706339,1649.468639
M86-98 QC Cortex3,0,0,0,0,0,0,0,0,0,0,0,0,0,0,0,0,0,0,0,0,0,0,0,0,0,0,0,0,0,0,0,0,0,0,0,0,0,0,0,0,0,0,0,0,0,0,0,0,0,0,0,0,0,0,0,0,0,0,0,0,0,0,0,0,0,0,0,0,0,0,0,0,0,0,0,0,0,0,0,0,0,0,0,0,0,0,0,0,0,0,0,0,0,0,0,1692,95106.56599,199165,709089,64409.41395,26765,1079668.2,5404.724728,18399.5866,4260,166039.9557,79413.91505,652888.131,0,4480,645,98816,0,484.7373331,1296.50948,359.3430608,166530,528.9098363,31674.37306,0,1635.753167,0,2032.77777,0,894,0,3300.437478,2624.707906,9523.336231,320.2394586,19865.53325,0,1299.322894,7960327.66,4134927.969,10393.94078,920.8645083,31626.33535,428.6314325,7179,111.7071282,641.2453788,4605.147777,53550.32296,1103.553379,70690,523.4370133,2640.660018,263.7170821,64152.46423,169.9191313,25907996.7,49346,0,0,4500.870589,10383.8201,529429,26766.89632,259661.2743,707.0146688,23586.6813,299.5982909,5527.247554,198.3868345,16048.65035,888.9951234,17435.80071,2777.148235,36011.46516,1.260746799,794.7348815,280165.9901,4242804,340053,326.4178835,4300.354081,3772470.732,0,1019.243177,87908.38922,3267.956133,175455.769,70072.52643,82999.78983,0,5325.373002,842.0357691,58.58568741,733.1936986,4424.596305,178918.4464,7073.947795,295431.4145,907699.5662,13768895.21,0,1891.041241,3915.930265,280826.4438,1295.737565,66794.85935,10552.60957,184378,171.3719837,3267.070117,0,4466,3950.43257,153148.2052,3462.542544,57388.39751,4165.762362,4023.263398,124.6377367,1842.011428,1888.828958,79546.47302,9705233.831,180281.637,48602.45939,2182672,0,26816.31902,4025.495893,2285,0,1038.606538,3781.697324,203042.2644,215905.8871,12728780.25,605.7643524,41800.60481,38834.61846,1599069,0,1913.249691,1363.503765,2788.739259,1966.807177,99693.2806,11360.64945,206888.4176,0,895.772927,1848.959234,38670.78655,0,883.5975488,155.378902,3676.779988,722155.8106,20781.90884,3188.02881,52868,2456.988607,28902.63212,600.1401408,20406.21794,113675.7913,6030.715713,33.16441935,3774.239738,178692.6948,24162.23084,1101318.784,189.6673558,5294.293425,3049.737505,43364.5687,908.9288354,55201,1030681.077,58892.89895,0,501.3542125,251.7980443,1237.230957,1038.125391,18654,2054.074891,78516.42259,68754.71849,3436434.957,16733.50127,243041.2084,1012.351496,2999.798969,1883.764718,16673,72919.15022,1002270.053,0,775.884912,0,487.2331587,33157,2443.388581,1638.405562,19741.57185,3031.119229,110370,525.5782068,960,634.0620389,8660.586087,4649.235462,56993,502.8029875,17489.04211,0,708.6493397,10910.64346,256.749249,202.4800342,3564,392.0331694,3205,13250.75666,211885.499,575.2307078,7071.90648,0,1717.812318
blk8,0,0,0,0,0,0,0,0,0,0,0,0,0,0,0,0,0,0,0,0,0,0,0,0,0,0,0,0,0,0,0,0,0,0,0,0,0,0,0,0,0,0,0,0,0,0,0,0,0,0,0,0,0,0,0,0,0,0,0,0,0,0,0,0,0,0,0,0,0,0,0,0,0,0,0,0,0,0,0,0,0,0,0,0,0,0,0,0,0,0,0,0,0,0,0,44,0,2090,504,899.5770819,362,4193.330669,2.051442766,424.1070611,8,386.0843006,0,1426.927154,0,335,70,7540,0,135.651664,0,0,8384,0,0,0,241.2072069,0,0,0,23,0,0,0,381.2133165,0,818.3274224,0,0,225736.3951,8050.847073,0,0,476.1745842,0,507,167.7674613,726.8359523,192.7192858,958.5449139,0,90,0,0,7011.690777,108.3009536,0,93938.0689,3531,0,0,114.5278351,0,1569,3755.134229,28325.84131,1.727181028,0,0,612.4034766,3.269562979,0,0,141.6998616,0,145.6687173,0,0,371.5975879,3386,12592,0,0,31248.54427,803.6684063,0,13934.51795,0,2005.615341,0,204.635482,0,0,0,32.55505739,0,0,631.3295948,0,350.3536419,2001.46734,16194.6818,0,0,0,398.2993648,0,0,0,44,0,0,0,2,0,0,0,0,0,0,0,0,0,58.9729146,68798.72678,565.4951229,0,98070,146.3820077,184.7960425,0,4,0,0.588941223,0,217.5310914,0,10049.50366,0,0,0,915,0,0,0,0,2.73933202,0,0,465.1513918,0,347.3946237,0,0,0,116.6606839,0,0,16976.49176,149.4292175,0,726,0,363.0402234,0,0,1766.970059,0,0,0,0,0,736.4959335,0,0,0,0,0,2,57387.3161,209.3884803,0,208.153935,0,0.53772542,0,6,0,0,0,2613.633984,310.5684045,6445.554443,0,281.1964456,0,37,0,2867.46752,0,350.3339422,0,0.775814568,1926,0,0,324.4544504,0,46,2.284789187,38,0.660955683,0,0,631,0,0,0.569499995,0,419.5874289,42.67334243,0,90,0,89,248.4498821,3830.372319,0,0,0,317.3002873
M86-Cortex 1460,0,0,0,0,0,0,0,0,0,0,0,0,0,0,0,0,0,0,0,0,0,0,0,0,0,0,0,0,0,0,0,0,0,0,0,0,0,0,0,0,0,0,0,0,0,0,0,0,0,0,0,0,0,0,0,0,0,0,0,0,0,0,0,0,0,0,0,0,0,0,0,0,0,0,0,0,0,0,0,0,0,0,0,0,0,0,0,0,0,0,0,0,0,0,0,1943,94548.587,191086,891870,67276.67061,29333,1009772.176,4603.337849,19131.7997,4581,161604.8832,79194.61745,636038.6017,0,5609,517,124986,0,252.7019802,2194.634961,312.9826123,177135,432.8299925,26620.0661,0,3531.350939,335.7883586,2766.392796,0,569,210.6749783,5326.507671,3235.225755,12042.12566,361.1239791,16081.78878,87.2187159,2042.975143,7136926.175,3952596.506,10137.53406,1471.776673,41705.77053,1148.145484,10262,0,1548.983318,5997.253172,64560.44576,1749.70682,78998,222.8150818,3849.33284,0,42754.02462,0,23486066.03,0,376.416163,0,5547.118005,10393.61708,605370,24658.1028,331342.9227,237.3116548,30891.92169,321.7680632,7321.676634,138.6806392,25163.7491,2576.917855,22364.23661,2301.209126,43788.25857,0,429.6196587,298097.323,4395911,370849,220.6833731,6088.266368,3964357.782,169.1271018,664.3786118,91643.26358,6256.384483,151285.7142,117803.5102,94725.82872,0,4337.665713,1696.557823,46.98673552,1530.087811,4963.517616,250741.3159,7417.991915,313073.1205,1215380.455,20499135.53,0,1661.429696,11291.4857,389575.1364,2901.062803,151444.7813,28207.43796,315765,0,8241.086494,204.7225605,15305,6063.627689,305296.2206,9504.549883,143354.343,3501.329755,9482.513833,213.2980168,4963.70305,2215.901538,99405.22039,12205306.39,238104.2065,122592.1056,2482376,0,37863.89773,2727.059136,1521,0,1405.216867,4124.665097,238335.1216,302767.82,13147557.9,1570.053235,44598.50018,54382.29859,2314917,317.8180544,2999.929736,2901.903737,8221.343293,5952.963605,319166.101,38935.45767,573520.7929,152.4777117,2789.677877,9103.662725,167617.6675,0,3397.843361,205.7312738,5997.113836,440981.7488,30582.35521,6279.168801,81182,4007.71993,58388.14081,651.3904789,35809.09605,211791.6747,10728.79239,17.703587,8762.891167,465677.9933,43519.18527,1596126.109,294.9987123,11303.44391,3148.564731,69249.92264,2091.391519,137725,2139614.187,125250.9368,0,272.5297513,135.7561458,3131.955556,1884.741671,24637,4112.607991,121096.6527,186720.892,8101870.461,30250.53257,371880.5896,1490.472796,6274.01627,2901.763701,37242,140105.2805,2329085.39,184.8392016,1154.373439,0,656.9133364,37062,960.0281791,913.9380129,19378.98966,3865.679885,164965,1156.482585,3949,1710.708284,32740.75178,17052.18112,196628,595.0056745,47244.28459,238.4702987,1346.790125,17090.31552,473.0774922,366.8244742,8299,571.7558381,7577,30548.43445,465139.472,1215.238706,15780.81648,189.9058942,2859.304811
M87-Cortex 1461,0,0,0,0,0,0,0,0,0,0,0,0,0,0,0,0,0,0,0,0,0,0,0,0,0,0,0,0,0,0,0,0,0,0,0,0,0,0,0,0,0,0,0,0,0,0,0,0,0,0,0,0,0,0,0,0,0,0,0,0,0,0,0,0,0,0,0,0,0,0,0,0,0,0,0,0,0,0,0,0,0,0,0,0,0,0,0,0,0,0,0,0,0,0,0,2464,139010.8849,206760,973007,62287.81734,34947,1020234.099,4850.333587,18115.99831,4127,174758.8819,82015.93871,703309.0684,0,5093,628,155217,0,487.8065606,1804.556859,529.0093448,281730,639.4929316,48318.04029,0,2730.107672,307.3842758,3266.941367,0,1011,0,3883.136932,2267.333156,13320.79487,609.2622014,16300.18924,0,1524.937732,7378130.63,3847810.408,8348.030234,463.1581673,28823.9514,679.6616515,8397,0,1220.720257,6946.072053,83390.89781,1346.387718,91840,261.4560508,4858.058031,0,59001.8466,0,29078924.55,34367,57.87830182,0,5533.429237,7390.775168,420018,25019.66537,334881.288,1067.616217,21824.51173,655.4231535,5965.738383,842.0943663,16492.28912,2361.313257,23567.94255,3800.680453,44059.20101,0,693.6612576,408336.4608,5534484,349900,277.9503467,5685.765841,4051599.886,0,547.7801059,214654.1498,4986.849566,547273.6504,84248.84628,91149.31302,0,4586.356096,1571.237513,163.9306182,1168.090678,3556.157057,176410.5686,6931.052866,165579.2799,1481377.043,29342503.67,156.1735082,2599.500136,7319.36359,411243.5811,3327.744029,162922.5439,30437.82958,351437,273.087619,9157.442172,59.19067674,9262,4684.190158,161097.7566,14158.31797,189986.9757,1531.859266,6536.999964,457.4040003,5893.81462,1613.78465,100804.4602,9000279.517,216688.6747,137763.3556,2439261,0,27768.62523,2284.591708,2784,0,1541.514727,3482.547573,214089.6255,229101.4603,11953397.3,339.5582127,31200.16844,39121.85288,1700192,0,3129.358004,2299.564149,10473.14029,5937.981282,272803.1185,50337.67423,510411.6082,0,2628.719309,11397.26812,140299.4957,317.2549104,2523.269687,890.7111945,5696.767938,1046236.374,15531.274,5685.180944,115746,5339.505438,71867.44512,315.8995049,21845.09594,194744.8041,2801.290247,258.0380328,7113.599581,291706.0707,30027.90687,1191784.033,161.5767914,12072.14513,3860.215596,64020.42392,2083.583729,97795,2458292.333,101333.894,0,832.315045,0,3850.011871,3477.908779,43260,2695.333053,136887.0871,132494.8619,5129192.939,27229.11577,405753.5765,1753.081342,7454.389018,2460.433195,38453,190755.3381,2700171.112,0,610.1666126,0,458.7919468,34915,334.3287435,1974.881377,30169.96623,3450.251248,125882,1325.49321,3243,2661.602307,29568.97918,12112.82956,225941,738.6873999,29399.81357,158.8962962,2086.803983,21611.49635,751.2426911,533.1805443,7987,1624.446821,9513,28079.457,509878.6837,1584.042212,22131.3918,244.0155031,2605.634216
M88-Cortex 1462,0,0,0,0,0,0,0,0,0,0,0,0,0,0,0,0,0,0,0,0,0,0,0,0,0,0,0,0,0,0,0,0,0,0,0,0,0,0,0,0,0,0,0,0,0,0,0,0,0,0,0,0,0,0,0,0,0,0,0,0,0,0,0,0,0,0,0,0,0,0,0,0,0,0,0,0,0,0,0,0,0,0,0,0,0,0,0,0,0,0,0,0,0,0,0,2980,145444.8212,214090,1248499,67514.02092,45978,1079935.075,5304.419138,18653.31517,5494,184658.4909,85868.72826,783769.8637,0,8564,674,270023,0,842.220192,4199.907125,718.3794839,388837,1170.3698,41898.77069,0,6551.671314,172.6076833,3509.171356,0,1385,0,7116.17696,4152.132851,12243.80469,555.3803349,20565.41143,0,1339.827404,9196466.731,4543508.508,9452.667675,733.3954543,43034.6369,687.7124652,8689,0,470.5807809,5850.017646,93985.89497,1375.460198,104091,260.5672329,4409.17078,0,59566.53577,0,23697167.04,40674,70.57811075,0,10241.08139,10607.96136,591824,20058.19233,354280.078,962.1474835,30020.84561,611.8551479,7595.602291,801.7135188,22732.40944,2051.573673,16061.45212,2110.891051,42889.01019,0,502.9185832,326936.2785,4187954,479695,238.2871992,4406.497721,4288952.708,0,769.5110479,175114.8237,8208.309115,673223.4167,104706.6774,119051.4384,0,7622.465938,2754.090576,174.5940293,1793.429076,6630.838626,267856.7233,8643.008843,469767.5909,1244547.079,24709215.72,0,1857.41028,11544.81627,603529.4081,4994.450661,205919.3113,24976.80923,376463,441.9996937,8151.468675,466.2223298,17460,8405.280166,404536.1354,9684.045753,133429.5343,3349.161816,9993.406433,420.2312477,6631.020047,3113.351127,98048.7897,13937481.98,262473.7876,141632.1014,2881763,0,48070.04032,3190.982398,2360,0,1349.656747,6908.361929,328670.6615,383837.092,17986754.44,1022.8771,54361.42615,68285.58336,2631698,0,3021.012765,2442.490926,11043.40143,8389.346076,484970.2546,39793.70353,605689.2676,0,1745.363006,9592.386624,184624.0155,210.8332124,2627.773339,337.5857733,8537.316414,1965522.337,53546.9739,6658.261915,130679,4531.454698,51347.38526,1010.024515,57974.93086,350597.8947,12218.36938,43.32186309,18653.31178,544625.0669,65325.20976,1963499.73,455.5402188,15094.4575,4181.913765,52501.59331,3093.868525,147073,3836705.386,190363.2939,0,227.1724026,0,3584.416917,2797.804407,46267,3765.950929,175048.617,228168.2772,10009513.65,35554.18107,470337.6154,643.3582367,9438.276615,3235.893071,46598,141036.8803,2675795.72,0,1692.754393,26.84260007,314.4914923,77171,819.1819812,2333.07713,32872.42799,7542.534652,297019,1043.118491,3058,2056.710363,41683.72012,18193.7422,279362,1649.290617,72164.48968,140.6390869,1163.674436,47344.934,1593.360334,742.3313792,9599,1527.551577,8440,37922.07672,564886.714,1541.02304,19241.20795,280.7577729,3124.975989
blk9,0,0,0,0,0,0,0,0,0,0,0,0,0,0,0,0,0,0,0,0,0,0,0,0,0,0,0,0,0,0,0,0,0,0,0,0,0,0,0,0,0,0,0,0,0,0,0,0,0,0,0,0,0,0,0,0,0,0,0,0,0,0,0,0,0,0,0,0,0,0,0,0,0,0,0,0,0,0,0,0,0,0,0,0,0,0,0,0,0,0,0,0,0,0,0,108,32.99888328,2328,355,1122.701255,117,3468.85697,0,176.7075035,28,298.2675282,99.58007686,1276.385613,0,394,57,7114,0,0,0,0,7798,0,123.0423086,171.6008782,209.1222705,0,0,0,28,0,0,0,573.478852,0,802.2910926,0,0,310588.3664,8551.936867,0,0,637.3627532,0,195,0,609.9962618,0,685.0755242,0,45,0,0,7646.045116,627.5057496,0,117630.4606,3699,0,0,0,126.6521299,3300,1943.144073,27384.3105,0,43.0260623,126.6324252,238.4298255,0,0,0,345.6301211,0.370390702,307.9509153,0,0,394.4690877,6606,11922,0,0,30282.0186,743.53916,0,14904.64782,0,3666.293398,238.334171,120.141652,0,0,1.762305863,0,0,0,468.4423059,0,803.9166051,2074.822529,30707.03539,0,0,0,238.6852729,0,0,0,663,0,0,0,2,0,132.9682196,0,2.085442644,0,4.387900421,2.146952145,2.049446794,0,195.740632,68849.03068,92.47973123,0,79921,0,0,11.24997243,2,0,0,0,393.6861385,0,15424.47005,0,0,0,2545,0,0,0,41.06707027,0,0,120.3572784,784.8405757,0,253.2680664,0,0,0,0,0,264.5550731,21426.8353,175.1985958,0,255,196.3338285,362.7491443,0,0,47.75058186,0,0,0,0,0,1377.27781,0,0,0,126.4195295,0,181,27195.55941,81.34258824,0,0,0.989073523,0.753100492,0,119,0,0,0,2417.014882,232.0410982,6814.373987,0,77.45220507,0,9,449.1261722,3854.664904,0,489.3228206,0,0,2412,35.8142462,0,442.9991942,0,269,1.289322659,22,0,0,0,310,0,0,0,0,534.446839,0,0,23,0,14,306.6565871,2504.585728,0,183.2263078,0,273.6396274
M89-Cortex 1463,0,0,0,0,0,0,0,0,0,0,0,0,0,0,0,0,0,0,0,0,0,0,0,0,0,0,0,0,0,0,0,0,0,0,0,0,0,0,0,0,0,0,0,0,0,0,0,0,0,0,0,0,0,0,0,0,0,0,0,0,0,0,0,0,0,0,0,0,0,0,0,0,0,0,0,0,0,0,0,0,0,0,0,0,0,0,0,0,0,0,0,0,0,0,0,2350,118692.2303,213882,944387,64236.90499,33243,990839.2169,4822.103517,18327.49898,4598,171337.7601,76645.95449,680092.851,0,6669,581,179565,0,372.842077,1856.242543,388.513919,272232,891.5562392,33897.19689,0,3611.699791,116.8795539,3162.891884,0,989,0,4964.99892,2853.927219,11983.52977,251.1890243,23423.67522,0,1493.771143,8465138.142,4601058.02,9209.621227,650.7299278,39628.34614,354.7928755,9247,0,420.6161478,5938.860022,76461.28578,1111.677675,80034,109.0456191,3440.205992,0,59411.72283,0,26209781.35,47252,43.42129376,332.3440001,7865.819592,11895.2894,687626,17085.56102,275577.2364,886.6089428,27896.93877,475.6738475,5119.573594,259.7167725,18010.56233,1219.916426,16566.16633,2973.579263,39116.60873,0,164.2039874,304406.6086,4917082,432832,277.5151479,4741.114665,4782761.551,274.2861176,826.7052862,164664.2584,6670.078625,461403.1733,93103.24356,111313.3317,0,6297.94015,1878.511871,94.15465096,1478.101347,5395.618727,247278.0611,7760.181376,376442.5435,1128606.299,17058862.02,160.1581883,2533.749896,9428.431378,530180.0159,3529.754026,169821.7803,21278.96912,232859,163.0375087,5650.106941,188.6735701,8671,6323.39036,234613.2898,10933.08846,139032.2511,2272.538184,7619.255307,0,3156.614781,2333.491495,96931.03078,11356579.75,274294.4107,121171.4061,2600715,0,36408.35067,132.8662814,2113,0,1020.857611,5751.997174,200989.687,313781.1413,11922519.12,905.9338971,40190.30724,50113.2132,2681958,0,2978.581237,2291.78745,8328.419298,8165.561599,347994.1728,30686.07724,425425.418,0,2260.901441,7738.904233,101313.5624,191.4377106,2237.786242,276.6368892,6462.999499,1305735.643,35342.3277,6025.604364,89198,3728.566176,67740.03902,362.0406187,35818.32402,90669.87046,10691.92321,29.63332656,10683.70809,387100.8193,42689.12392,1624554.021,165.1877311,13950.76953,2974.755298,51699.14679,3269.909433,151359,3005520.431,113203.8937,0,0,141.6449296,2754.671637,2995.833416,31523,3543.668078,107448.9671,173150.6478,7294382.879,19542.82783,309779.5358,1629.954863,8110.648228,2832.417025,27252,117732.6658,1632259.775,100.789146,1042.027414,40.75181728,590.0366706,53527,443.1063453,2289.081648,29228.45321,3173.129926,166669,888.319132,1256,1396.751692,20869.82353,10746.40707,148910,735.3544253,39427.50257,0,1100.897424,26611.15475,43.80325604,421.1853985,6138,809.3897752,5314,27225.98412,370556.5712,1105.613606,12253.14095,196.045186,2078.494085
M90- Cortex 1464,0,0,0,0,0,0,0,0,0,0,0,0,0,0,0,0,0,0,0,0,0,0,0,0,0,0,0,0,0,0,0,0,0,0,0,0,0,0,0,0,0,0,0,0,0,0,0,0,0,0,0,0,0,0,0,0,0,0,0,0,0,0,0,0,0,0,0,0,0,0,0,0,0,0,0,0,0,0,0,0,0,0,0,0,0,0,0,0,0,0,0,0,0,0,0,6443,326102.6809,550335,2736155,169288.7169,94480,3104254.941,14766.54107,61308.00909,17157,724187.9886,308274.4871,2685928.504,0,23578,1446,712128,0,2258.508837,12569.08516,1842.43377,1118236,2866.951378,182377.3435,401.4584776,18879.95588,525.571228,9371.386101,0,4164,0,7464.303257,4672.739228,12859.65083,871.329078,28624.55278,194.2213361,450.9513903,13727124.21,5731502.782,14311.33812,1016.562002,29674.72875,710.0769555,12043,0,1024.860812,11101.17049,122220.6415,1293.135899,101055,104.1312782,4896.754722,0,67290.65301,254.838317,33337886.69,38744,246.3791862,474.9896239,7429.412337,12450.67941,671236,18511.9732,339880.2833,515.2387497,29645.57727,127.5869409,5051.529792,205.6420181,21312.0637,1137.232766,18414.87568,3437.144634,52205.86221,0,1527.955637,497476.8485,6654219,507897,0,4985.732165,4259488.354,0,1333.220579,125195.19,10990.35896,778256.0588,93861.70487,116767.4402,0,7023.006586,2610.253792,0,2463.720021,7561.660725,335342.8818,14808.9415,563991.5194,2037918.471,33221847.28,0,2821.076828,14463.81172,796507.9258,6632.738726,190652.7143,38794.57994,478276,561.1877128,12687.95014,0,24042,13241.79039,459396.8366,18575.65459,231960.4428,1609.723956,11391.70214,362.1844,8306.732976,3049.13026,97531.10656,25665976.99,425856.3122,207162.0523,3594242,0,53318.57941,727.988107,1763,0,2157.736759,9167.884232,356527.4925,490754.4404,22203303.92,1492.296211,58145.82989,92106.03678,2562702,144.3584027,3907.860216,5880.501486,13554.7402,10255.45583,500773.7894,76176.71315,828782.2665,440.803594,2902.226808,13724.7362,234235.1482,406.0571615,5015.939046,1116.679319,17018.08095,3405151.659,75011.29398,12805.00855,193248,7214.41527,121908.1194,1302.680011,67932.62923,64682.68108,8542.76967,0,25487.57845,1203425.424,83851.02398,3704054.278,734.521248,17513.44804,4847.929841,78620.83304,6684.484715,173558,6067668.574,233966.2496,0,833.0489089,482.0890851,5278.352234,5690.134861,67407,7633.981945,260692.3811,390336.8436,15926973.76,58390.8918,769318.5118,1248.280047,14042.37733,6700.557505,63565,252846.0152,3415122.629,0,1061.013832,0,1216.348843,245232,0,4111.712236,85222.61915,16204.09538,714297,2738.446441,9409,5937.525361,87493.92776,46096.2779,575472,3089.40023,119971.0942,203.3903025,3450.948263,79452.74242,223.2045547,1500.28228,19929,3217.367745,20321,77133.79588,1119702.973,3528.819629,48490.77803,495.3304008,5471.093318
M91- Cortex 1972,0,0,0,0,0,0,0,0,0,0,0,0,0,0,0,0,0,0,0,0,0,0,0,0,0,0,0,0,0,0,0,0,0,0,0,0,0,0,0,0,0,0,0,0,0,0,0,0,0,0,0,0,0,0,0,0,0,0,0,0,0,0,0,0,0,0,0,0,0,0,0,0,0,0,0,0,0,0,0,0,0,0,0,0,0,0,0,0,0,0,0,0,0,0,0,2012,110123.3812,180519,844970,52513.74353,30135,843785.143,3738.844236,15233.29083,3381,138792.0182,62222.44356,562008.3044,0,6499,536,200688,0,604.6651471,2304.308088,234.3081532,338369,816.686347,36978.98468,224.9521448,4689.419042,0,2300.572437,0,1079,0,5199.224997,2947.312402,13095.00873,739.3292698,26450.74022,0,2003.627051,8872098.848,6338640.732,13565.13111,1016.135373,44931.03446,538.6286743,6257,0,666.8102784,5348.14463,76934.76319,1609.585086,100968,327.0528717,3508.752241,107.8005837,66364.57111,113.392406,33086215.15,71146,27.59855845,342.8885792,8249.370659,11311.60924,512322,15285.65348,171733.6322,622.330102,34512.08996,241.6331799,3917.393546,0,19592.34293,985.6573051,12926.21053,2300.125336,30757.65564,0,451.73194,245995.9933,4383983,636174,106.061857,4902.779284,5118454.546,0,1330.915141,257525.8833,6079.395023,639574.1405,100524.5198,106172.6042,0,8329.205222,2468.294915,40.51350974,1383.793325,6125.947843,272971.9703,11746.8944,436662.304,881045.2848,15524912.07,0,1273.873273,8845.639672,424339.8711,3116.021219,155971.0452,18847.44885,211909,0,6416.332989,760.1285545,19185,4656.73331,271691.8202,7045.468366,107329.5019,3416.855759,7415.767524,0,2832.701973,1907.708273,67491.74349,12038743.89,235487.2307,130530.0843,3156753,0,36530.17833,2274.566687,1884,0,1513.580405,6485.25303,264727.0634,302611.6704,14460973.81,0,38036.40206,55515.60255,2021953,0,1471.012936,1094.867881,5713.632977,4571.713304,255108.4324,20639.17777,376363.7992,229.8526519,2168.748751,5132.056797,90537.05972,0,1005.418077,383.0052461,5764.528501,1490496.873,34395.24673,5142.01384,82791,2887.719199,69133.0787,307.0025995,29272.04588,328669.4535,4979.784981,0,10721.29467,403140.8085,37153.66011,1792237.748,403.4033397,6196.434026,1841.060631,36599.3347,2803.263058,125491,3026775.839,133472.5062,0,257.0865758,0,1239.87708,1598.688165,26734,2995.954192,126193.5552,185658.4231,6176376.983,17047.37424,235184.8552,1653.49823,6081.82151,1959.162866,19925,84360.68936,1270419.001,344.0318018,1135.321508,0,513.6761108,49741,414.0510492,1749.666431,23724.25428,3427.39065,184163,1322.049965,1918,1331.146038,17755.86939,7783.130143,130091,714.9870653,41566.92949,0,1173.626203,26613.11241,787.3783143,309.1839448,4461,947.9398041,4027,13558.83553,238104.3598,687.9451506,8368.285871,0,1936.33395
blk10,0,0,0,0,0,0,0,0,0,0,0,0,0,0,0,0,0,0,0,0,0,0,0,0,0,0,0,0,0,0,0,0,0,0,0,0,0,0,0,0,0,0,0,0,0,0,0,0,0,0,0,0,0,0,0,0,0,0,0,0,0,0,0,0,0,0,0,0,0,0,0,0,0,0,0,0,0,0,0,0,0,0,0,0,0,0,0,0,0,0,0,0,0,0,0,148,294.0157208,2106,909,854.5595554,90,1512.744766,0,462.5134536,12,299.9402601,213.5400812,1315.542184,0,752,17,8640,0,0,0,0,7507,0,0,0,171.5541827,0,0,0,0,0,0,0,508.31999,0,617.2715882,0,0,223330.3089,13395.81913,142.4264786,0,385.4120797,0,283,0,510.868709,0,1219.60132,0,555,147.5540458,0,6571.082318,164.3942525,0,125536.3364,508,0,0,0,0,3504,1961.271772,30335.76312,0,0,0,500.2293409,0,175.3111603,0,172.5781023,0,0,0,0,432.9449531,6360,11843,0,0,32165.53435,937.3938334,0,17282.68192,0,1700.953223,637.1155048,282.553387,0,0,0,166.9781368,0,0,463.5362703,0,241.9234902,2525.059056,21274.56775,0,0,1.193940641,341.2858103,0,0,303.1169362,234,0,0,0,1,0.509718397,0,0,23.3803323,0,139.964121,0,0,0,0,64144.64443,239.8021111,171.5925276,84436,267.2628347,0,0,12,5.200650387,0,0,316.7331887,292.9211079,22004.65232,3.079001478,0,0.130549274,2687,0,0,0,0.764863171,0,208.3697046,0,264.6934192,0,721.1165825,0,236.1867918,0,0,0,0,12058.02321,213.3699965,0,440,0,246.8305606,0,0,414.5834153,55.98435993,0,0,432.0458075,0,1950.372261,0,0,45.58034382,40.4491143,0,148,33332.77847,119.4292335,0,48.43406425,46.09671253,0,0,57,0,0,0,3001.532301,666.7497965,6412.515865,0,97.08236728,0,90,692.1395371,4688.241658,0,528.7453085,0,1.059715134,1345,480.5693274,0,633.3168123,106.0779259,30,29.89255624,68,0,42.29542233,84.09257064,385,0,0,0,0,298.5423699,0,0,0,0,29,186.3952763,2377.590775,0,325.2257702,0,260.3840672
M92- Cortex 1973,0,0,0,0,0,0,0,0,0,0,0,0,0,0,0,0,0,0,0,0,0,0,0,0,0,0,0,0,0,0,0,0,0,0,0,0,0,0,0,0,0,0,0,0,0,0,0,0,0,0,0,0,0,0,0,0,0,0,0,0,0,0,0,0,0,0,0,0,0,0,0,0,0,0,0,0,0,0,0,0,0,0,0,0,0,0,0,0,0,0,0,0,0,0,0,1795,126129.1408,210843,921015,66364.84773,33831,1076533.531,5043.050267,18416.33424,4098,172974.6583,79597.01919,692275.0026,0,5297,598,145713,0,306.5899384,1338.133144,329.9934577,201528,669.2885574,44162.39436,100.4793289,3251.756444,152.0739075,2549.742516,0,532,0,4433.496965,2287.18348,10448.69968,370.3231524,26809.75652,0,646.6650761,9202977.635,3855933.013,7581.458384,737.0107058,32508.2687,1115.440101,9162,0,1287.037057,5128.981655,76685.94109,768.6373554,78131,290.2603731,4443.997307,0,63071.34,231.6468403,28261418.54,4011,42.5841083,0,5489.193853,10190.13963,411727,23230.74992,344843.7977,472.714926,24013.30156,367.7957404,5799.735636,0,14146.23965,1559.951714,23269.05004,1763.995229,44006.66929,0,740.8821998,346043.887,4945093,353271,280.3259304,4773.834657,3780357.509,0,152.4048944,40177.06586,4671.215671,478395.7292,76793.16554,73958.06122,0,3588.594951,894.3760931,0,451.54363,5221.047698,187038.6284,7112.291805,299663.2052,1159560.017,23441209.26,358.3116107,2438.849477,5539.461186,298770.8527,1756.975898,112228.534,30318.16393,296869,0,7529.510248,343.0062937,10575,5085.578197,294518.2481,10083.00346,132234.8855,5658.665044,4810.773798,0,3531.118557,1327.804366,100976.6096,11543775.69,199243.6186,92920.80171,1919980,0,30178.79301,1677.195459,2219,0,1023.954317,4728.585347,179756.1358,252521.9823,11511211.78,521.8075277,45345.85925,41173.94309,1531131,0,5783.843574,4279.906157,9886.289094,4018.046353,194932.9015,51305.74739,701517.629,109.8772772,1797.498522,8690.155298,134106.989,0,1362.10937,429.4022501,3845.683596,1006327.318,24695.74326,3600.934448,95804,3450.188204,69385.25498,82.15611779,23103.75529,183440.3244,2.070847412,0,6875.943336,307697.5904,28982.47026,1323947.399,158.0195983,8719.176168,3193.757371,55163.33401,1327.927608,95778,1755518.98,106046.9358,0,788.2791289,0,2758.879445,1786.422511,27009,2611.83414,94868.93063,122533.0408,5300420.524,26743.48762,309677.8352,1194.07301,6054.456382,2362.770068,30955,113396.6615,1670643.177,122.7908371,1550.531975,23.16201879,339.2249379,11375,145.0353839,2124.020038,19958.69989,2302.414728,119052,1150.665027,3482,2000.910966,24365.39331,11211.48457,166263,307.4004884,27770.92202,0,860.5653658,21027.85752,67.59579328,474.0215248,5883,1039.648364,5169,24783.28138,365734.2063,1411.452264,15492.19215,0,2238.177733
M93- Cortex 1974,0,0,0,0,0,0,0,0,0,0,0,0,0,0,0,0,0,0,0,0,0,0,0,0,0,0,0,0,0,0,0,0,0,0,0,0,0,0,0,0,0,0,0,0,0,0,0,0,0,0,0,0,0,0,0,0,0,0,0,0,0,0,0,0,0,0,0,0,0,0,0,0,0,0,0,0,0,0,0,0,0,0,0,0,0,0,0,0,0,0,0,0,0,0,0,6273,390275.7417,586558,2396269,164669.9779,76908,3460814.95,14587.99359,56587.34847,17605,636364.8672,295685.5111,2827357.395,0,15871,1655,552194,208.4784807,1675.761087,9121.989868,1167.81519,813060,2219.6032,128416.9724,225.6148628,14839.04698,665.539153,9184.721818,0,3169,0,7152.615341,4159.119886,12036.16108,591.7861696,22499.6468,0,1329.408483,11162422.23,4510646.204,10962.59199,405.1000379,34430.5355,1099.893804,12102,0,898.7284426,10069.35962,134842.4831,1243.33472,101011,0,4737.068687,0,48835.42657,87.75952291,25922926.02,34176,513.6034572,0,9772.289153,11231.06791,593680,32295.20462,354868.6542,1371.619337,38955.72081,891.1553122,5782.081049,638.2567746,34565.99155,1644.423261,20604.6577,4061.019169,48739.56705,125.1342413,1323.960527,516168.1707,8963342,347975,0,4737.737567,4702881.44,0,1091.385965,118928.3748,8769.451401,84509.63813,85284.17639,130739.3885,0,10239.73603,4351.880659,75.59855633,2074.800682,7698.065891,400621.7423,13761.69713,478875.4011,1969452.408,26723842.66,400.6479211,2538.936311,17521.2487,739830.7149,6281.061053,256879.755,46887.36879,434752,520.4651021,11362.1847,297.0991744,17658,8894.246443,466080.2866,19002.62459,292611.6949,3069.861864,11849.57391,933.6782222,8484.303169,2617.356486,129548.0677,19962130.87,329366.2602,221258.8648,4186347,0,64945.61613,375.3665519,2615,0,2022.159538,7526.796819,342945.4371,460697.4314,19535795.17,1427.238313,53354.88398,70609.24603,3298530,0,3637.805838,7394.347065,14117.4965,7895.448344,543598.6951,89359.0735,1098616.884,0,2655.555636,14739.83685,236591.9479,0,5253.544942,629.0476953,12044.86215,3268272.297,68764.68772,10904.81196,213532,7875.705999,112483.946,1192.19112,62024.56446,492527.6181,9827.062797,8.046152387,19929.68518,863766.741,84002.57115,3211880.639,986.6738987,20333.13729,5594.678377,92240.19689,5026.057023,194979,5312230.371,217739.0156,0,518.140189,122.7761261,5610.141012,5329.710077,101955,5907.642067,243208.5207,292826.8304,11407216.05,50865.28296,783355.8251,3386.13291,14798.15251,6296.916631,67343,289191.6325,4681580.064,0,1911.279398,172.0608912,1508.466551,152933,0,5372.85996,78981.58699,10416.89133,442273,2760.56429,7599,3895.519931,72523.28243,39468.85607,465912,1666.861481,106873.0614,110.6598104,2546.67967,45099.85737,99.12644301,1221.688929,16817,2552.471007,21782,86690.46286,1173175.374,3339.440076,46219.70974,298.8479857,4711.886341
blk11,0,0,0,0,0,0,0,0,0,0,0,0,0,0,0,0,0,0,0,0,0,0,0,0,0,0,0,0,0,0,0,0,0,0,0,0,0,0,0,0,0,0,0,0,0,0,0,0,0,0,0,0,0,0,0,0,0,0,0,0,0,0,0,0,0,0,0,0,0,0,0,0,0,0,0,0,0,0,0,0,0,0,0,0,0,0,0,0,0,0,0,0,0,0,0,57,895.2747538,3960,1453,1535.882411,84,4238.539926,0,928.8407087,22,436.0556106,181.765946,1440.207203,0,366,58,8324,0,0,0,0,5915,0,0,178.7595899,344.3541955,0,0,0,21,50.92961077,0,0,1212.345693,0,684.2699407,0,0,200708.5822,10494.43477,0,0,463.7999451,0,103,0,298.6122878,335.8628935,685.2935143,0,649,0,0,7639.916231,135.3422329,0,149116.4341,2934,0,0,0,0,2818,2523.821541,24392.52497,0,155.4377467,0,351.7331699,0,0,0,0,0,0,0,0,467.4468838,6518,10834,1.110365805,0,37039.80264,451.0709709,0,9159.955967,0,436.9995258,38.70878783,304.9157974,0,117.8923754,0,113.1307996,0,0,625.6571226,0,465.4461015,2636.794166,30405.31548,0,0,0,309.051525,0,0,0,582,0,0,0,1,0,0,0,54.5549811,0,0,0,0,0,0,56611.57556,417.2605299,0,86984,0,167.1745577,0,29,0,0,0,0,235.6569509,15464.86445,0,3.202903377,0,1815,0,0,1.413275566,0,0,153.3363986,0,876.961773,0,322.6860958,0,52.34983357,0,0,0,0,15572.05783,533.3261753,0,154,0,334.8733832,0,0,732.9114317,226.9678676,0,0,0,0,1925.061328,1.608920666,0,0,253.1508205,0,41,33216.959,61.29804995,0,267.3627547,0,0,0,11,0,37.78516961,0,3028.064068,313.2295142,7529.775545,0,89.27236874,0,16,105.0421672,5113.062569,0,445.9102493,0,0,2435,170.0153839,112.0676239,0,0,270,83.33715709,20,0,0,0,74,0.740123903,0,0,0,263.3368466,0,0,12,0,49,503.8506238,5097.52928,0,291.48757,0,307.253203
M95- Cortex1981,0,0,0,0,0,0,0,0,0,0,0,0,0,0,0,0,0,0,0,0,0,0,0,0,0,0,0,0,0,0,0,0,0,0,0,0,0,0,0,0,0,0,0,0,0,0,0,0,0,0,0,0,0,0,0,0,0,0,0,0,0,0,0,0,0,0,0,0,0,0,0,0,0,0,0,0,0,0,0,0,0,0,0,0,0,0,0,0,0,0,0,0,0,0,0,3199,219796.1318,568913,1689676,182643.339,61761,2928323.198,14710.37769,57819.47384,14260,545575.7374,263096.9132,2539627.214,0,13318,1397,478297,97.29779414,1212.092944,6480.544827,1165.540205,770182,2155.255659,91216.28794,263.6840629,7569.1763,568.7443194,5518.853464,0,3168,0,4667.370546,2850.28797,16785.81614,577.4281406,25666.25823,0,1386.090177,9895862.644,4310033.635,11115.39895,413.2740175,30726.141,1022.378448,7030,0,849.9883335,6421.296052,103637.1251,1070.151154,93501,485.2757547,5545.36163,0,56659.14576,0,25253725.66,50586,452.5887167,0,5943.713715,9600.519474,582321,24464.62319,353082.5132,369.0426791,30856.66417,263.6198013,4630.146862,315.7852131,22011.61551,472.2324877,17792.85805,3819.519452,48611.23651,0,1001.282163,563943.7175,5814813,349077,301.0008767,3440.308456,5256312.265,0,1652.160957,186155.3906,9793.054435,504246.8032,75680.32817,131931.3588,0,5822.01215,1685.546577,0,1356.239498,5612.620373,280089.6982,9932.38076,441055.7582,1293028.532,25486149.09,0,2263.158756,13691.55608,549860.721,4955.479859,198729.9644,33326.8855,259078,554.7832815,9964.821676,749.3639964,18017,7212.890276,338518.2566,18937.14842,240237.5136,2115.910207,11233.26442,724.931608,4152.125767,3531.481364,131683.5098,17919960.88,260520.9111,192151.3957,3386082,0,38580.99696,2564.669076,2548,0,1952.794268,6177.896362,220490.2193,371024.8227,12574149.68,1107.639727,49881.10303,57341.45529,2818159,0,3384.593283,4766.276775,13914.4757,7048.68893,431987.7793,69884.07457,730806.5825,349.297895,3390.17145,10492.37148,191655.6374,0,2227.416164,607.1989124,11506.82692,2198564.111,46026.43353,9521.53113,159989,7736.76806,101770.32,1385.673565,45783.66568,337782.0121,10148.47574,262.1801621,13940.262,563025.9115,58281.50437,2224115.344,663.4037344,14461.87616,4828.547349,57998.35653,3526.037596,191166,3922912.06,158043.6456,0,754.7914197,232.5299941,4734.120831,4510.867882,68347,5763.947771,155324.2254,223319.9525,10899068.8,37302.1191,569762.4121,2895.776682,10125.78221,4194.812542,50218,239604.0431,2991281.647,0,2061.346506,68.62563525,1015.228027,99083,3405.564117,3269.720118,71744.95499,8778.955758,326520,2389.458093,6763,3213.130897,49961.85356,22984.8471,397172,2020.169374,64317.95551,233.2732927,1989.034815,59522.46502,38.5755023,598.3608168,12823,1687.550889,15008,60634.82632,796753.5351,1980.271601,31541.79664,200.3551447,4283.216264
M96-Cortex 1982,0,0,0,0,0,0,0,0,0,0,0,0,0,0,0,0,0,0,0,0,0,0,0,0,0,0,0,0,0,0,0,0,0,0,0,0,0,0,0,0,0,0,0,0,0,0,0,0,0,0,0,0,0,0,0,0,0,0,0,0,0,0,0,0,0,0,0,0,0,0,0,0,0,0,0,0,0,0,0,0,0,0,0,0,0,0,0,0,0,0,0,0,0,0,0,1569,73312.74267,187076,615778,65796.85454,21204,905543.0398,4514.006806,16799.22614,3488,136825.6227,68308.452,571873.5825,0,3739,794,96002,0,433.4107586,848.2964458,223.9537347,150805,620.5050973,43174.99892,0,2641.848787,0,1886.784976,0,461,0,2611.190739,1945.784902,10800.2963,377.0183861,22187.20107,0,1420.055057,11748818.93,4370348.873,11125.33064,792.6694812,31000.86144,401.7366817,10339,0,159.1413746,5560.436756,54883.80706,739.3360099,56399,263.6192582,3717.750034,0,85708.66182,0,33592326.31,35867,66.14013341,0,4967.437487,9929.713434,384525,16991.70113,269045.0472,514.3681751,11869.61488,412.0350036,6184.339852,174.2345565,8040.654429,1912.957787,18122.43132,2767.01149,38140.44214,0,825.0075326,304236.307,3795140,337126,142.1418667,3768.195209,4651988.863,98.48573025,1194.005967,78052.29794,2081.82422,226567.8952,85764.59693,43797.16105,0,2602.490074,879.6761178,0,662.5826185,3348.043064,115518.5265,4747.259839,222532.5758,1249321.912,18481805.68,0,1916.327504,2843.267302,177932.241,929.7941184,57082.1914,19900.89885,318302,0,4463.51407,386.0147678,6104,1453.833853,186729.7312,8894.438121,122184.1812,2499.866485,5632.627128,199.5192526,3384.975737,236.5495486,35728.4306,7616117.836,118190.1186,47311.51533,2019339,43.98894794,18274.07141,252.3394763,2414,0,1016.601676,2426.770832,98644.90947,172093.6317,6914750.326,363.1182115,24697.22954,27310.04384,1290028,0,2904.921331,2905.542365,9188.149842,1750.657707,100818.0706,26610.46748,426849.6036,276.8278654,1749.806712,3654.853623,69035.16354,0,481.7484996,374.7441803,4403.175194,740666.8435,5907.940701,3189.104792,44567,2109.670703,35142.04791,206.5528461,14465.8533,128978.3716,252.2992543,9.811964127,3649.631863,186832.2569,14424.47548,676005.0268,89.59131437,4825.396328,1391.898447,36313.84906,1328.895177,51567,1492934.603,53731.9901,207.7100991,512.7963006,0,894.1915081,1088.822549,17086,1232.8204,64418.81138,71528.15135,3338912.904,10317.53655,169813.1297,625.3008516,3878.167552,1118.888255,11978,55590.67829,726882.2235,227.7719272,516.1459385,0.291776213,234.3492732,26288,374.50936,654.2078949,13959.22953,2389.092132,69142,116.8410536,1035,251.0566986,12896.6274,6645.262308,95179,356.8301284,19420.87538,0,591.1261874,11552.7795,383.5877277,224.0655485,2348,262.7700914,2059,9615.251716,154201.5556,418.3566088,5627.104496,0,1262.964597
blk12,0,0,0,0,0,0,0,0,0,0,0,0,0,0,0,0,0,0,0,0,0,0,0,0,0,0,0,0,0,0,0,0,0,0,0,0,0,0,0,0,0,0,0,0,0,0,0,0,0,0,0,0,0,0,0,0,0,0,0,0,0,0,0,0,0,0,0,0,0,0,0,0,0,0,0,0,0,0,0,0,0,0,0,0,0,0,0,0,0,0,0,0,0,0,0,52,153.7988973,2633,1369,1383.000058,328,3691.424474,3.183245791,476.4225999,3,433.8499707,0,1480.251042,0,758,17,7287,0,0,0,0,5732,0,0,0,278.6114562,0,0,0,0,0,0,0,590.3227896,0,819.8317551,0,0,196049.1222,11114.54969,0,162.2645241,675.6916734,0,60,0,328.0890144,0,918.582178,0,50,0,0,8635.997162,577.8037206,0.787996599,154241.787,2957,0,0,108.1290922,0,3577,3241.664192,31981.88644,0,49.63350008,0,388.7789369,0,0,0,317.7705425,0,221.3783701,0,0,245.5294654,10026,11864,0,0,32536.22272,643.1269418,0,16814.29892,0,482.7626703,0,308.1948951,0,0,0,74.61839942,0,0,889.2620388,0,884.718642,2265.188444,31837.54147,0,0,0,291.4079906,0,0,0,911,0,0,0,2,0,0,0,0,0,6.035161081,0,2.279399846,0,0,56072.92174,341.3820453,0,82270,0,234.2533828,9.226947453,4,0.714580371,0,0,164.285434,0,19057.93723,0,0,0,2551,0,0,0,0,0,0,81.93865856,446.401401,0,239.0553065,0,0,0,0,0,0,11916.11418,0,0,93,0,109.5212427,0,0,1157.784755,116.9202977,0,0,0,0,1083.77606,0,0,0,0,0,37,28647.50401,146.9688758,0,249.2023808,0,0.174660219,0,127,0,101.6060151,0,3776.566227,216.9209917,8353.14605,0,55.57999819,0,33,255.3363015,3941.064104,0,220.0918041,0,0,1061,140.7873136,54.13144546,572.0730198,159.5600738,122,0,34,0,0,0,154,0,105.8605978,0,0,521.5715908,0,0,14,0,38,206.2042712,2736.357784,0,184.7346981,0,171.7875993
M86-98 QC Cortex4,0,0,0,0,0,0,0,0,0,0,0,0,0,0,0,0,0,0,0,0,0,0,0,0,0,0,0,0,0,0,0,0,0,0,0,0,0,0,0,0,0,0,0,0,0,0,0,0,0,0,0,0,0,0,0,0,0,0,0,0,0,0,0,0,0,0,0,0,0,0,0,0,0,0,0,0,0,0,0,0,0,0,0,0,0,0,0,0,0,0,0,0,0,0,0,1987,93933.28519,200538,681221,65715.15538,24073,936024.7326,4556.483639,18030.41097,4088,149052.329,73582.15568,631318.142,6.699545717,3736,786,105031,0,310.9191834,1492.644771,411.2364229,145036,408.9939678,28466.78352,0,3241.326886,106.7155608,1692.964892,0,72,0,3595.074326,1774.014919,8086.416541,428.5915666,21402.90702,0,1451.769174,9515310.029,3920140.997,9411.440265,994.5232187,32711.55074,537.482466,7355,0,1611.899306,4162.448921,62678.06448,898.5901986,79986,0,3696.295952,0,67076.33725,0,29747939.6,43210,112.1711329,0,6465.035994,8675.395522,458258,22483.3759,262864.9178,373.4126285,21358.54595,440.3126406,4908.247675,376.0615285,12172.217,1049.843832,17949.59722,3020.715385,34028.23042,0,948.7732921,313226.3159,3617151,400567,174.9845522,5582.825221,4487508.617,0,1693.436285,245317.9035,2906.817991,163027.0801,85993.27051,67514.16542,0,6037.842257,1236.744788,125.1335764,158.9484874,5307.510146,194200.5984,5683.702737,297255.6483,891284.0086,16323283.03,115.853785,1481.919186,5849.250872,375751.7744,2715.340863,105704.16,14580.66627,262806,189.6642064,4294.851551,136.980468,861,5090.377271,256320.8657,6517.142317,90484.83063,3222.901343,4546.312798,169.7284846,2864.34665,1431.070276,89407.08879,8881657.017,195072.3975,80035.23113,1896643,0,29225.43958,2641.097752,1800,0,1610.40122,2418.208382,154442.9483,201493.3483,10605465.15,891.1178688,38586.39735,37753.84514,1670487,0,2392.114529,1771.264366,6664.148258,4844.429906,159517.8485,23070.3624,302970.1119,0,2483.99955,4914.797256,82625.2741,232.7358552,1128.745434,433.6505295,4790.746251,958818.2232,19708.36139,4100.486995,64327,2276.890001,41300.6973,300.2756017,24154.52719,125036.6259,754.9758582,42.12788384,6192.815546,228390.367,25949.95684,1081905.339,138.9953987,8088.015014,2249.578514,38087.33887,1190.621323,85473,1750128.578,66651.37375,0,97.02655196,115.592151,2146.059018,1591.891824,24967,951.5167026,76103.8639,100954.465,4847200.421,16190.77895,279383.279,621.2841742,5758.47317,1767.97441,27230,98137.34864,1217590.68,0,1032.74647,0,353.1425081,28204,0,1902.265366,20327.01972,2402.779413,127614,288.7307228,2013,764.8408587,14799.30363,7785.525089,115623,318.7812267,27259.34763,0,905.1634226,12558.10612,47.22015318,373.0058791,5081,618.3977652,3309,16582.44864,233305.0874,773.156252,8951.368187,120.8960439,2312.177169
M86-98 QC Cortex5,0,0,0,0,0,0,0,0,0,0,0,0,0,0,0,0,0,0,0,0,0,0,0,0,0,0,0,0,0,0,0,0,0,0,0,0,0,0,0,0,0,0,0,0,0,0,0,0,0,0,0,0,0,0,0,0,0,0,0,0,0,0,0,0,0,0,0,0,0,0,0,0,0,0,0,0,0,0,0,0,0,0,0,0,0,0,0,0,0,0,0,0,0,0,0,1250,91117.42744,222036,704681,63604.90236,26871,1014526.965,5092.794979,17901.28064,4236,158057.6446,76796.23536,628218.9281,0,4332,471,104880,0,506.5280044,797.7765038,144.1032256,169492,408.8426858,26609.85007,0,2591.310078,0,1637.811025,0,592,0,3079.801679,2305.102885,12749.44602,427.7875323,18790.04261,0,1839.377415,7393971.799,3841709.665,10210.88878,791.3580656,30104.53245,966.4841226,7203,0,1004.990457,4251.371271,66205.78427,945.7861763,71770,0,3259.468194,675.2710705,49184.33408,381.4033132,23257302.1,39109,217.2169276,0,6236.009356,10598.58151,495847,18986.59726,222592.4711,154.1759568,17862.00667,291.4373722,5412.765128,447.170598,12850.569,1000.987765,12686.88673,1258.614581,28339.38952,0,832.4980075,255761.1311,3609361,381310,347.4330759,3836.711873,3741061.413,126.526744,1229.878554,245755.8325,2883.002429,249136.712,82238.71423,71356.4118,0,4760.31627,335.2344351,0,702.6280078,3988.085789,204728.0657,6415.037765,300329.8997,912701.5694,11626547.83,0,1022.532579,4804.382289,247535.5659,833.2747163,62154.4007,17991.93878,198287,112.4023933,2754.144743,484.4744088,887,2526.467349,134725.5774,1754.690014,41076.15387,4577.863959,2277.991743,0,1311.863593,1291.354536,88754.15787,11975224.05,153255.9343,34974.86218,1638951,0,28093.65465,3146.028977,1797,0,693.5803291,3257.427145,217157.901,247183.3724,9989831.222,479.6872448,31899.78279,49473.19883,1522155,0,1532.370781,858.2354584,1639.70498,2166.95476,81794.90065,11852.57844,148782.1309,0,1183.603865,2095.274495,31768.99135,0,687.8816896,343.0484714,1396.765304,641384.9974,14600.36229,2921.40933,55495,1471.25062,36301.60292,417.7714461,15882.66218,84022.85481,5459.295492,26.68613525,6493.444134,215965.5955,24475.81771,960288.4935,0,7790.776481,2266.157205,43214.5986,1325.696441,47300,1083261.548,42128.8931,0,444.5190992,0,813.4233094,993.8550901,12662,1753.848866,67107.48782,72219.51056,3558395.055,14277.62728,212703.3946,729.7655253,4124.371084,1703.266939,15602,55007.40896,927818.2188,0,1189.688618,0,290.1682419,34453,3688.016525,1368.357298,16420.92553,2116.715786,107018,715.9117414,328,169.3389447,7595.458977,3003.061646,55792,764.3090973,15199.09164,0,623.1872966,9645.249402,323.788747,216.4625103,2629,534.6168746,3361,11773.69131,174262.0526,551.2479567,8240.214637,0,1293.99689
