Sample,C1P d18:1/C16:0 Results,Cer d16:1/C22:1(-H20) Results,Cer d16:1/C22:1 Results,Cer d16:1/C23:0(-H20) Results,Cer d16:1/C23:0 Results,Cer d16:1/C25:1(-H20) Results,Cer d16:1/C25:1 Results,Cer d16:1/C26:0(-H20) Results,Cer d16:1/C26:0 Results,Cer d16:1/C26:1(-H20) Results,Cer d16:1/C26:1 Results,Cer d18:0/C22:1(-H20) Results,Cer d18:0/C22:1 Results,Cer d18:0/C23:1(-H20) Results,Cer d18:0/C23:1 Results,Cer d18:0/C25:0(-H20) Results,Cer d18:0/C25:0 Results,Cer d18:0/C25:1(-H20) Results,Cer d18:0/C25:1 Results,Cer d18:0/C26:0(-H20) Results,Cer d18:0/C26:0 Results,Cer d18:0/C26:1(-H20) Results,Cer d18:0/C26:1 Results,Cer d18:1/C14:1(-H20) Results,Cer d18:1/C14:1 Results,DHCer d16:1/C16:0(-H20) Results,DHCer d16:1/C16:0 Results,DHCer d18:1/C14:0(-H20) Results,DHCer d18:1/C14:0 Results,DHCer d18:1/C18:0(-H20) Results,DHCer d18:1/C18:0 Results,DHCer d18:1/C20:0(-H20) Results,DHCer d18:1/C20:0 Results,DHCer d18:1/C22:1(-H20) Results,DHCer d18:1/C22:1 Results,DHCer d18:2/C16:0(-H20) Results,DHCer d18:2/C16:0 Results,DHCer d18:2/C18:1(-H20) Results,DHCer d18:2/C18:1 Results,DHCer d18:2/C24:0(-H20) Results,DHCer d18:2/C24:0 Results,DHCer d18:2/C24:1(-H20) Results,DHCer d18:2/C24:1 Results,GM3 d16:1/C14:0 Results,GM3 d16:1/C16:0 Results,GM3 d16:1/C18:0 Results,GM3 d16:1/C20:0 Results,GM3 d16:1/C22:0 Results,GM3 d16:1/C24:0 Results,GM3 d16:1/C24:1 Results,GM3 d18:1/C14:0 Results,GM3 d18:1/C20:0 Results,GM3 d18:2/14:0 Results,GM3 d18:2/16:0 Results,GM3 d18:2/18:0 Results,GM3 d18:2/20:0 Results,GM3 d18:2/24:1 Results,MHCer d16:1/C16:0(-H20) Results,MHCer d16:1/C16:0 Results,MHCer d16:1/C20:0(-H20) Results,MHCer d16:1/C20:0 Results,MHCer d16:1/C22:0(-H20) Results,MHCer d16:1/C22:0 Results,MHCer d16:1/C22:1(-H20) Results,MHCer d16:1/C22:1 Results,MHCer d16:1/C23:0(-H20) Results,MHCer d16:1/C23:0 Results,MHCer d16:1/C23:1(-H20) Results,MHCer d16:1/C23:1 Results,MHCer d16:1/C24:0(-H20) Results,MHCer d16:1/C24:0 Results,MHCer d16:1/C24:1(-H20) Results,MHCer d16:1/C24:1 Results,MHCer d16:1/C26:0(-H20) Results,MHCer d16:1/C26:0 Results,MHCer d18:0/C16:0(-H20) Results,MHCer d18:0/C16:0 Results,MHCer d18:0/C16:1(-H20) Results,MHCer d18:0/C16:1 Results,MHCer d18:0/C22:0(-H20) Results,MHCer d18:0/C22:0 Results,MHCer d18:0/C22:1(-H20) Results,MHCer d18:0/C22:1 Results,MHCer d18:0/C24:0(-H20) Results,MHCer d18:0/C24:0 Results,MHCer d18:0/C24:1(-H20) Results,MHCer d18:0/C24:1 Results,MHCer d18:1/C14:0(-H20) Results,MHCer d18:1/C14:0 Results,MHCer d18:1/C16:1(-H20) Results,MHCer d18:1/C16:1 Results,MHCer d18:1/C18:1(-H20) Results,MHCer d18:1/C18:1 Results,MHCer d18:1/C20:1(-H20) Results,MHCer d18:1/C20:1 Results,MHCer d18:1/C22:1(-H20) Results,MHCer d18:1/C22:1 Results,MHCer d18:1/C23:1(-H20) Results,MHCer d18:1/C23:1 Results,MHCer d18:1/C25:1(-H20) Results,MHCer d18:1/C25:1 Results,MHCer d18:1/C26:0(-H20) Results,MHCer d18:1/C26:0 Results,MHCer d18:1/C26:1(-H20) Results,MHCer d18:1/C26:1 Results,MHCer d18:2/C16:0(-H20) Results,MHCer d18:2/C16:0 Results,MHCer d18:2/C16:1(-H20) Results,MHCer d18:2/C16:1 Results,MHCer d18:2/C20:0(-H20) Results,MHCer d18:2/C20:0 Results,MHCer d18:2/C22:1(-H20) Results,MHCer d18:2/C22:1 Results,MHCer d18:2/C24:0(-H20) Results,MHCer d18:2/C24:0 Results,MHCer d18:2/C24:1(-H20) Results,MHCer d18:2/C24:1 Results,MHCer d18:2/C25:0(-H20) Results,MHCer d18:2/C25:0 Results,SM C34:0 Results,SM C36:0 Results,SM C38:0 Results,SM C40:0 Results,SM C42:0 Results,SM d18:0/C16:0 Results,SM d18:0/C18:0 Results,SM d18:0/C20:0 Results,SM d18:0/C22:0 Results,SM d18:0/C24:0 Results,Sphd16:1 Results,Sphd18:2 Results,Sphd18:1-D7 (ISTD) Results,Sphd18:1 Results,Sphd18:0 Results,Sphd18:0-D7 (ISTD) Results,SM C24:1 (ISTD) Results,SM d18:1/C6:0 (ISTD) Results,C1P d18:1/C8:0 (ISTD) Results,MHCer d18:1/C8:0 (ISTD)(-H20) Results,MHCer d18:1/C8:0 (ISTD) Results,Cer d18:1/C8:0 (ISTD)(-H20) Results,Cer d18:1/C8:0 (ISTD) Results,SM C30:1 Results,SM d18:1/C12:0 Results,SM C32:2 Results,SM d18:2/C14:0 Results,GM3 d18:1/C16:0 Results,SM C32:1 Results,SM d16:1/C16:0 Results,SM d18:1/C14:0 Results,SM C34:2 Results,SM d18:2/C16:0 Results,GM3 d18:1/C18:0 Results,Cer d18:2/C14:0(-H20) Results,Cer d18:2/C14:0 Results,DHCer d18:1/C16:0(-H20) Results,DHCer d18:1/C16:0 Results,SM C34:1 Results,SM d16:1/C18:0 Results,SM d18:1/C16:0 Results,SM C36:2 Results,SM d18:2/C18:0 Results,GM3 d18:2/22:0 Results,MHCer d18:1/C16:0(-H20) Results,MHCer d18:1/C16:0 Results,Cer d16:1/C16:0(-H20) Results,Cer d16:1/C16:0 Results,Cer d18:1/C14:0(-H20) Results,Cer d18:1/C14:0 Results,Cer d18:2/C16:0(-H20) Results,Cer d18:2/C16:0 Results,Cer d18:1/C16:1(-H20) Results,Cer d18:1/C16:1 Results,Cer d18:2/C18:1(-H20) Results,Cer d18:2/C18:1 Results,GM3 d18:1/C24:1 Results,SM C36:1 Results,SM d16:1/C20:0 Results,SM d18:1/C18:0 Results,GM3 d18:1/C22:0 Results,SM C38:2 Results,SM d18:2/C20:0 Results,GM3 d18:2/24:0 Results,MHCer d18:1/C18:0(-H20) Results,MHCer d18:1/C18:0 Results,Cer d18:1/C16:0(-H20) Results,Cer d18:1/C16:0 Results,Cer d18:0/C16:0(-H20) Results,Cer d18:0/C16:0 Results,Cer d16:1/C18:0(-H20) Results,Cer d16:1/C18:0 Results,Cer d18:1/C18:1(-H20) Results,Cer d18:1/C18:1 Results,Cer d18:2/C18:0(-H20) Results,Cer d18:2/C18:0 Results,Cer d18:2/C20:1(-H20) Results,Cer d18:2/C20:1 Results,GM3 d18:1/C24:0 Results,DHCer d18:2/C22:0(-H20) Results,DHCer d18:2/C22:0 Results,SM C38:1 Results,SM d16:1/C22:0 Results,SM d18:1/C20:0 Results,SM C40:2 Results,SM d16:1/C24:1 Results,SM d18:1/C22:1 Results,SM d18:2/C22:0 Results,SM C42:3 Results,SM d18:2/C24:1 Results,MHCer d18:1/C20:0(-H20) Results,MHCer d18:1/C20:0 Results,Cer d18:1/C18:0(-H20) Results,Cer d18:1/C18:0 Results,Cer d16:1/C20:0(-H20) Results,Cer d16:1/C20:0 Results,MHCer d18:2/C22:0(-H20) Results,MHCer d18:2/C22:0 Results,Cer d18:0/C18:0(-H20) Results,Cer d18:0/C18:0 Results,SM C41:2 Results,SM d18:1/C23:1 Results,SM d18:2/C23:0 Results,SM C39:1 Results,SM d16:1/C23:0 Results,DHCer d18:1/C22:0(-H20) Results,DHCer d18:1/C22:0 Results,Cer d18:1/C20:1(-H20) Results,Cer d18:1/C20:1 Results,DHCer d18:1/C24:1(-H20) Results,DHCer d18:1/C24:1 Results,Cer d18:2/C22:1(-H20) Results,Cer d18:2/C22:1 Results,Cer d18:2/C20:0(-H20) Results,Cer d18:2/C20:0 Results,MHCer d18:2/C23:0(-H20) Results,MHCer d18:2/C23:0 Results,DHCer d18:1/C23:0(-H20) Results,DHCer d18:1/C23:0 Results,SM C42:2 Results,SM d18:1/C24:1 Results,SM d18:2/C24:0 Results,SM C40:1 Results,SM d16:1/C24:0 Results,SM d18:1/C22:0 Results,Cer d18:2/C23:1(-H20) Results,Cer d18:2/C23:1 Results,MHCer d18:1/C22:0(-H20) Results,MHCer d18:1/C22:0 Results,MHCer d18:1/C24:1(-H20) Results,MHCer d18:1/C24:1 Results,Cer d18:1/C20:0(-H20) Results,Cer d18:1/C20:0 Results,Cer d18:0/C20:0(-H20) Results,Cer d18:0/C20:0 Results,Cer d16:1/C24:1(-H20) Results,Cer d16:1/C24:1 Results,Cer d18:1/C22:1(-H20) Results,Cer d18:1/C22:1 Results,DHCer d18:1/C24:0(-H20) Results,DHCer d18:1/C24:0 Results,Cer d16:1/C22:0(-H20) Results,Cer d16:1/C22:0 Results,Cer d18:2/C24:1(-H20) Results,Cer d18:2/C24:1 Results,Cer d18:2/C22:0(-H20) Results,Cer d18:2/C22:0 Results,SM C41:1 Results,MHCer d18:1/C23:0(-H20) Results,MHCer d18:1/C23:0 Results,SM C43:2 Results,SM d18:1/C25:1 Results,SM d18:2/C25:0 Results,MHCer d18:0/C23:0(-H20) Results,MHCer d18:0/C23:0 Results,Cer d18:1/C23:1(-H20) Results,Cer d18:1/C23:1 Results,Cer d18:2/C25:1(-H20) Results,Cer d18:2/C25:1 Results,Cer d18:2/C23:0(-H20) Results,Cer d18:2/C23:0 Results,SM C42:1 Results,SM d18:1/C24:0 Results,MHCer d18:1/C24:0(-H20) Results,MHCer d18:1/C24:0 Results,Cer d18:0/C24:1(-H20) Results,Cer d18:0/C24:1 Results,Cer d18:1/C24:1(-H20) Results,Cer d18:1/C24:1 Results,Cer d18:1/C22:0(-H20) Results,Cer d18:1/C22:0 Results,Cer d16:1/C24:0(-H20) Results,Cer d16:1/C24:0 Results,Cer d18:0/C22:0(-H20) Results,Cer d18:0/C22:0 Results,SM d18:1/C23:0 Results,Cer d18:2/C24:0(-H20) Results,Cer d18:2/C24:0 Results,MHCer d18:1/C25:0(-H20) Results,MHCer d18:1/C25:0 Results,Cer d18:2/C26:1(-H20) Results,Cer d18:2/C26:1 Results,SM C43:1 Results,SM d18:1/C25:0 Results,Cer d18:0/C23:0(-H20) Results,Cer d18:0/C23:0 Results,Cer d18:1/C23:0(-H20) Results,Cer d18:1/C23:0 Results,Cer d18:1/C25:1(-H20) Results,Cer d18:1/C25:1 Results,Cer d18:2/C25:0(-H20) Results,Cer d18:2/C25:0 Results,SM C44:1 Results,SM d18:1/C26:0 Results,Cer d18:1/C26:1(-H20) Results,Cer d18:1/C26:1 Results,Cer d18:1/C24:0(-H20) Results,Cer d18:1/C24:0 Results,Cer d18:0/C24:0(-H20) Results,Cer d18:0/C24:0 Results,Cer d18:2/C26:0(-H20) Results,Cer d18:2/C26:0 Results,Cer d18:1/C25:0(-H20) Results,Cer d18:1/C25:0 Results,Cer d18:1/C26:0(-H20) Results,Cer d18:1/C26:0 Results
blk1,0,0,0,0,0,0,0,0,0,0,0,0,0,0,0,0,0,0,0,0,0,0,0,0,0,0,0,0,0,0,0,0,0,0,0,0,0,0,0,0,0,0,0,0,0,0,0,0,0,0,0,0,0,0,0,0,0,0,0,0,0,0,0,0,0,0,0,0,0,0,0,0,0,0,0,0,0,0,0,0,0,0,0,0,0,0,0,0,0,0,0,0,0,0,0,0,0,0,0,0,0,0,0,0,0,0,0,0,0,0,0,0,0,0,0,0,0,0,0,0,0,0,0,0,0,0,0,0,0,532.6107635,349.9548027,7266.021581,8836.239734,1039.82315,3511.06456,5842.669404,0,423.4479754,0,512.200741,212.1540573,1159.678472,0,0,0,0,15,1655.538053,0,0,2375.466404,0,0,0,0,0,140.0602659,66739.0245,0,163.4489309,210.1151199,0,0,0,803.7189082,0,0,0,0,0,256.3831483,31.48560783,581.2062183,0,0,0,6483.295024,0,0,0,238.868684,0,0,0,0,741.4456933,9387.135419,0,202.8738131,0,0,0,0,138.336121,70,0,1.232961676,0,0,0,5232.573258,0,0,1505,0,0,0,3432.087397,0,0,299.2067122,0.631634947,1149.561983,0.075894855,0,0,0,0,0,671.225899,0,0,726.853384,0,0,0,0,0.785069773,0,0,0,0,0,0,0,0,0,0,35932.27885,121.1553991,0,24749,0,160.0275685,0,0,0,1174.585367,0,4727.833219,0,386.2412929,0,0,0,77.42133121,0,0,0,181.8413263,0,1765.271434,0,483.7672825,0,318.6340865,7411.498561,0,1140.159719,203.9237684,0,0,0,0,0,53.23608204,0,0,0,0,1968.574396,0,0,1081.858242,0,28,0,1630.440818,41.64600452,810.9600071,0,297.6426974,0,25.01571221,251.6070166,0,271.7430766,43.38066907,252,21.0549425,8.44467274,433,269.0088649,0,18,0,142.8117141,2.500760203,0,0.447488076,0,199.378689,0,0,0,150.0111762,1394.051591,0,14,0,0,0,131.0419526,0,306.308624
blk2,0,0,0,0,0,0,0,0,0,0,0,0,0,0,0,0,0,0,0,0,0,0,0,0,0,0,0,0,0,0,0,0,0,0,0,0,0,0,0,0,0,0,0,0,0,0,0,0,0,0,0,0,0,0,0,0,0,0,0,0,0,0,0,0,0,0,0,0,0,0,0,0,0,0,0,0,0,0,0,0,0,0,0,0,0,0,0,0,0,0,0,0,0,0,0,0,0,0,0,0,0,0,0,0,0,0,0,0,0,0,0,0,0,0,0,0,0,0,0,0,0,0,0,0,0,0,0,0,0,410.7895574,41.68469954,9442.23787,12884.70826,2446.68616,3556.604399,7689.961595,0,194.5383766,0,709.3440117,0,958.7301139,0,0,0,0,1,1743.701618,0,0,1253.735734,0,0,0,0,0,133.4999527,67778.76653,0,0,154.2759321,0,0,0,457.1152734,0,0,0,0,0,174.4371295,0,861.6411481,0,0,26.97763419,7152.414028,0,0,0,175.7316345,0,0,0,332.1332581,731.38082,6233.061191,0,0,0,0,0,0,0,136,0,0,0,0,0,3279.884841,0,0,704,0,0,0,1748.532875,0,0,0,0,2411.64928,0,0,0,0,0,0,654.3112802,0,0,173.3023131,0,0,0,180.8795071,0,0,0,0,0,0,0,0,0,0,0,19230.48691,0,2.501966464,18507,0,0,0.59357213,0,0,1517.127031,4.280007786,4653.188231,120.2742694,283.1527997,0,0,0,0,0,0,0,0,0,1377.700075,0,159.674947,0,230.1087944,4346.738456,0,1012.57562,191.525364,0,0,0,270.4570424,0,0,0,0,0.454037569,0,3462.163583,0,0,727.0659983,0,34,0,596.2331752,0,406.5988214,0,144.3915269,0,0,0,0,290.3394273,0,56,0,22.92143719,213,417.206487,3.558705919,1,0,217.0515498,0,0,0,0,155.0359988,12.73275721,0,0,0,758.3497247,0,10,0,0,0,241.2822276,18.81961873,139.2025175
blk3,0,0,0,0,0,0,0,0,0,0,0,0,0,0,0,0,0,0,0,0,0,0,0,0,0,0,0,0,0,0,0,0,0,0,0,0,0,0,0,0,0,0,0,0,0,0,0,0,0,0,0,0,0,0,0,0,0,0,0,0,0,0,0,0,0,0,0,0,0,0,0,0,0,0,0,0,0,0,0,0,0,0,0,0,0,0,0,0,0,0,0,0,0,0,0,0,0,0,0,0,0,0,0,0,0,0,0,0,0,0,0,0,0,0,0,0,0,0,0,0,0,0,0,0,0,0,0,0,0,1293.444713,675.5482365,10098.97859,13331.60676,1095.519133,4098.470827,8823.179088,83.24382007,0,34.38598753,734.9950429,0,1216.824023,0,0,0,0,0,1376.473644,0,0,1374.663229,0,0,0,0,0,225.2274881,57084.26303,0,262.9304521,276.0757732,0,0,0,552.7743147,0,0,0,181.9054838,132.7036152,242.2318998,0,1389.565692,0,0.247682224,0,3429.076614,0,0,0,0,0,1.115273657,0,0,729.727028,5755.626933,175.0831343,176.9546744,0,0,0,0,0,23,0,0,0,0,0,1837.528421,58.97463394,0,1400,0,0,0,1556.574316,0,0,123.5290061,0,2544.407666,0,0,0,0.91716383,0,50,134.6737285,0,0,195.0112764,248.0188871,0,0,0.750777374,0,0,0,0,0,0,0,0,0,0,0,24370.73705,0,0,13129,0,0.766271939,0,0,1.474006596,1802.648193,241.357605,5268.427745,0,847.8128069,0,0,0,0,0,0,0,0,0,1536.618607,0,0,0,93.79673838,4041.792568,0,444.6031003,0,0,0,0,0,0,33.90391375,0,23.94564685,0,0,2415.464092,0,0,633.9722552,0,0,0,479.6018888,98.93192723,327.6939995,0,0,0,0,278.5424203,0.543438569,0,0,28,0,0,240,176.8686487,0,0,0,0,0,0,0,0,149.4355231,0,0,0,0,376.644437,0,0,0,0,0,59.88934549,0,177.0882384
SL std mix1,0,0,0,0,0,0,0,0,0,0,0,0,0,0,0,0,0,0,0,0,0,0,0,0,0,0,0,0,0,0,0,0,0,0,0,0,0,0,0,0,0,0,0,0,0,0,0,0,0,0,0,0,0,0,0,0,0,0,0,0,0,0,0,0,0,0,0,0,0,0,0,0,0,0,0,0,0,0,0,0,0,0,0,0,0,0,0,0,0,0,0,0,0,0,0,0,0,0,0,0,0,0,0,0,0,0,0,0,0,0,0,0,0,0,0,0,0,0,0,0,0,0,0,0,0,0,0,0,0,1346.461095,85.88761421,201818.2156,752.911582,69.29290149,57429.73275,923004.5129,4579.190148,13914.05382,4541.618959,155519.7467,82896.70982,698318.4962,0,0,0,0,41,1907.528793,0,0,991.063614,0,0,0,0,0,199.2265774,58467.27053,0,0,195.239616,0,0,0,238.6799701,0,0,0,0,0,317.6423917,0,314.7708727,0,0,0,11712.34173,0,0,0,513.5421989,0,0,0,83.33249678,1315.097013,16888.48025,0,211.7368187,0,140.1290533,0,0,0,144,95.99124372,0,0,2.463492666,0,8116.715157,0,10.94542329,1748,0,0,0,6990.573742,0,0,0,405.7791861,5220.914318,0,227.2092673,0,0,0,41,3828.216171,0,0,5790.311448,0,0,0,0,0,0,0,0,0,0,0,0,0,0,189.5713587,49750.56321,0,1.147365368,29593,0,218.1422014,0,0,0,1267.046572,0,3819.824087,255.8191937,1779.068259,0,0,0,156.4371125,0,0,0,225.5126877,0,4338.731475,0,546.8647082,0,641.0126772,12056.4169,0,705.5405167,936.6009329,0,0,1.352721699,0,0,0,0,0,0,0,26431.45561,108.2656792,259.6016961,2478.704388,0,12,0,4067.195652,245.3387368,6657.08545,82.33275804,874.4277929,98.29748617,0,376.3597037,270.3608753,450.8502098,0,109,114.7241059,0,192,419.0734257,0,7,290.7538728,1514.493185,0,0,0,0,226.8344364,2.016313999,0,0,255.0492238,6446.315726,0,64,0,0,24.49155874,586.4360643,0,505.0451145
SL std mix2,0,0,0,0,0,0,0,0,0,0,0,0,0,0,0,0,0,0,0,0,0,0,0,0,0,0,0,0,0,0,0,0,0,0,0,0,0,0,0,0,0,0,0,0,0,0,0,0,0,0,0,0,0,0,0,0,0,0,0,0,0,0,0,0,0,0,0,0,0,0,0,0,0,0,0,0,0,0,0,0,0,0,0,0,0,0,0,0,0,0,0,0,0,0,0,0,0,0,0,0,0,0,0,0,0,0,0,0,0,0,0,0,0,0,0,0,0,0,0,0,0,0,0,0,0,0,0,0,0,294.968851,231.0533452,192250.4955,1877.727464,216.9785241,50084.51116,845542.5543,4725.259042,13358.20723,4618.471131,159933.3604,80566.75993,697034.8017,0,0,0,0,1,2778.556234,0,0,1471.455946,0,0,0,0,0,0,59614.10652,0,0,413.2379658,0.324434633,0,0,288.0503744,0,202.3092483,0,0,0,346.6883149,110.8065593,0,116.8608373,0,0,5664.307435,0,0,0,452.3224869,0,0,0,0,825.7474283,14617.78327,136.7171188,364.8613849,215.2405878,0,0,156.3889891,0,65,0,0,0,349.4570899,0,10078.43762,0,0,3829,0.868910105,0,0,964.2318052,0,0,0,612.3061545,4547.274702,0,367.9759686,0,0,0,41,2801.629227,0,0,1699.656781,0,0,0,0,0,0,0,0,0,0,0,0,0,0,0,35014.19739,0,0,35682,167.9323598,0,0,0.060463892,0,1261.562778,0,2802.427388,0,417.1256837,0,0,0,0,0,0,0,0,0,3077.685387,0,180.7981235,86.87655121,417.7738021,7147.223544,0,688.3113516,340.6634882,0,0,0,0,0,34.48019338,0,0,0,0,27883.73997,0,0,1811.422404,0,22,235.3432944,3204.408351,709.5147103,3789.320226,0,1135.050231,0,109.3792538,245.4686753,106.1645603,443.9894306,0,102,0,0,1004,165.2452542,0,31,0,1016.988035,0,0,0,32.05892765,373.4431714,0,0,0,610.6986615,5683.551482,0,56,0,0,0,357.5782516,0,770.8626157
blk6,0,0,0,0,0,0,0,0,0,0,0,0,0,0,0,0,0,0,0,0,0,0,0,0,0,0,0,0,0,0,0,0,0,0,0,0,0,0,0,0,0,0,0,0,0,0,0,0,0,0,0,0,0,0,0,0,0,0,0,0,0,0,0,0,0,0,0,0,0,0,0,0,0,0,0,0,0,0,0,0,0,0,0,0,0,0,0,0,0,0,0,0,0,0,0,0,0,0,0,0,0,0,0,0,0,0,0,0,0,0,0,0,0,0,0,0,0,0,0,0,0,0,0,0,0,0,0,0,0,246.3682709,102.924411,11076.74793,7196.717558,1163.02502,4616.333278,6411.543755,0,414.2844675,0,436.747722,299.7518456,1115.851654,0,0,0,0,20,1990.47561,0,0,1374.383992,0,0,0,151.8614319,0,103.6907476,57734.34445,0,338.455963,64.31284255,0,0,0,820.14863,0,0,0,0,0,196.5492424,0,632.8619614,0,0,0,6619.127968,0,0,0,401.1404965,0,0,0,306.7027478,889.1941279,8330.491163,208.0318278,235.271973,0,0,0,120.7447234,0,44,0,0,2.803071348,0,0,2888.526171,0,0,762,0,0,0,857.9167132,0,0,0,127.0387101,2603.067061,0,396.3195561,0,0,0,152,639.4378508,0,0,950.6469534,0,0,0,0,0,0,0,0,0,0,137.8588926,0,0,0,0,26493.75127,0,2.302009266,20832,0,0,0,0,0,2059.3496,252.5719912,5232.836162,0,588.7172218,0,0,0,0,1.466322231,0,0,0,0,1930.838908,0,209.0788805,0,130.4753897,4647.164385,0,730.735365,195.0294751,0,0,0,0,0,0,0.308115341,0,44.90968541,0,4503.247283,57.35448137,0,1074.607887,1.058562856,24,0,1180.483767,0,1833.524972,0,0,0,0,36.62085717,0,0,0,85,0,0,105,450.6673453,0,34,0,234.5907702,0.467895632,0,0,0,107.3547452,0,0.148043402,0,0,1048.812258,0,11,0,0,0,0,0,325.9834604
M238-samblk1,0,0,0,0,0,0,0,0,0,0,0,0,0,0,0,0,0,0,0,0,0,0,0,0,0,0,0,0,0,0,0,0,0,0,0,0,0,0,0,0,0,0,0,0,0,0,0,0,0,0,0,0,0,0,0,0,0,0,0,0,0,0,0,0,0,0,0,0,0,0,0,0,0,0,0,0,0,0,0,0,0,0,0,0,0,0,0,0,0,0,0,0,0,0,0,0,0,0,0,0,0,0,0,0,0,0,0,0,0,0,0,0,0,0,0,0,0,0,0,0,0,0,0,0,0,0,0,0,0,162.4677675,277.6063419,158523.3353,1665.972045,109.922591,50321.2234,734955.164,3445.580187,8520.899924,3647.277269,125940.6385,63156.99798,536130.3228,0,0,42050.95795,0,6,1293.625798,0,1.110132694,1070.439408,0,0,0,0,0,235.1305467,52819.94147,0,0,1089.766042,0,0,0,876.5514916,0,1887.914632,0,0,0,320.4590585,146.24696,320.5949747,0,0,0,19213.3487,0,80.38269597,0,415.4951968,0,0,212.9164586,528.1891365,460.5108119,17261.71315,132.3168042,351.7802976,232.4679915,0,0,0,0,233,0,0,0,0,0,4720.810779,0,0,3802,0,0,0,8309.362355,0,0,350.0977397,425.5407578,5382.243925,0,876.0972392,0,0,0,68,4301.467335,0,0,6231.144593,47.38547187,0,430.262342,0,0,0,197.4100408,0,153.7775291,0,0,0,0,0,148.045649,36110.96555,0,0,31214,0,0,0,0,0,965.6799603,0,3426.596233,0,636.5570366,0,63.96033767,0,44.80679552,0,103.6206356,0,780.1667337,0,7720.797156,4.781401967,333.8739536,0,486.3874178,14389.00671,0,897.2666065,84.24358318,0,0,0,0,0,406.5244325,0,0,0,109.6616006,43067.79951,0,129.8455242,2186.549612,0,77,0,3645.190544,411.0977303,8594.805638,192.6467568,1106.253866,0,363.7412887,0,0,289.4210269,121.5473244,156,0,0,534,284.8374117,0,20,0,1679.225805,0,68.50521584,0,0,110.3673664,0,28.9970382,19.1480136,460.699034,4727.840932,0,35,0,0,17.73259438,434.2622558,0,684.6661345
M239-samblk2,0,0,0,0,0,0,0,0,0,0,0,0,0,0,0,0,0,0,0,0,0,0,0,0,0,0,0,0,0,0,0,0,0,0,0,0,0,0,0,0,0,0,0,0,0,0,0,0,0,0,0,0,0,0,0,0,0,0,0,0,0,0,0,0,0,0,0,0,0,0,0,0,0,0,0,0,0,0,0,0,0,0,0,0,0,0,0,0,0,0,0,0,0,0,0,0,0,0,0,0,0,0,0,0,0,0,0,0,0,0,0,0,0,0,0,0,0,0,0,0,0,0,0,0,0,0,0,0,0,112.3395647,536.0717992,139645.2116,1199.13917,324.724629,46699.34296,632457.6137,3051.864167,8105.034157,3114.211472,107260.7004,60014.47841,483279.7375,0,0,17230.52009,0,0,1329.62387,0,0,1189.234401,0,0,0,196.5077639,0.352323958,333.7278425,46794.02428,0,0,295.4391659,0,0,0,255.1763518,0,690.5328883,0,216.7038082,0,0,0,243.1777764,0,0,0,17252.89297,0,0,0,842.2075679,0,0,159.102714,386.3942072,407.2519459,22637.34944,0,140.572293,147.4630426,187.412245,0,143.3560885,0,336,0,0,0,0,0,6687.804835,0,0,4587,0,0,0,9060.987553,0,0,219.3103149,159.4694959,4306.494592,192.9607897,389.6119779,0,97.98167344,173.0562552,6,5128.2615,0,0,5465.742024,0,0,0,0,0,0,0,0,0,0,0,0,0,0,0,37595.43424,0,0,26090,0,115.0832769,0,0,0,1131.698735,0,2448.98162,270.0655322,2258.394105,54.29294591,0,0,0,0,186.0771059,0,45.03399274,0,6898.038326,0,175.0159149,59.21020952,504.6127516,16303.72413,1.790449967,552.6912261,743.9549942,0,0,0,0,0,203.4741312,0,0,0,73.4383773,44852.8111,182.7820225,129.6962116,2521.424091,0,94,516.5491922,6483.141295,269.7994778,4943.13112,0,926.4682206,0,302.7719104,39.55311959,121.8609646,596.6434874,0,57,0,0,2075,337.7970181,0,53,0,2241.79274,0,130.081602,25.06020927,0,496.5996968,0,0,0,224.6699899,4309.752527,0,21,0,0,0,665.9685307,113.9050629,933.7637082
blk7,0,0,0,0,0,0,0,0,0,0,0,0,0,0,0,0,0,0,0,0,0,0,0,0,0,0,0,0,0,0,0,0,0,0,0,0,0,0,0,0,0,0,0,0,0,0,0,0,0,0,0,0,0,0,0,0,0,0,0,0,0,0,0,0,0,0,0,0,0,0,0,0,0,0,0,0,0,0,0,0,0,0,0,0,0,0,0,0,0,0,0,0,0,0,0,0,0,0,0,0,0,0,0,0,0,0,0,0,0,0,0,0,0,0,0,0,0,0,0,0,0,0,0,0,0,0,0,0,0,360.3140794,79.89902734,12021.47275,6795.630982,706.178417,4782.822945,11102.73117,0,546.4951595,0,656.165777,244.0921385,1201.450466,0,0,377.2020397,0,7,1791.97946,0,0,1572.251826,0,0,0,0,0,325.6657348,51143.08108,0,0,465.6842749,0,0,123.7878425,522.1039281,193.5899557,0,0,0,0,258.7384253,0,375.5189263,0,0.096296425,0,5254.433799,175.6234252,0,0,67.14539938,0,0,0,0,808.2269372,6254.123687,0,0,0,0,0,181.6758692,0,68,0,0,0,0,0,1946.70275,0,0,241,0,0,0,1921.528216,0,0,0,0,1756.834896,0,0,0,0,0,53,347.5834311,0,0,1083.394672,328.7998714,0,0,0,0,0,0,0.382235781,0,0,0.861562013,3.713389362,0,0,0,25485.74802,0,0.921838539,21760,34.16673858,0,3.11711524,0,0,1799.707336,0,5165.695971,0,0,0,0,175.6419587,0,0,169.3705866,0,0,0,2021.124275,0,0,0,145.6511533,7317.555821,0,485.0012001,667.5162114,0,0,0,0,0,0,0,0,52.4578528,0,7201.854969,0,0,918.1005694,0,30,60.52220196,1271.137317,0,1066.371968,0,0,0,0,0,38.13396774,0,0,32,0,25.00810211,306,0,21.96258951,26,0,240.7874485,0,0,0,0,188.9668043,0,0.414600748,0,0,1696.620504,0,0,0,0,0,363.909415,0,505.4414349
M227-239QCeWAT1,0,0,0,0,0,0,0,0,0,0,0,0,0,0,0,0,0,0,0,0,0,0,0,0,0,0,0,0,0,0,0,0,0,0,0,0,0,0,0,0,0,0,0,0,0,0,0,0,0,0,0,0,0,0,0,0,0,0,0,0,0,0,0,0,0,0,0,0,0,0,0,0,0,0,0,0,0,0,0,0,0,0,0,0,0,0,0,0,0,0,0,0,0,0,0,0,0,0,0,0,0,0,0,0,0,0,0,0,0,0,0,0,0,0,0,0,0,0,0,0,0,0,0,0,0,0,0,0,0,2004.02922,17323.65642,174327.0329,57004.49859,3460.321744,53513.99974,769547.343,3857.611455,18922.14335,5977.8822,219410.4363,69501.8428,515319.2789,2669.903489,5.601494095,11427.80896,0,1740,113862.5274,0,0,888027.0229,2348.553416,1915.99577,160.826592,2274.366985,0,4214.616606,21951175.31,0,49090.06878,954567.7061,2084.678379,1170.137278,1511.48427,57762.70669,339.6767412,7603.530986,610.97032,9949.67455,11829.3148,143537.279,241.5676064,5906.014375,605.0019963,7547.620448,3957.089583,2669757.228,0,7971.86241,5232.381176,383884.3194,687.7724869,0,186.4998233,7225.843626,62422.71731,924298.1986,2828.955233,13599.83331,0,1994.623233,1788.089925,15438.1994,3474.197812,45408,1.135176168,563.6509607,7435.159821,0,482.8819315,1597710.61,0,3585.984975,1106947,0,549.2247873,1480.925911,1721723.842,1025.256186,218.2163496,13646.52888,14459.82659,222579.4899,216.6081356,2406.018584,0,2366.233037,5946.938611,4291,894440.4033,481.0339314,1168.845372,285204.2431,0,0,4084.561609,0,2622.972768,124.7983671,3866.897304,0,2100.752065,4408.130723,36173.05883,238.8734269,2729.963165,0,4679.666487,6504603.446,18527.22611,782.9285557,4160320,0,10608.6979,0,1587.592676,341.9972226,25257.8692,174.358904,21436.14148,5283.841988,64819.16928,10234.92604,2020.233003,0,942.6813235,1026.714811,7871.121492,0,3382.048202,103.6634492,4102.819699,11538.38894,141133.5189,7922.443273,119016.6274,2643956.841,398.3619978,27936.54364,112313.0211,81.85328437,57.14986368,0,926.2705669,436.0880552,8549.264854,0,2639.827683,4520.077345,56864.82156,1291117.576,3501.172796,81.55863606,17903.80581,13511.53656,5634,20732.96744,329803.8779,11242.53014,160370.7504,180.6619621,1756.578827,15900.85774,2995.25292,257.7503805,10863.38946,194779.6367,237.323404,2208,0,2047.827029,90113,668.7013462,4699.544258,1438,8923.060947,99684.72172,0,3539.633744,135.5814971,4184.832842,9993.269558,0,0,1225.308077,15002.82427,205426.6184,6984.583515,3661,141.2614303,1391.761974,1097.966029,7210.625159,0,1473.921485
M227-239QCeWAT2,0,0,0,0,0,0,0,0,0,0,0,0,0,0,0,0,0,0,0,0,0,0,0,0,0,0,0,0,0,0,0,0,0,0,0,0,0,0,0,0,0,0,0,0,0,0,0,0,0,0,0,0,0,0,0,0,0,0,0,0,0,0,0,0,0,0,0,0,0,0,0,0,0,0,0,0,0,0,0,0,0,0,0,0,0,0,0,0,0,0,0,0,0,0,0,0,0,0,0,0,0,0,0,0,0,0,0,0,0,0,0,0,0,0,0,0,0,0,0,0,0,0,0,0,0,0,0,0,0,1481.453958,19686.32465,170694.457,54606.65357,3692.041717,51969.86839,734649.6592,3585.292289,19382.70402,5852.043742,205775.0213,66584.21306,507991.6158,2650.147585,0,12742.74544,0,2284,125556.1367,0,298.5083138,923449.6679,2305.465249,1289.565787,0,2816.118936,0,4249.466867,19271217.56,0,61237.95733,867394.5117,1842.309656,495.4847754,1449.175813,53704.21653,460.5502713,6055.007108,511.2094741,9684.299991,9667.685632,128244.0821,0,4594.466439,550.3649428,7203.761635,4268.086862,2443255.914,0,6530.196551,5130.7699,408514.77,413.6983032,536.5968417,180.0632324,7522.033011,65861.83032,858503.251,1709.642756,15993.31193,0,2369.61958,1014.430005,19590.50129,3165.556149,33658,167.9397832,653.5298571,6854.689261,1.708976847,972.324441,1722065.721,0,3446.412684,947199,0,645.3269778,1967.919014,1683870.407,1822.083081,225.6669725,11011.899,12906.61203,171826.6818,103.4997664,1976.40835,0,1939.202054,5136.073443,2029,783040.2319,0,200.1557305,268277.6866,118.7889025,0,4675.57032,406.2892018,3515.392982,0,4666.518673,0,1634.314082,3297.577102,45455.97368,0,2798.620592,0,4140.174304,6015040.689,14451.34139,558.9524569,3842045,0,7953.458527,0,1670.952248,785.5337379,31326.38033,415.7867934,22196.49864,4634.381348,57954.29802,8561.061869,852.5798588,0,428.7569444,377.3589459,8011.88805,143.9686396,3659.031427,0,3616.975294,11223.1248,159195.3039,8470.722697,112877.8588,2620584.51,744.8187111,40462.61227,119828.8601,0,28.59156499,0,286.9911255,355.5055886,8479.658893,260.4779338,2797.007316,4773.535427,56990.55175,786559.6296,786.6207007,591.5123162,13476.01635,18029.07487,7444,24753.77579,331775.8254,10337.02492,182286.3126,0,807.762225,13396.20088,2416.454273,0,12776.39927,193227.022,0,1987,46.05704146,2121.429945,78063,438.4986016,4948.756717,1427,6671.41773,90024.81187,0,4060.424008,519.7488007,4412.269712,8519.843967,0,0,1095.1202,13269.11037,197427.1977,7797.635506,2973,0,1281.319778,641.2491144,7360.616773,158.21179,1350.301839
M227-239QCeWAT3,0,0,0,0,0,0,0,0,0,0,0,0,0,0,0,0,0,0,0,0,0,0,0,0,0,0,0,0,0,0,0,0,0,0,0,0,0,0,0,0,0,0,0,0,0,0,0,0,0,0,0,0,0,0,0,0,0,0,0,0,0,0,0,0,0,0,0,0,0,0,0,0,0,0,0,0,0,0,0,0,0,0,0,0,0,0,0,0,0,0,0,0,0,0,0,0,0,0,0,0,0,0,0,0,0,0,0,0,0,0,0,0,0,0,0,0,0,0,0,0,0,0,0,0,0,0,0,0,0,1774.955964,18363.98058,169195.1746,55679.29349,3193.10639,48948.03957,695699.628,3335.696161,12341.70475,5103.68055,197821.9764,63183.18501,446101.6182,2355.880562,0,11817.35186,0,1892,112296.0189,133.1063721,298.0823293,714280.3291,1706.806351,1040.919603,92.5261446,2444.119046,0,3090.949777,16401724.54,205.8590924,39851.43264,419170.9029,629.2339285,605.857931,767.8442792,37318.16717,0,4414.147636,631.7443955,7311.891768,8449.018084,109477.4427,413.4122226,3694.929278,387.7922016,5359.768261,988.5185188,1099822.625,0,3601.648373,2150.416716,274810.6665,451.2652165,441.2428504,110.0118023,4848.24788,54930.73865,702176.8422,1651.448016,12793.99688,0,1713.782086,264.1220896,9524.632675,994.4544562,19261,0,562.3558044,2874.07592,0,459.7247015,866594.1692,0,2528.59595,428163,0,0,369.0797463,632977.3971,568.4183753,0,4160.051331,10178.14802,141234.6085,0,2309.325822,0,1237.086391,1897.868863,2177,408189.2726,0,255.2944266,141311.1876,0,0,2227.384627,0,980.5018453,0,1225.418551,0,1364.037791,919.46676,19567.95747,0,804.2981868,0,2042.06012,4800083.071,8692.427628,893.6620124,2849111,0,6110.43336,0,1765.178952,1256.841003,30788.67556,439.3797173,13907.08535,2297.934657,19804.08611,6651.148791,1031.116989,0,340.8340199,171.4271452,3955.774642,0,2400.092946,0,2180.671038,10104.95854,139230.5716,6899.411947,111723.7575,1762566.863,667.3619311,29567.38044,78189.93453,0,0,0,689.658802,222.5626654,4489.742821,0,1707.808692,2935.323646,41855.70397,706378.9514,2288.33205,196.169633,14333.55799,13858.64028,4186,14035.13572,215167.9612,7368.698727,93362.36019,0,1184.308176,9552.535567,1464.284019,0,11721.41965,166473.0552,0,1441,194.6752209,1341.214293,60192,23.03449159,3988.248847,899,4377.025043,72692.60697,354.5550255,3532.235252,185.947318,2679.983511,7463.641808,0,0.435847301,780.216043,9366.073894,119508.4262,4806.73846,2550,0,808.1263948,552.8616744,5763.04157,0,1098.461354
blk8,0,0,0,0,0,0,0,0,0,0,0,0,0,0,0,0,0,0,0,0,0,0,0,0,0,0,0,0,0,0,0,0,0,0,0,0,0,0,0,0,0,0,0,0,0,0,0,0,0,0,0,0,0,0,0,0,0,0,0,0,0,0,0,0,0,0,0,0,0,0,0,0,0,0,0,0,0,0,0,0,0,0,0,0,0,0,0,0,0,0,0,0,0,0,0,0,0,0,0,0,0,0,0,0,0,0,0,0,0,0,0,0,0,0,0,0,0,0,0,0,0,0,0,0,0,0,0,0,0,77.13627936,261.7829691,8318.91089,4020.259164,2465.756251,3012.548905,5400.110622,0,309.0094593,3.285517162,393.5177856,0,953.0316212,0,0,0,0,7,1622.711229,0,0,2439.738203,0,0,0,0,0,0,79777.80738,0,398.0815904,710.1408957,0,0,0,573.1755502,0,0,0,0,0,469.7177735,0,389.4290498,0,0,0,5166.993103,0,0,0,340.4096647,0,0,0,151.0633456,404.5701115,12005.16418,237.1735894,0,266.4302383,0,0,0,0,39,0,0,0.544606485,0,0,4550.80114,0,0,2079,0,0,0,3402.491626,0,0,137.7387401,375.4673451,3215.960893,0,0,0,216.646396,0,2,1283.090716,0,0,1450.71024,0,0,0,0,0,0,0,0,0,0,0,0,0,0,0,37500.13629,0,0,37323,234.3030566,0,0,0,0,1350.139147,0,4764.022826,0,76.71486661,0,0,0,0,0,124.2039678,0,248.6009872,0,2049.915785,0,0,0,551.0322536,12695.56279,0,873.7137121,623.5892315,29.85779331,0,0,0,0,4.523675163,1.79297874,0,95.46131484,0,11215.54796,0,0,877.9097552,0,7,0,1881.096733,245.6064436,1705.993846,0,358.9877731,0,0,0,0,385.0898042,0,283,0,0,1489,0,0,12,110.5252375,609.7025743,0.226417692,0,0,0,162.4560174,0,0,0,100.2329325,3024.351256,0,25,0,0,0,206.8909658,0,279.4509246
M227-eWAT 1460,0,0,0,0,0,0,0,0,0,0,0,0,0,0,0,0,0,0,0,0,0,0,0,0,0,0,0,0,0,0,0,0,0,0,0,0,0,0,0,0,0,0,0,0,0,0,0,0,0,0,0,0,0,0,0,0,0,0,0,0,0,0,0,0,0,0,0,0,0,0,0,0,0,0,0,0,0,0,0,0,0,0,0,0,0,0,0,0,0,0,0,0,0,0,0,0,0,0,0,0,0,0,0,0,0,0,0,0,0,0,0,0,0,0,0,0,0,0,0,0,0,0,0,0,0,0,0,0,0,1226.648519,8224.72741,177423.73,32251.00702,1610.897186,49139.19407,714248.8729,3811.589656,17999.82585,5179.415327,190211.5552,70653.20199,551324.3427,522.2982149,0,4853.646735,0,571,70763.28894,0,0,691099.08,1650.868851,477.6859947,0,1290.118736,0,2326.103989,13867315.97,0,40012.27258,701210.9854,1609.922322,435.6752749,753.1539286,39627.57386,0,4675.681612,464.7656034,9254.690443,7450.691391,107844.0149,0,2035.700176,598.730038,5393.256634,2100.103952,1942998.458,0,5944.578433,3285.076271,468666.3824,1309.771531,0,311.4105641,3622.12628,87722.54131,816665.8094,3085.410696,18750.09386,155.1770885,336.8515463,768.1485603,13719.13228,2042.046441,33291,0,812.4080057,4555.174089,0,408.4342551,2160517.706,0,5155.937947,1133658,116.9982303,179.6730026,1840.297628,1345061.986,570.7387333,474.7117385,10583.06971,13023.18769,189298.01,0,702.1632539,0,1293.422907,4266.797863,3099,664415.6228,181.0681422,503.5549379,308206.9555,0,0,2249.673574,0,2856.056188,0,2331.72378,0,2641.20091,3892.859037,64067.24062,0,1653.020619,0,2515.001437,6601865.294,12937.4999,594.7191305,4535686,0,7641.994183,0,2190.683336,912.6696283,23018.80085,295.8692266,15893.75763,7394.854506,100216.2021,17926.65174,2163.947812,113.4475753,469.586507,945.7874402,11749.28982,69.55409509,2725.58309,0,5934.340381,13417.45266,192995.5168,9056.15423,120421.3014,2301897.61,865.8834904,20815.86379,120481.3561,0,0,0,814.4846982,891.0158682,11200.12,237.061867,3349.150385,4445.747562,74935.30829,1905596.015,2979.305265,361.2432533,15630.07382,11363.56119,4906,22841.02722,367509.9145,16029.46363,177001.6764,0,841.488259,14218.65339,2792.702588,195.6744924,10796.94255,159194.52,0,1514,0,1387.249102,87960,185.6327357,4477.293256,2555,9259.157447,141615.1221,281.724607,7004.46473,206.09592,4455.198776,7490.203381,90.44733806,0,1581.865971,12417.66251,181516.1564,6418.745792,3389,115.2572763,866.5146158,720.7518,8178.073161,0,1160.542895
M228-eWAT 1461,0,0,0,0,0,0,0,0,0,0,0,0,0,0,0,0,0,0,0,0,0,0,0,0,0,0,0,0,0,0,0,0,0,0,0,0,0,0,0,0,0,0,0,0,0,0,0,0,0,0,0,0,0,0,0,0,0,0,0,0,0,0,0,0,0,0,0,0,0,0,0,0,0,0,0,0,0,0,0,0,0,0,0,0,0,0,0,0,0,0,0,0,0,0,0,0,0,0,0,0,0,0,0,0,0,0,0,0,0,0,0,0,0,0,0,0,0,0,0,0,0,0,0,0,0,0,0,0,0,12588.59151,58475.07882,168886.0304,98390.44194,3549.267357,51685.33668,694350.3702,3468.436759,19282.20511,5022.857459,182934.829,64722.95047,517689.5058,23598.87652,11.54256166,95867.68265,242.4753709,2691,727887.0154,1513.297827,897.2456455,3317365.563,7788.395956,4521.757667,1429.534918,19691.7372,0,5861.926209,37551419.93,650.7700746,94943.70811,1776818.995,4178.76805,521.8653847,1507.392113,64883.13981,1779.041387,36500.21548,1474.103992,18238.72711,26976.88773,311385.6488,212.0710162,4654.585373,446.9547652,8157.092476,5074.056592,5288164.235,331.9371427,11734.51508,5492.146181,815875.4737,1388.726215,299.2278309,394.8107427,5892.446871,76621.60887,949495.6144,2297.213879,16164.25104,1220.576338,17005.77775,1421.960195,17424.42619,8101.519374,97661,0,1175.64017,5901.323615,0.874088617,960.2426857,2893731.767,215.896076,7802.995695,1796883,0,1228.295333,3446.84691,2333721.293,1938.580487,414.6224397,23297.87464,17421.28019,248058.2936,2049.439663,34592.92699,0,2909.642509,6155.609218,4259,949400.3421,244.8747012,575.0204343,409268.7727,0,208.1375415,5393.4075,0,3991.095874,0,11599.43314,0,3860.779571,7909.295092,113847.9039,0,2099.678819,0,2989.727507,11507651.96,19176.29475,1747.434333,5903043,0,15500.09678,239.8129641,3038.253548,446.0232994,42903.52384,803.9270886,34825.40686,8350.613687,124688.6233,14551.12627,2627.009938,203.9966582,4368.86898,910.9583344,25363.31726,0,10152.78397,640.731641,24614.98614,13874.96796,238269.3032,15589.31336,316538.6732,3981935.54,1576.918545,44716.19411,173864.949,0,0,0,1796.071438,700.0164022,10496.12739,0,3892.488751,5096.106985,85536.30216,2764913.394,7738.730963,1069.727827,47568.67032,13877.38401,9800,38404.34333,510246.1298,20005.90449,347396.326,695.7389348,13548.74733,13457.65061,7228.866281,245.6332181,15468.66293,250356.1765,122.8777454,2967,0,2092.754307,141095,297.6457559,6292.723874,2586,10638.46557,169257.3467,703.0845239,6872.619191,657.4191232,5424.403841,39176.85413,0,278.3064741,1797.319427,22161.00167,247613.323,6992.542255,4266,131.3271266,1811.30961,900.3061969,9475.149508,224.5482685,1999.389191
M229-eWAT 1462,0,0,0,0,0,0,0,0,0,0,0,0,0,0,0,0,0,0,0,0,0,0,0,0,0,0,0,0,0,0,0,0,0,0,0,0,0,0,0,0,0,0,0,0,0,0,0,0,0,0,0,0,0,0,0,0,0,0,0,0,0,0,0,0,0,0,0,0,0,0,0,0,0,0,0,0,0,0,0,0,0,0,0,0,0,0,0,0,0,0,0,0,0,0,0,0,0,0,0,0,0,0,0,0,0,0,0,0,0,0,0,0,0,0,0,0,0,0,0,0,0,0,0,0,0,0,0,0,0,463.0182758,9434.108141,157273.4068,39000.07531,3028.035709,47752.31413,684069.2345,3745.327428,16612.31145,5183.269159,193392.4019,58325.74861,517636.9317,907.6304537,0,8403.536377,0,1505,125357.0082,0,287.0741486,889050.8521,2184.315065,783.543867,0,1564.973013,0,4031.838577,20064014.88,0,67801.64239,1108769.171,2029.688981,547.3640899,1813.371361,84724.00776,536.0547908,8485.817327,1465.204268,10306.22985,9977.718396,129606.5577,116.4495335,615.5281535,559.97333,8290.294927,2572.075513,3124378.395,0,8075.398685,4202.67526,541847.4148,1772.19896,635.1510281,0,8108.504845,101939.6425,1167440.691,3288.161949,18491.61055,0,1506.583407,1662.307461,18089.54968,3356.397317,52804,0,1043.550445,3704.187997,125.2311093,354.0976061,2042858.638,0,5927.876682,1318333,0,686.0124942,1312.396116,1674676.886,1989.766634,371.0443021,18950.30249,14841.02983,171862.3364,249.2588186,1194.049646,153.6150441,2056.942363,8384.71673,3110,730066.7197,0,782.0922983,393855.8465,183.6138889,0,2431.396356,0,2972.229547,0,3128.143418,0,3030.164064,3574.604786,54027.60871,0,1213.085908,0,1940.955809,6763044.934,18070.44204,320.6645274,5068824,0,11270.90121,115.7004587,1297.538778,1146.076141,41680.3143,710.2218643,31292.88833,6677.151916,94591.89071,17514.68319,2066.477217,0,437.7531989,907.5617908,14016.51573,0,4445.4468,0,3670.659599,11057.83834,194471.4118,10260.29883,146261.5822,3094149.564,553.1675895,32765.05014,123437.4601,325.9427352,166.2899463,0,712.9197541,674.5073954,11791.34355,0,3950.309183,4974.645547,90452.65042,2278187.744,4360.65706,678.58127,37178.98329,11613.42243,8427,28011.67838,421701.5953,16302.15988,207028.704,0,890.8556252,15618.21361,3448.492826,113.7980812,9805.709116,165953.5403,0,1577,0,2012.990024,89551,101.976985,5385.515483,1664,11096.99708,116445.8338,336.7150878,6838.930586,456.7155849,4814.453808,7497.342208,0,0,1152.364947,10716.33205,167048.1769,5076.064269,2229,0,835.4150604,592.0845028,6933.790692,0,1199.085682
blk9,0,0,0,0,0,0,0,0,0,0,0,0,0,0,0,0,0,0,0,0,0,0,0,0,0,0,0,0,0,0,0,0,0,0,0,0,0,0,0,0,0,0,0,0,0,0,0,0,0,0,0,0,0,0,0,0,0,0,0,0,0,0,0,0,0,0,0,0,0,0,0,0,0,0,0,0,0,0,0,0,0,0,0,0,0,0,0,0,0,0,0,0,0,0,0,0,0,0,0,0,0,0,0,0,0,0,0,0,0,0,0,0,0,0,0,0,0,0,0,0,0,0,0,0,0,0,0,0,0,83.67084814,427.1633485,6387.462418,5002.294308,1060.206197,2921.94836,5456.328452,0,488.1384943,25.30056759,413.286251,0,804.4477094,192.1177289,0,375.0681546,0,56,2172.100511,0,0,3205.60362,0,0,0,0,0,367.7458402,69054.25335,0,275.3844686,318.941989,0,3.723021157,0,375.074491,0,0,0,0,0,552.2755384,0,352.1203739,57.43166893,0,0,4317.158507,0,0,0,1051.207992,0,0,0,166.8099834,882.1962613,8720.258875,0,78.57883413,0,0,0,0,0,132,0,0,0,0,0,7354.273339,0,0,1916,0,0,0,2073.707729,0,0,0,0,2634.004016,0,0,0,0,0,136,881.4978049,0,0,2010.041903,0,0,0,0,0,0,0,0,0,0,0,0,0,0,0,46962.66042,744.1393509,0,39641,48.60435266,0,0,0,0,1809.264777,299.6877198,5897.136009,0,149.5944953,129.983113,0,0,87.83665561,0,112.1205356,0,114.1471014,0,1880.836001,0,381.7313305,0,251.4566877,11766.70949,0,257.0438495,552.3860616,0,0,0,0,0,0,0,0.864483207,0,0,8462.556332,258.0838259,114.8318069,1379.440459,0,1,0,1918.376249,113.9149872,2616.890786,0,117.3731557,0,0,20.90043488,0,223.6510783,0,80,1.192405869,0,1797,254.043685,0,0,0,317.97818,0,0,0,0,102.9535618,0,0,0,0,3048.03951,0,8,0,0,0,300.8303574,0,413.9269571
M230-eWAT 1463,0,0,0,0,0,0,0,0,0,0,0,0,0,0,0,0,0,0,0,0,0,0,0,0,0,0,0,0,0,0,0,0,0,0,0,0,0,0,0,0,0,0,0,0,0,0,0,0,0,0,0,0,0,0,0,0,0,0,0,0,0,0,0,0,0,0,0,0,0,0,0,0,0,0,0,0,0,0,0,0,0,0,0,0,0,0,0,0,0,0,0,0,0,0,0,0,0,0,0,0,0,0,0,0,0,0,0,0,0,0,0,0,0,0,0,0,0,0,0,0,0,0,0,0,0,0,0,0,0,1240.770386,12937.58858,183688.6856,35384.14215,1432.132064,53722.91307,830580.3642,4043.808037,19123.55636,6078.366072,243152.3147,64036.39271,620178.6762,461.7732308,0,4749.229121,0,688,83060.24901,0,0,693401.9367,1938.864526,396.6228869,0,1447.667113,0,2303.317617,19148904.75,0,49113.32184,890323.0461,1567.620763,413.6500405,1157.849473,31809.93611,0,5123.146059,800.672098,9238.718735,9927.909237,145398.5144,219.8720501,4356.586118,990.7245497,8069.557577,1754.120163,2499159.016,195.9970974,5690.425339,3198.349752,513817.347,860.6648129,190.2863989,153.5938956,3968.041735,61166.29576,1059334.854,2787.136502,19096.47532,45.56763218,935.9965996,2228.974963,20258.05283,2885.678215,44346,0,1099.27556,2965.770704,0,0,2110492.374,0,5716.159575,1247299,0,314.5271795,2298.483119,1510207.297,1753.802632,153.9689158,9157.107062,12863.21873,174838.8586,0,1026.69485,0,1335.764798,6368.800951,1911,837331.9012,224.3630906,332.9214314,268772.4734,250.6906163,0,1821.595409,43.01963749,4647.079133,0,3077.683784,237.0049005,3514.335702,3711.571965,51689.54346,0,1289.602415,0,1445.097654,7180744.898,9450.94679,1185.818173,4665623,114.9096135,11567.17084,239.6966503,2545.19068,687.6988913,26008.96063,0,9779.5807,6451.565633,64254.64769,15267.36676,808.0347417,0,556.1975595,1031.792745,13699.11655,0,2540.845902,0,4231.916627,15673.35946,232932.2934,12956.11049,207932.3076,2697457.878,512.885109,18736.81088,102951.8528,5.205582779,28.60760056,0,468.2512927,685.206923,9748.373868,206.8338318,4814.915785,6848.108715,85749.56254,1546100.947,3130.23533,102.9573015,19442.03712,17534.80563,7642,28546.96495,426675.5922,13660.6332,194743.3082,0,496.6126058,18158.2366,3601.743966,280.1792382,11859.79173,198916.3098,0,1309,0,1265.391176,88534,72.92328746,6910.300017,1841,10473.10706,129495.4078,447.5827932,4903.746686,367.5704062,6181.018225,6840.771796,0,0,1348.903217,13687.61066,200481.2688,7409.971184,3282,0,873.0413128,778.4737504,7543.457268,189.5189669,1384.191047
M231-eWAT 1464,0,0,0,0,0,0,0,0,0,0,0,0,0,0,0,0,0,0,0,0,0,0,0,0,0,0,0,0,0,0,0,0,0,0,0,0,0,0,0,0,0,0,0,0,0,0,0,0,0,0,0,0,0,0,0,0,0,0,0,0,0,0,0,0,0,0,0,0,0,0,0,0,0,0,0,0,0,0,0,0,0,0,0,0,0,0,0,0,0,0,0,0,0,0,0,0,0,0,0,0,0,0,0,0,0,0,0,0,0,0,0,0,0,0,0,0,0,0,0,0,0,0,0,0,0,0,0,0,0,283.0510908,5347.947031,163014.5113,32523.40152,2693.883581,45915.52157,686057.509,3700.609998,18520.8695,5221.960507,185342.7036,62147.9901,506216.6011,651.8201895,0,3860.379351,0,1375,77919.15425,0,0,805302.5056,1602.017615,781.0299671,0,1261.512777,0,2175.186049,18520197.3,0,43734.37152,851858.7099,1683.205747,574.879843,1348.024435,41724.66965,92.31236975,6856.876943,495.5483129,7391.393902,6589.532605,79053.79852,322.1647613,3874.901831,402.1884052,4378.086032,3257.032876,2020675.418,0,5789.352728,5446.723735,391225.5088,791.9480132,192.4293221,573.3531542,4397.552193,51310.73823,838256.1469,2691.299676,13080.98452,0,366.7195613,382.9202399,13143.48538,2444.73208,29923,0,765.1636644,4628.543631,0,730.4081839,1490868.388,83.94363581,3589.580616,1054402,0,428.3128931,2336.52602,1465958.943,1844.718451,0,16733.60493,11304.82694,137945.6751,257.2953048,188.7000425,0,1369.278487,3685.633086,3203,759500.4075,0,339.7697711,303616.2359,0,0,2969.117473,61.26245542,2661.400134,0,3184.790502,0,2290.731697,2904.474525,38472.59069,0,1517.298313,0,3232.436779,6145045.013,11187.96696,590.6234342,3404702,0,6550.088522,0,958.0279033,465.6641026,36694.62922,503.1541166,17345.91523,5141.607846,55715.4584,9185.096899,1000.79982,178.9156718,636.3596715,1001.814259,10446.2604,0,2083.666633,0,2013.566499,9493.125098,135744.1631,7276.29593,101008.0723,2286099.921,0,22473.47194,87730.5694,44.04389345,266.5937741,0,814.2346011,419.4369791,6733.241192,206.8664277,2550.590457,4080.900991,55958.70253,1093078.906,1293.125742,211.9302287,18550.36007,11432.19111,5525,15934.60696,287711.3543,12283.65455,138772.459,0,700.2055909,13179.10486,2547.587858,231.8958318,9324.066975,148737.5109,0,1627,0,1849.332087,78888,25.49920457,4875.99285,1822,5470.446444,97631.64429,301.4995564,4503.9358,250.8345975,3763.118543,6670.967603,100.2616102,0,1301.46884,11955.42285,175361.6286,5942.125283,4030,0,1026.377439,483.8217589,6769.623248,145.821724,1049.829945
M232-eWAT 1972,0,0,0,0,0,0,0,0,0,0,0,0,0,0,0,0,0,0,0,0,0,0,0,0,0,0,0,0,0,0,0,0,0,0,0,0,0,0,0,0,0,0,0,0,0,0,0,0,0,0,0,0,0,0,0,0,0,0,0,0,0,0,0,0,0,0,0,0,0,0,0,0,0,0,0,0,0,0,0,0,0,0,0,0,0,0,0,0,0,0,0,0,0,0,0,0,0,0,0,0,0,0,0,0,0,0,0,0,0,0,0,0,0,0,0,0,0,0,0,0,0,0,0,0,0,0,0,0,0,1949.801057,38649.94417,200130.3643,111234.4244,7657.804107,57233.22554,802500.9323,4143.253906,20605.08749,7610.60113,255160.2666,68804.55859,619313.3727,858.8436178,0,7695.211108,0,2699,110643.9716,0,494.4822701,1113579.559,3110.932711,1781.999582,0,2392.830819,0,5726.994725,31027401.02,0,77689.65271,1726845.513,3109.436062,1243.379272,2119.813669,79745.07601,0,4768.208935,1086.458886,12137.39008,9721.040883,147298.0392,76.23822491,6914.693409,883.9867823,17273.91153,5457.386782,3717127.058,0,13724.01562,10181.14823,330779.3644,383.2133821,697.8076804,265.8215767,9057.351368,62409.68615,943980.1285,1213.478356,13282.35501,36.05990451,188.9235896,2117.910216,38381.5639,2662.263323,63726,125.1214291,1156.933436,10786.78373,0,1059.0642,1632281.387,0,4278.216868,1143737,0,90.87293454,3206.101783,1750437.3,2027.315915,431.1186573,11041.54442,20226.87691,247939.7412,0,110.5424105,0,1890.923754,5632.069635,5338,1081684.725,95.97153402,959.2832939,272738.8631,0,0,5576.059614,246.5665187,3270.137851,0,5624.08304,138.5887948,2138.821749,2215.476303,32916.35276,0,4711.395923,0,6818.939625,7796811.672,18339.33981,802.6537289,4109623,0,9699.839186,0,2916.315946,1340.583228,37938.58407,483.2702133,22851.67029,3691.679002,54000.68943,7734.952678,1837.382546,24.60872537,306.4820357,849.3477148,9783.272203,0,4849.55591,0,3689.622877,13002.45341,237109.1113,7900.938088,135567.5417,3124284.967,1838.942429,44101.89556,132298.1255,55.47573377,87.2940731,0,1235.441745,750.4656025,9666.234058,325.0227513,3966.885152,6186.894528,69405.80973,1453234.166,2659.113225,599.493614,20332.94034,20596.28745,8600,26330.40231,432393.8539,11756.41523,182271.4298,0,602.7984275,15200.55435,3523.548964,0,15791.66237,283516.9059,305.4396198,2763,167.6468183,2499.001385,102932,54.50115617,5796.299125,1930,8043.439881,105083.8244,303.2477914,6110.926897,237.9301053,5885.435567,12571.87063,119.875054,113.8383313,1721.334542,18823.76579,279318.7846,8758.520997,4226,0,2158.771866,761.4714429,9424.675548,0,1772.011
blk10,0,0,0,0,0,0,0,0,0,0,0,0,0,0,0,0,0,0,0,0,0,0,0,0,0,0,0,0,0,0,0,0,0,0,0,0,0,0,0,0,0,0,0,0,0,0,0,0,0,0,0,0,0,0,0,0,0,0,0,0,0,0,0,0,0,0,0,0,0,0,0,0,0,0,0,0,0,0,0,0,0,0,0,0,0,0,0,0,0,0,0,0,0,0,0,0,0,0,0,0,0,0,0,0,0,0,0,0,0,0,0,0,0,0,0,0,0,0,0,0,0,0,0,0,0,0,0,0,0,368.4968312,634.546877,7310.508125,2476.921473,1859.533937,3587.286377,5580.781393,0,581.9453506,0,446.9862201,0,869.5636142,0,0,0,0,1,1360.28008,0,0,2402.484575,0,0,0,0,0,320.7441664,68693.55746,0,391.8871463,698.7211437,0,12.69085228,0,0,0,0,0,189.4917009,0,392.040206,0,70.98671528,0,0,0,9578.071667,0,164.739371,0,299.7010967,0,0,0,307.5852792,956.3732406,9281.084797,0,311.0025861,0,0,0,0,0,120,0,0,0,0,0,5898.504203,0,0,3631,0,0,0,2150.157319,0,0,0,0,3350.134221,186.4868402,353.9053383,0,0,0,40,731.7231002,0,0,1208.980631,0,0,0,0,0,0,105.70263,0,103.6493377,0,0,0,0,0,0,46838.20215,0,0,42799,0,0,0,0,0,1244.627369,276.9684872,6288.138868,111.4425557,79.24505409,47.3851586,0,0,145.802131,0,0,0,139.6399214,0,2150.804173,0,386.8590683,0,314.6276851,16743.08328,0,420.521725,306.8560541,0,0,0,0,6.692694525,0,0,0,3.146168787,0,11696.41475,0,0,891.2078931,0,27,234.0252788,1477.339109,229.4385831,2517.766374,0,0,0,0,0,0,325.8278129,0,26,0,0,577,167.595612,0,1,153.7449736,346.2021434,0,0,0,0,1421.233265,0,0,0,255.6117979,1677.121072,0,11,10.55263618,97.01766227,0,225.1031366,9.886458638,465.3004207
M233-eWAT 1973,0,0,0,0,0,0,0,0,0,0,0,0,0,0,0,0,0,0,0,0,0,0,0,0,0,0,0,0,0,0,0,0,0,0,0,0,0,0,0,0,0,0,0,0,0,0,0,0,0,0,0,0,0,0,0,0,0,0,0,0,0,0,0,0,0,0,0,0,0,0,0,0,0,0,0,0,0,0,0,0,0,0,0,0,0,0,0,0,0,0,0,0,0,0,0,0,0,0,0,0,0,0,0,0,0,0,0,0,0,0,0,0,0,0,0,0,0,0,0,0,0,0,0,0,0,0,0,0,0,1097.979547,21859.20094,178847.1117,65310.04286,5814.90319,58664.8503,873379.964,4215.475828,21511.46075,7567.077304,270013.3529,67734.72698,591356.5308,816.2369774,0,7265.247355,0,3068,121014.8615,0,235.9671845,1001012.061,2643.122828,2071.852083,0,1685.795299,0,5048.604092,30064392.9,0,65190.60695,1652471.775,2469.807106,1839.483802,1541.810652,60576.75374,0,4678.046345,1067.865217,10067.05889,9638.155782,142634.9125,272.0145858,6683.789031,513.5501859,13398.30452,6756.862924,4633166.461,0,10900.61224,11513.49949,302789.7685,341.9992856,1177.221853,224.454709,8140.293567,64612.27633,772790.0542,3036.620866,15037.04394,0,319.3084976,1757.805094,35236.75588,4331.447133,60154,0,679.5615421,10085.11056,0,699.752321,1532055.408,0,3806.651643,1390176,0,302.6875613,2273.307382,1945344.965,2568.351347,758.6204811,16255.99352,21108.75833,248944.0572,0,140.685245,0,2758.875808,8665.560261,4035,1218469.926,162.4081985,2466.331409,290218.7515,0,0,4365.533449,417.480677,3600.333407,0,5014.639443,0,1943.433828,3416.182384,32943.25729,388.3438537,4122.648281,0,2986.352395,9182454.418,15545.38335,1081.405926,4012027,0,9170.106905,2.236802322,2058.456139,1063.5084,39593.74187,920.2031121,21171.14313,4352.663672,53386.93871,8661.452716,1345.058848,0,222.0994387,521.105556,10924.09063,0,3681.38855,0,3886.520446,12343.03772,241263.3272,8445.874791,117574.4705,3241841.962,881.7470605,51044.15352,136103.2732,456.1230182,0,0,746.7557799,604.4578317,9867.638366,0,3455.44749,5023.547703,76229.53156,896127.4382,2379.038243,807.1155616,18386.08862,25748.80599,8261,23150.08645,343621.5368,11261.55892,157398.96,0,817.0463351,21050.83816,3365.591036,43.43778762,20857.02359,261806.601,0,3523,148.4049041,2697.832826,103444,217.5484079,6664.170133,1510,7172.392065,100405.6433,430.9500514,4332.938294,225.7502416,6035.415548,9640.114642,0,79.12436299,1132.055027,16810.64469,244232.0711,11875.7413,3130,137.7269712,1606.051794,683.3387779,7991.660289,0,1587.978825
M234-eWAT 1974,0,0,0,0,0,0,0,0,0,0,0,0,0,0,0,0,0,0,0,0,0,0,0,0,0,0,0,0,0,0,0,0,0,0,0,0,0,0,0,0,0,0,0,0,0,0,0,0,0,0,0,0,0,0,0,0,0,0,0,0,0,0,0,0,0,0,0,0,0,0,0,0,0,0,0,0,0,0,0,0,0,0,0,0,0,0,0,0,0,0,0,0,0,0,0,0,0,0,0,0,0,0,0,0,0,0,0,0,0,0,0,0,0,0,0,0,0,0,0,0,0,0,0,0,0,0,0,0,0,800.0160642,15697.67801,181196.3207,57626.22579,4826.719522,50027.37728,728338.8712,3717.021101,17399.95733,5628.592778,197794.2843,63457.95435,530213.8321,629.0527621,0,6656.99017,0,2461,105486.8053,0,158.4976942,967175.264,2708.792595,2321.711663,0,1888.484045,0,3844.94036,23077922.32,0,58379.79467,1180705.676,2157.898307,1072.763366,2264.172641,73895.17758,0,4959.715595,602.1917706,8975.539959,10709.68584,132800.8699,335.4727892,5700.383007,589.0123955,8099.813306,5686.164042,3471112.236,0,9297.887806,11433.22244,295103.9387,260.0697299,1084.272109,0,7994.9471,72407.93959,1021705.385,3390.23804,13236.31806,0,255.4710886,951.1557459,17634.44516,2938.503834,42851,1.047493263,533.0844674,9518.924135,0,1148.323766,1460740.075,0,3372.945644,1035509,0,176.2422931,1138.026995,1837837.63,2053.191168,713.0460578,14891.91555,14912.70453,180929.0926,0,839.3895805,0.771508927,2451.146129,11078.10775,1753,1318433.316,379.5489872,1333.966486,222401.6513,0,105.0694349,3448.584774,0,1782.640416,0,4782.695488,195.2434885,1684.15023,1923.856728,29011.19477,256.3256309,3178.88913,137.1454214,3135.844351,6573838.464,12497.26133,648.7531793,3484274,0,7780.338707,0,1218.686817,1036.480748,26469.38424,267.3357255,19848.799,4078.668159,57680.72673,11249.04811,103.0297746,0,401.2906555,555.1302893,8875.420036,0,3730.383889,0,1442.716329,7949.488741,151568.3969,7351.856924,101305.9915,2669776.638,1138.737568,39773.47867,120434.6515,0,24.97271501,98.53468864,612.1693523,708.12694,7779.833893,0,3149.749536,3498.236605,61800.4811,750546.8903,2902.371732,419.2169719,16316.6928,17309.46014,5226,17499.46138,270221.0316,7994.566249,117864.7891,0,450.3281191,14786.35394,2626.465853,0,15690.06952,224534.6916,238.3476945,1961,129.4741376,2614.066677,88056,72.28815789,6134.764907,1104,6334.178498,72479.90341,0,3451.089257,198.2100749,3965.1843,7895.37018,0,12.87121058,1085.594635,13480.41113,201263.9633,9225.759886,3946,0,1301.704893,802.6185069,6815.338114,0,1268.355628
M235-eWAT 1975,0,0,0,0,0,0,0,0,0,0,0,0,0,0,0,0,0,0,0,0,0,0,0,0,0,0,0,0,0,0,0,0,0,0,0,0,0,0,0,0,0,0,0,0,0,0,0,0,0,0,0,0,0,0,0,0,0,0,0,0,0,0,0,0,0,0,0,0,0,0,0,0,0,0,0,0,0,0,0,0,0,0,0,0,0,0,0,0,0,0,0,0,0,0,0,0,0,0,0,0,0,0,0,0,0,0,0,0,0,0,0,0,0,0,0,0,0,0,0,0,0,0,0,0,0,0,0,0,0,535.8143466,18748.86817,167575.0298,66082.29816,5460.585384,52112.66029,755055.9061,3579.88923,21997.9818,6251.839694,250351.1704,64021.35399,517956.4997,907.0338281,0,7618.877628,0,4650,101397.7304,0,305.8875074,969692.7752,2521.088341,2974.39307,144.0447214,2318.178273,148.1642239,9837.789751,29458729.76,0,71579.19894,1315915.971,2235.736639,1310.649097,3455.701169,74808.92057,337.1533298,5099.436309,965.325001,9964.526987,10410.05279,160015.0299,465.4836992,5228.761765,955.9201774,12100.88391,7713.877165,4574312.463,0,13374.18296,8890.575438,308044.6902,0,818.1888278,0,9679.075974,85447.5125,1066843.304,3779.065693,20108.94092,0,157.8750642,1484.778558,23848.72972,3799.775719,55228,0,524.6128978,12815.7198,0,1530.115194,1551549.92,0,2940.322807,1148584,0,279.0100725,2859.729431,2035915.554,937.1458901,560.8822266,13884.1422,23198.06926,298794.7455,0,0,148.5560279,2617.150731,7983.05813,4086,940712.1667,248.4625487,2363.981629,288302.1481,0,0,6885.262755,137.8343235,3025.933644,220.334542,8144.582855,0,2003.332383,2017.606088,29300.11762,0,5755.335182,207.5826238,5425.154103,6948702.91,13560.30264,1075.229931,3868441,0,7945.712324,0,1727.483541,1406.314258,58070.06336,0,22441.01875,4383.179907,72007.20026,10664.21435,1772.172831,0,200.8763983,532.1588553,10097.85145,184.5220911,6925.155545,223.1475544,3046.071336,10476.09009,182476.5814,8870.276323,136404.1448,2928722.784,1413.425734,48283.00228,135085.5104,0,157.0305604,0,1329.585661,449.9674151,9686.434941,0,2565.675818,5200.901719,84316.49227,1299379.041,3816.587122,732.9825881,27390.45926,19593.33923,8354,26317.69259,568476.1429,13721.32276,187280.3568,43.9264839,345.8965751,16833.31491,2678.370975,183.7472161,17666.66824,212917.2619,82.94692662,3018,156.5998251,2221.640411,88639,235.2735847,6333.064251,1833,8544.130304,102261.005,233.6716349,3722.415627,217.5625701,4620.931182,10915.8488,0,0,1377.475099,16884.98167,219827.0557,9869.305349,4016,129.6176505,1248.610898,841.4821669,7493.912421,101.4534366,1142.672416
blk11,0,0,0,0,0,0,0,0,0,0,0,0,0,0,0,0,0,0,0,0,0,0,0,0,0,0,0,0,0,0,0,0,0,0,0,0,0,0,0,0,0,0,0,0,0,0,0,0,0,0,0,0,0,0,0,0,0,0,0,0,0,0,0,0,0,0,0,0,0,0,0,0,0,0,0,0,0,0,0,0,0,0,0,0,0,0,0,0,0,0,0,0,0,0,0,0,0,0,0,0,0,0,0,0,0,0,0,0,0,0,0,0,0,0,0,0,0,0,0,0,0,0,0,0,0,0,0,0,0,157.6406577,344.1835374,6883.75877,6459.479967,638.2144019,2764.579473,5598.301947,0,411.8466376,0,539.8173244,305.085599,932.2645339,0,0,412.4726024,0,12,1958.06779,0,0,2857.497661,0,22.67259137,0,0,0,295.806248,70566.54608,0,481.2140366,40.17318122,0,4.386517832,0,245.4771681,0,203.2844474,0,0,0,558.9389741,0,46.53795492,0,0,0,4995.136592,0,0,0,1162.122216,0,0,0,196.6842233,1188.14228,9810.156405,0,185.2977996,0,152.9133859,0,0,0,60,0,0,0,0,0,6396.087524,0,0,1350,0,0,0,1334.10109,0,0,100.4010417,293.1016134,4705.702556,0,0,0,0,0,0,542.5282052,0,0,1548.832328,0,0,0,0,0,0,0,1.549560312,0,0,0,0,0,0,0,44749.41036,0,0,43999,0,292.1976413,0,0,176.3392053,1130.254777,0,5886.439686,0,123.4940849,0,0,139.257004,0,0,106.9060724,0,215.3398874,0,2339.339565,0,463.6048218,0,901.7696967,18412.68276,0,1075.930077,245.0474534,0,0,0,0,0,0,5.290315663,0,0,0,13799.16301,0,0,1360.362323,0,132,216.2112066,1304.461011,0,3914.928095,59.47240208,203.5369732,0,0,26.35636437,0,425.0557365,0,50,0,2.730610339,2009,167.8709997,0,26,82.95042146,599.0633671,0,0,0,0,523.0516707,0,0,0,0,2996.010681,0,55,0,0,0,252.7875002,0,375.3557775
M236-eWAT1981,0,0,0,0,0,0,0,0,0,0,0,0,0,0,0,0,0,0,0,0,0,0,0,0,0,0,0,0,0,0,0,0,0,0,0,0,0,0,0,0,0,0,0,0,0,0,0,0,0,0,0,0,0,0,0,0,0,0,0,0,0,0,0,0,0,0,0,0,0,0,0,0,0,0,0,0,0,0,0,0,0,0,0,0,0,0,0,0,0,0,0,0,0,0,0,0,0,0,0,0,0,0,0,0,0,0,0,0,0,0,0,0,0,0,0,0,0,0,0,0,0,0,0,0,0,0,0,0,0,815.5669476,25076.97574,184261.1484,74068.11003,3683.662149,57459.13681,850905.1393,4367.824117,23350.94638,7090.175328,294233.5758,75497.14224,590908.1133,709.4286431,0,6026.247949,0,2942,109077.2718,0,0,763636.8987,2309.506888,2024.589761,128.3224248,2433.779612,0,5352.959707,24426494.27,0,67169.54364,1305049.379,2185.328517,1089.160844,2040.610529,96445.27453,168.8067281,4966.071911,1012.528648,12324.57829,12629.78442,145771.6391,670.4587075,6331.910882,1010.955143,15831.18072,5169.421733,3791296.019,0,8466.922536,6737.012234,257914.2935,191.052493,480.2662377,281.0994135,12844.20284,82803.51551,1077372.136,4170.916715,15020.18502,185.952592,776.4905319,3037.553585,48304.43379,3853.912687,61471,0,898.8750834,8955.870464,1.344466797,865.5857358,1544022.545,0,4170.294811,964931,0,212.4955698,1759.839802,1728652.046,1765.466018,0,16163.88839,17044.59829,286178.7914,0,646.2749681,0,2787.690886,6968.36927,5324,1073711.452,0,1319.941522,228743.0164,0,0,5640.069593,153.5708807,3945.719875,0,5740.83604,350.1920955,2831.24027,2881.326883,37662.65694,0,2053.254419,0,4837.810763,6002709.898,12029.09995,804.8385184,4943520,0,7843.182877,114.1238204,3533.918412,717.2310833,33059.78644,777.8682109,29683.02264,4675.944138,58603.36268,9606.799056,2486.006775,0,340.6264832,1089.135859,9585.233008,0,5328.124628,0,2751.584372,12066.75545,209109.1238,8814.057723,131867.4095,3223075.805,1486.838192,42958.63096,126997.4751,212.7780377,61.60226505,0,309.8376451,1214.382412,13036.77309,468.0319499,4851.158277,5176.56824,77950.17815,999337.9441,4038.968582,1117.288978,22753.33964,23536.08793,6844,30763.18009,524395.3789,11101.99416,187290.698,0,274.7357811,15979.11725,2664.325216,260.2189447,18221.10555,263927.048,0,3275,163.876031,2247.908416,92558,570.1116047,6795.02832,2416,7731.430854,127192.7213,209.8814779,5501.541203,428.5428475,4782.88536,10688.53443,0,0,1752.654031,19852.61293,285917.0059,10538.07082,4379,0,1901.727818,722.9110279,9344.255254,0,1282.654373
M237-eWAT 1982,0,0,0,0,0,0,0,0,0,0,0,0,0,0,0,0,0,0,0,0,0,0,0,0,0,0,0,0,0,0,0,0,0,0,0,0,0,0,0,0,0,0,0,0,0,0,0,0,0,0,0,0,0,0,0,0,0,0,0,0,0,0,0,0,0,0,0,0,0,0,0,0,0,0,0,0,0,0,0,0,0,0,0,0,0,0,0,0,0,0,0,0,0,0,0,0,0,0,0,0,0,0,0,0,0,0,0,0,0,0,0,0,0,0,0,0,0,0,0,0,0,0,0,0,0,0,0,0,0,1072.227686,21406.37365,166809.2503,71761.15675,3867.380396,49608.13482,690383.7516,3302.289857,17420.5375,5982.748227,201088.3873,66185.0598,564955.2892,790.9833049,0,4853.128126,0,2394,82154.42515,0,300.9012718,871445.1307,2670.876752,2677.813045,253.2485071,1595.880808,0,5310.398289,25100637.66,0,64345.89075,1091010.148,2327.309024,1637.96643,1223.480649,78993.32324,368.7218168,4710.538175,487.254083,8492.189301,9424.098753,118254.5135,0,4805.915095,857.5614825,8567.282373,7596.903031,3994526.605,0,10137.03995,11517.10915,264646.0923,732.8149335,916.6663146,201.6637848,10878.95106,78420.41598,785473.5762,3337.264204,14783.47534,0,0,318.8624025,21081.00912,3503.726571,40165,0,444.9258249,11983.01969,0,994.5507009,1654948.357,0,2574.437729,1039769,0,124.0131934,2334.55394,1627723.273,3017.467946,836.0210713,16961.95497,18085.51357,261852.0947,0,489.9465825,2.652310476,3431.296336,7145.62076,3938,1170790.845,98.33254519,1285.665391,260677.6533,0,0,5277.878138,108.112095,2764.380608,0,4406.873417,0,1412.364443,3100.831046,35113.82333,141.542575,5316.384604,0,6425.372956,7798967.992,14545.96609,263.8338958,3817199,0,8701.145535,304.2092707,2574.907653,1225.890447,46403.18682,0,33967.44562,2816.864639,55914.07136,6976.41551,2295.527314,0,158.834168,842.9471271,10209.42447,0,3540.667902,107.3277598,2838.102153,12506.12886,165937.4697,7891.716488,106083.1819,2888674.531,923.2562529,46917.70383,118131.6635,270.307691,0,94.92867047,668.9623009,412.4281756,7211.445379,0,3238.793707,3960.425222,50295.83876,1279220.843,539.9137893,852.9104929,21231.80652,17282.79616,6284,23515.88453,326333.5826,11357.65721,147847.5544,210.7977766,400.002513,13182.60648,2444.171474,230.1226782,16569.25238,230858.6018,91.12701462,2854,87.03966724,2719.716382,95089,264.178002,4456.922134,1397,8522.558168,91284.96647,266.1442294,2977.57362,157.2818269,4158.207683,7823.096908,0,0,1623.290351,16014.37108,204043.5405,7832.567281,4311,0,1764.338498,617.3323898,7145.964737,173.9294118,1497.175734
blk12,0,0,0,0,0,0,0,0,0,0,0,0,0,0,0,0,0,0,0,0,0,0,0,0,0,0,0,0,0,0,0,0,0,0,0,0,0,0,0,0,0,0,0,0,0,0,0,0,0,0,0,0,0,0,0,0,0,0,0,0,0,0,0,0,0,0,0,0,0,0,0,0,0,0,0,0,0,0,0,0,0,0,0,0,0,0,0,0,0,0,0,0,0,0,0,0,0,0,0,0,0,0,0,0,0,0,0,0,0,0,0,0,0,0,0,0,0,0,0,0,0,0,0,0,0,0,0,0,0,452.7456239,165.8160793,7923.043236,9646.232436,2364.162205,3845.343335,6835.285124,0,611.0298519,0,494.7403439,184.2843855,1015.158841,163.600248,0,0,0,31,2018.274517,0,0,2541.527181,0,0,0,0,0,272.7933743,69580.17432,0,187.3488007,492.2603298,0,0,0,588.688355,0,0,0,0,0,503.0088236,0,418.2869694,0.994484737,0,1.952366747,4772.91768,0,101.3134162,0,350.588955,0,0,0,141.8560006,701.250065,6323.900182,0,150.9881631,0,0,0,0,0,74,0,0,0,0,4.260091389,4493.568488,0,0,1713,0,0,1.273947092,340.0565911,0,0,0,260.0437809,3519.081921,0,189.6627476,0,0,0,2,445.7409218,0,0,1433.0951,0,0,0,0,0,14.70448359,270.4313167,0,1.557134945,0,0,0,0,0,0,32068.59609,130.145198,0,31577,0,0,0,0,151.9931658,1677.74349,206.3064563,4547.004008,0,0,0,0,0,101.241004,0,0,0,0,0,1338.74939,0,305.6310215,97.4983463,0,9458.637854,426.874657,411.721658,326.065628,0,0,0,103.3684842,1.210406973,0,1.473621193,0,0,0,7302.123908,0,0,1110.160091,0,21,0,859.9129118,184.6711903,611.7697943,0,0,0,0,0,0,697.7572106,0,46,0,0.771244305,209,713.0127139,32.08264017,19,0,169.7667789,0,0,0,0,584.8853517,0,0,0,111.3695406,1457.825603,0,28,0,0,0,283.0091217,0,337.9681813
M227-239QCeWAT4,0,0,0,0,0,0,0,0,0,0,0,0,0,0,0,0,0,0,0,0,0,0,0,0,0,0,0,0,0,0,0,0,0,0,0,0,0,0,0,0,0,0,0,0,0,0,0,0,0,0,0,0,0,0,0,0,0,0,0,0,0,0,0,0,0,0,0,0,0,0,0,0,0,0,0,0,0,0,0,0,0,0,0,0,0,0,0,0,0,0,0,0,0,0,0,0,0,0,0,0,0,0,0,0,0,0,0,0,0,0,0,0,0,0,0,0,0,0,0,0,0,0,0,0,0,0,0,0,0,1412.216164,19200.89865,177599.4589,53875.9504,3071.670277,54302.82191,695159.4624,4021.470862,18215.26343,6023.366729,208886.4409,64965.43373,542020.7519,2899.156386,0,12310.27455,0,2170,138870.1128,127.7616297,329.8160182,848473.8415,2022.00274,1685.364565,196.1425152,2616.661814,0,4543.329238,18254638.13,0,50323.32368,798629.8168,1312.693048,911.2098922,932.1176892,59061.81366,513.272896,7070.381747,1107.318652,9267.087875,9047.282581,152768.6433,243.8453166,4044.655444,567.4478079,8439.838003,3263.111855,2339525.512,0,7357.388743,5050.757503,362770.8013,831.2469415,344.1078326,342.1184665,6556.548779,64386.62819,900466.6389,1901.264783,11327.36295,106.2488182,1559.045925,964.1871844,15227.66747,3284.20942,42042,0,851.4858161,5891.896017,0,580.275229,1418068.157,0,4072.326675,881492,0,225.9242203,1384.954885,1208159.428,2244.330261,708.313939,13765.63269,12157.66558,174501.3797,331.3918174,3178.841379,0,2314.510224,5527.403986,2683,806848.0496,0,1517.991761,214285.3401,145.9891584,0,3104.383784,196.2456417,1782.718445,0,4679.568541,0,1613.626151,2944.422119,34903.79686,0,2448.103689,0,4287.541732,5890047.303,13217.02413,427.2758709,2979834,0,8368.994674,0,1003.256054,1366.289409,26903.35345,565.9846806,26660.05099,5705.080515,51530.39852,9823.183119,918.9854243,0,163.5924749,228.889981,9223.489406,139.038658,4347.990386,246.5563633,4453.006157,10008.09659,184755.2149,8754.856625,120647.3993,2976906.297,856.6467462,29337.84002,117742.4116,0,0,163.430405,1031.057898,662.6911607,6841.657284,0,2363.14527,3365.685144,61790.16029,1283058.912,1591.056235,405.3582757,14941.30994,13542.48609,5445,20904.96571,265505.7419,12684.08628,137919.3653,0,1014.160993,13322.4605,2490.470585,0,14142.62591,190265.0292,197.1731452,2473,244.7965878,2131.800293,80588,229.2486093,5822.119881,1632,7162.419987,95485.16823,482.3991185,4020.781887,0,3432.760204,11082.9503,0,0,1111.156954,14565.18134,194925.0452,7913.102134,2952,0,1223.001469,572.3421165,6852.834356,203.1083327,1632.699839
M227-239QCeWAT5,0,0,0,0,0,0,0,0,0,0,0,0,0,0,0,0,0,0,0,0,0,0,0,0,0,0,0,0,0,0,0,0,0,0,0,0,0,0,0,0,0,0,0,0,0,0,0,0,0,0,0,0,0,0,0,0,0,0,0,0,0,0,0,0,0,0,0,0,0,0,0,0,0,0,0,0,0,0,0,0,0,0,0,0,0,0,0,0,0,0,0,0,0,0,0,0,0,0,0,0,0,0,0,0,0,0,0,0,0,0,0,0,0,0,0,0,0,0,0,0,0,0,0,0,0,0,0,0,0,1468.852643,17042.89509,172921.4786,50870.10812,4075.704001,52736.36126,711781.5363,3672.14634,11089.37192,5065.565925,195903.9793,58734.47301,446385.6868,2421.972881,0,11675.12112,0,1927,124490.5383,0,0,726834.6108,2538.856407,1107.243115,128.7770226,2195.518984,0,3426.04046,13980748.92,0,44771.49931,400659.2977,575.3105443,724.8175528,953.8109114,36408.85415,267.9847023,5366.173216,553.5097346,5385.394861,11231.75617,118686.9023,238.4024709,3977.852398,354.6915307,4578.93611,1942.512274,1162855.531,0,2966.127078,2025.783679,288555.0411,547.0815375,166.0073227,455.8121078,5807.836709,65566.96628,732485.5481,2018.343037,11002.72223,338.4211026,1965.636552,811.4257852,9113.273952,1223.389851,13171,0,639.3966199,4508.348095,0,163.5699804,1132062.917,0,2980.082887,458205,0,356.7497287,126.2328025,808568.4161,287.9045327,0,4518.799701,12329.45642,134555.6292,0,2305.046802,0,839.8823618,3445.590644,1709,425249.5226,51.85869874,811.9722071,186122.24,0,0,696.6159798,208.9668941,2132.054126,0,2468.71097,234.5888047,691.9673066,1762.788175,25465.04046,0,379.1562895,0,3378.386867,4995217.104,11009.43756,349.9680646,2787753,0,6502.643644,78.49982611,1503.179829,866.1854834,26555.50971,576.8227687,17963.3127,2881.049842,34179.79851,6594.480983,663.4046571,0,241.8208028,525.3296467,3867.612862,0,2943.300573,0,3048.40856,9774.929321,126225.2704,6479.086039,87296.45069,2262531.172,935.6002282,28346.34165,79706.12618,0,0,0,871.9600885,288.6701312,5678.900991,0,2091.513335,3261.19735,45777.00575,983511.3337,2032.776399,316.7909347,12786.485,11364.43558,611,15252.53646,226551.7892,8918.428008,116770.3427,0,1270.225283,10254.82991,3166.807075,12.86196586,12464.31053,166799.1105,83.58286929,1526,0,1275.892547,65650,607.8438406,3916.084085,1244,4522.918847,67904.0693,300.1245775,3531.276698,0,3398.027233,7296.251658,0,0,771.3948943,11718.14218,138224.4732,4929.282675,2615,0.222152019,1204.716148,374.6556527,6236.316727,0,1223.270241
