Sample,DHCer d16:1/C16:0(-H20) Results,DHCer d16:1/C16:0 Results,DHCer d18:1/C22:1(-H20) Results,DHCer d18:1/C22:1 Results,DHCer d18:2/C18:1(-H20) Results,DHCer d18:2/C18:1 Results,Gb3(d16:1)(C16:0) SL Results,Gb3(d16:1)(C16:0) Results,Gb3(d16:1)(C22:0) Results,Gb3(d18:1)(C12:0) SL Results,Gb3(d18:1)(C12:0) Results,Gb3(d18:1)(C14:0) Results,Gb3(d18:1)(C18:1) SL Results,Gb3(d18:1)(C18:1) Results,Gb4(d16:1)(C16:0) Results,Gb4(d18:1)(C16:1) Results,Gb4(d18:1)(C17:0) Results,Gb4(d18:1)(C18:1) Results,Gb4(d18:1)(C19:0) Results,Gb4(d18:1)(C20:1) Results,Gb4(d18:1)(C22:1) Results,Gb4(d18:1)(C25:0) Results,Gb4(d18:1)(C25:1) Results,Gb4(d18:1)(C26:0) Results,Gb4(d18:2)(C18:0) Results,Gb4(d18:2)(C24:1) Results,GM3 d16:1/C14:0 Results,GM3 d16:1/C16:0 Results,GM3 d16:1/C18:0 Results,GM3 d16:1/C22:0 Results,GM3 d16:1/C24:0 Results,GM3 d16:1/C24:1 Results,GM3 d18:1/C14:0 Results,GM3 d18:1/C20:0 Results,GM3 d18:2/14:0 Results,MHCer d16:1/C16:0(-H20) Results,MHCer d16:1/C16:0 Results,MHCer d16:1/C18:0(-H20) Results,MHCer d16:1/C18:0 Results,MHCer d16:1/C20:0 Results,MHCer d16:1/C20:0(-H20) Results,MHCer d16:1/C22:0(-H20) Results,MHCer d16:1/C22:0 Results,MHCer d16:1/C22:1(-H20) Results,MHCer d16:1/C22:1 Results,MHCer d16:1/C23:0(-H20) Results,MHCer d16:1/C23:0 Results,MHCer d16:1/C24:0(-H20) Results,MHCer d16:1/C24:0 Results,MHCer d16:1/C26:0(-H20) Results,MHCer d16:1/C26:0 Results,MHCer d18:1/C8:0 (ISTD) Results,MHCer d18:1/C8:0 (ISTD)(-H20) Results,GM3 d18:2/16:0 Results,GM3 d18:1/C16:0 Results,Gb4(d18:2)(C16:0) Results,GM3 d18:2/18:0 Results,Gb3(d18:2)(C16:0) Results,Gb3(d18:1)(C16:1) SL Results,Gb3(d18:1)(C16:1) Results,DHCer d18:1/C14:0(-H20) Results,DHCer d18:1/C14:0 Results,MHCer d18:2/C16:1(-H20) Results,MHCer d18:2/C16:1 Results,DHCer d18:2/C16:0 Results,DHCer d18:2/C16:0(-H20) Results,Gb4(d18:1)(C16:0) Results,GM3 d18:1/C18:0 Results,GM3 d16:1/C20:0 Results,MHCer d18:1/C14:0 Results,MHCer d18:1/C14:0(-H20) Results,GM3 d18:2/20:0 Results,Gb3(d18:1)(C16:0) SL Results,Gb3(d18:1)(C16:0) Results,MHCer d18:2/C16:0 Results,MHCer d18:2/C16:0(-H20) Results,Gb3(d18:2)(C18:0) Results,DHCer d18:1/C16:0 Results,DHCer d18:1/C16:0(-H20) Results,DHCer d18:1/C16:0 D3 ISTD Results,Gb3(d18:1)(C17:0) SL Results,Gb3(d18:1)(C17:0) Results,MHCer d18:1/C16:1(-H20) Results,MHCer d18:1/C16:1 Results,Gb4(d18:1)(C18:0) Results,GM3 d18:2/24:1 Results,GM3 d18:2/22:0 Results,MHCer d18:1/C16:0(-H20) Results,MHCer d18:1/C16:0 Results,Gb3 (d18:1)(C18:0)-D3-IS Results,Gb3(d18:1)(C18:0) SL Results,Gb3(d18:1)(C18:0) Results,MHCer d18:1/C18:1(-H20) Results,MHCer d18:1/C18:1 Results,Gb3(d18:1)(C19:0) SL Results,Gb3(d18:1)(C19:0) Results,Gb4(d18:1)(C20:0) Results,GM3 d18:1/C24:1 Results,GM3 d18:1/C22:0 Results,Gb4(d18:2)(C22:0) Results,GM3 d18:2/24:0 Results,DHCer d18:1/C18:0(-H20) Results,DHCer d18:1/C18:0 Results,MHCer d18:1/C18:0 Results,MHCer d18:1/C18:0(-H20) Results,Gb3(d18:1)(C22:1) SL Results,Gb3(d18:1)(C22:1) Results,Gb3(d18:1)(C20:0) SL Results,Gb3(d18:1)(C20:0) Results,MHCer d18:1/C20:1(-H20) Results,MHCer d18:1/C20:1 Results,MHCer d16:1/C23:1(-H20) Results,MHCer d16:1/C23:1 Results,MHCer d18:2/C20:0 Results,Gb3(d18:1)(C24:2) SL Results,Gb3(d18:1)(C24:2) Results,Gb3(d18:2)(C24:1) Results,MHCer d18:2/C20:0(-H20) Results,Gb3(d18:2)(C22:0) Results,DHCer d18:1/C20:0 Results,DHCer d18:1/C20:0(-H20) Results,Gb3(d18:1)(C21:0) SL Results,Gb3(d18:1)(C21:0) Results,Gb4(d18:1)(C24:1) Results,Gb4(d18:1)(C22:0) Results,GM3 d18:1/C24:0 Results,Gb3(d18:1)(C23:1) SL Results,Gb3(d18:1)(C23:1) Results,DHCer d18:2/C22:0 Results,DHCer d18:2/C22:0(-H20) Results,DHCer d18:2/C24:1 Results,DHCer d18:2/C24:1(-H20) Results,Gb4(d18:2)(C24:0) Results,Gb4(d18:1)(C23:0) Results,Gb3(d18:1)(C24:1) SL Results,Gb3(d18:1)(C24:1) Results,Gb3(d18:1)(C22:0) SL Results,Gb3(d18:1)(C22:0) Results,MHCer d18:1/C20:0 Results,MHCer d18:1/C20:0(-H20) Results,MHCer d18:1/C22:1(-H20) Results,MHCer d18:1/C22:1 Results,MHCer d18:2/C22:1(-H20) Results,MHCer d18:2/C22:1 Results,MHCer d16:1/C24:1(-H20) Results,MHCer d16:1/C24:1 Results,MHCer d18:2/C22:0 Results,Gb3(d18:2)(C24:0) Results,MHCer d18:2/C22:0(-H20) Results,MHCer d18:1/C24:1(-H20) Results,MHCer d18:1/C24:1 Results,MHCer d18:2/C24:1(-H20) Results,MHCer d18:2/C24:1 Results,DHCer d18:1/C24:1 Results,DHCer d18:1/C24:1(-H20) Results,DHCer d18:1/C22:0 Results,DHCer d18:1/C22:0(-H20) Results,Gb3(d18:1)(C23:0) SL Results,Gb3(d18:1)(C23:0) Results,Gb3(d18:1)(C25:1) SL Results,Gb3(d18:1)(C25:1) Results,Gb4(d18:1)(C24:0) Results,DHCer d18:2/C24:0 Results,DHCer d18:2/C24:0(-H20) Results,MHCer d18:1/C23:1(-H20) Results,MHCer d18:1/C23:1 Results,MHCer d18:2/C23:0 Results,MHCer d18:2/C23:0(-H20) Results,DHCer d18:1/C23:0 Results,Gb3(d18:1)(C24:0) SL Results,Gb3(d18:1)(C24:0) Results,DHCer d18:1/C23:0(-H20) Results,MHCer d18:1/C22:0(-H20) Results,MHCer d18:1/C22:0 Results,MHCer d18:2/C24:0 Results,MHCer d18:2/C24:0(-H20) Results,DHCer d18:1/C24:0 Results,Gb3(d18:1)(C25:0) Results,DHCer d18:1/C24:0(-H20) Results,Gb3(d18:1)(C25:0) SL Results,MHCer d18:1/C25:1(-H20) Results,MHCer d18:1/C25:1 Results,MHCer d18:1/C23:0 Results,MHCer d18:1/C23:0(-H20) Results,MHCer d18:2/C25:0 Results,MHCer d18:1/C26:1(-H20) Results,MHCer d18:1/C26:1 Results,MHCer d18:2/C25:0(-H20) Results,Gb3(d18:1)(C26:0) SL Results,Gb3(d18:1)(C26:0) Results,MHCer d18:1/C24:0 Results,MHCer d18:1/C24:0(-H20) Results,MHCer d18:1/C25:0(-H20) Results,MHCer d18:1/C25:0 Results,MHCer d18:1/C26:0(-H20) Results,MHCer d18:1/C26:0 Results,C1P d18:1/C16:0 Results,Cer d16:1/C22:1(-H20) Results,Cer d16:1/C22:1 Results,Cer d16:1/C25:1(-H20) Results,Cer d16:1/C25:1 Results,Cer d16:1/C26:0(-H20) Results,Cer d16:1/C26:0 Results,Cer d16:1/C26:1(-H20) Results,Cer d16:1/C26:1 Results,Cer d18:0/C23:1(-H20) Results,Cer d18:0/C23:1 Results,Cer d18:0/C25:0(-H20) Results,Cer d18:0/C25:0 Results,Cer d18:0/C25:1(-H20) Results,Cer d18:0/C25:1 Results,Cer d18:0/C26:0(-H20) Results,Cer d18:0/C26:0 Results,Cer d18:0/C26:1(-H20) Results,Cer d18:0/C26:1 Results,Cer d18:1/C14:1(-H20) Results,Cer d18:1/C14:1 Results,Cer d18:1/C16:1(-H20) Results,Cer d18:1/C16:1 Results,Cer d18:2/C18:1(-H20) Results,Cer d18:2/C18:1 Results,SM C34:0 Results,SM C36:0 Results,SM C38:0 Results,SM C40:0 Results,SM C42:0 Results,SM d18:0/C16:0 Results,SM d18:0/C18:0 Results,SM d18:0/C20:0 Results,SM d18:0/C22:0 Results,SM d18:0/C24:0 Results,Sphd16:1 Results,Sphd18:2 Results,Sphd18:1-D7 (ISTD) Results,Sphd18:1 Results,Sphd18:0-D7 (ISTD) Results,Sphd18:0 Results,SM C24:1 (ISTD) Results,SM d18:1/C6:0 (ISTD) Results,C1P d18:1/C8:0 (ISTD) Results,Cer d18:1/C8:0 (ISTD) Results,Cer d18:1/C8:0 (ISTD)(-H20) Results,SM C30:1 Results,SM d18:1/C12:0 Results,SM C32:2 Results,SM d18:2/C14:0 Results,SM d16:1/C16:0 Results,SM d18:1/C14:0 Results,SM C32:1 Results,SM d18:2/C16:0 Results,SM C34:2 Results,Cer d18:2/C14:0(-H20) Results,Cer d18:2/C14:0 Results,SM d16:1/C18:0 Results,SM d18:1/C16:0 Results,SM C34:1 Results,SM C36:2 Results,SM d18:2/C18:0 Results,Cer d16:1/C16:0 Results,Cer d16:1/C16:0(-H20) Results,Cer d18:1/C14:0(-H20) Results,Cer d18:1/C14:0 Results,Cer d18:2/C16:0 Results,Cer d18:2/C16:0(-H20) Results,SM C36:1 Results,SM d16:1/C20:0 Results,SM d18:1/C18:0 Results,SM C38:2 Results,SM d18:2/C20:0 Results,Cer d18:0/C16:0(-H20) Results,Cer d18:0/C16:0 Results,Cer d16:1/C18:0 Results,Cer d18:1/C16:0 Results,Cer d16:1/C18:0(-H20) Results,Cer d18:1/C16:0(-H20) Results,Cer d18:1/C18:1 Results,Cer d18:2/C18:0 Results,Cer d18:1/C18:1(-H20) Results,Cer d18:2/C18:0(-H20) Results,Cer d18:2/C20:1 Results,Cer d18:2/C20:1(-H20) Results,SM C38:1 Results,SM d16:1/C22:0 Results,SM d18:1/C20:0 Results,SM C42:3 Results,SM d18:2/C24:1 Results,SM C40:2 Results,SM d16:1/C24:1 Results,SM d18:1/C22:1 Results,SM d18:2/C22:0 Results,SM C39:1 Results,SM d16:1/C23:0 Results,Cer d18:1/C18:0(-H20) Results,Cer d18:1/C18:0 Results,Cer d18:0/C18:0 Results,Cer d16:1/C20:0(-H20) Results,Cer d18:0/C18:0(-H20) Results,Cer d16:1/C20:0 Results,Cer d18:1/C20:1 Results,Cer d18:1/C20:1(-H20) Results,SM d18:1/C23:1 Results,SM d18:2/C23:0 Results,SM C41:2 Results,Cer d18:2/C20:0 Results,Cer d18:2/C20:0(-H20) Results,Cer d18:2/C22:1 Results,Cer d18:2/C22:1(-H20) Results,SM d18:1/C24:1 Results,SM d18:2/C24:0 Results,SM C42:2 Results,SM d16:1/C24:0 Results,SM d18:1/C22:0 Results,SM C40:1 Results,Cer d18:2/C23:1 Results,Cer d18:2/C23:1(-H20) Results,SM C41:1 Results,SM d18:1/C23:0 Results,SM C43:2 Results,SM d18:1/C25:1 Results,SM d18:2/C25:0 Results,Cer d18:0/C20:0 Results,Cer d18:0/C20:0(-H20) Results,Cer d18:1/C20:0(-H20) Results,Cer d18:1/C20:0 Results,Cer d18:1/C22:1(-H20) Results,Cer d18:1/C22:1 Results,Cer d18:0/C22:1(-H20) Results,Cer d18:0/C22:1 Results,Cer d16:1/C22:0(-H20) Results,Cer d16:1/C22:0 Results,Cer d16:1/C24:1(-H20) Results,Cer d16:1/C24:1 Results,Cer d18:2/C24:1(-H20) Results,Cer d18:2/C24:1 Results,Cer d18:2/C22:0 Results,Cer d18:2/C22:0(-H20) Results,SM C42:1 Results,SM d18:1/C24:0 Results,Cer d18:1/C23:1(-H20) Results,Cer d18:1/C23:1 Results,Cer d16:1/C23:0 Results,Cer d16:1/C23:0(-H20) Results,Cer d18:2/C25:1 Results,Cer d18:2/C25:1(-H20) Results,Cer d18:2/C23:0(-H20) Results,Cer d18:2/C23:0 Results,Cer d18:0/C22:0(-H20) Results,Cer d18:0/C22:0 Results,SM d18:1/C25:0 Results,SM C43:1 Results,Cer d18:0/C24:1(-H20) Results,Cer d18:0/C24:1 Results,Cer d18:1/C24:1 Results,Cer d18:1/C24:1(-H20) Results,Cer d18:1/C22:0 Results,Cer d18:1/C22:0(-H20) Results,Cer d16:1/C24:0(-H20) Results,Cer d16:1/C24:0 Results,Cer d18:2/C26:1 Results,Cer d18:2/C26:1(-H20) Results,Cer d18:2/C24:0(-H20) Results,Cer d18:2/C24:0 Results,Cer d18:1/C25:1(-H20) Results,Cer d18:1/C25:1 Results,SM d18:1/C26:0 Results,SM C44:1 Results,Cer d18:0/C23:0 Results,Cer d18:1/C23:0 Results,Cer d18:0/C23:0(-H20) Results,Cer d18:1/C23:0(-H20) Results,Cer d18:2/C25:0(-H20) Results,Cer d18:2/C25:0 Results,Cer d18:1/C26:1(-H20) Results,Cer d18:1/C26:1 Results,Cer d18:0/C24:0(-H20) Results,Cer d18:1/C24:0(-H20) Results,Cer d18:0/C24:0 Results,Cer d18:1/C24:0 Results,Cer d18:2/C26:0(-H20) Results,Cer d18:2/C26:0 Results,Cer d18:1/C25:0 Results,Cer d18:1/C25:0(-H20) Results,Cer d18:1/C26:0 Results,Cer d18:1/C26:0(-H20) Results
TQC13,0,0,0,0,0,0,0,0,0,0,0,0,0,0,0,0,0,0,0,0,0,0,0,0,0,0,0,0,0,0,0,0,0,0,0,0,0,0,0,0,0,0,0,0,0,0,0,0,0,0,0,195801,131013,329,32503,2147,2883,27628,15484,2536,393,1387.909591,283,6489,206476,46093,58416,81043,364,1468,2805,7832,229076,403806,16439,34808,3608,87446,70781,19740,576,1303,104,11895,1150,223,1119,93584,47096,84807,12725,24079,2052,1567,1023,1578,1430,1233,4961,539,92,39809,214112,170445,332581,13472,6403,29684,48171,3025,2008,101,579,3939,25896,37803,15787,8650,15173,6099,2699,5641,8771,4472,5480,4498,2289,2370,11450,5020,17249,6934,817,1924,201380,334427,153075,282422,103695,185851,242780,113913,168,106591,1468,1411,28267,63674,55772,27835,9128,176345,99547,29879,9479,22260,12207,41205,68148,1253,1780,7982,46485,17725,66234,30481,17003,29180,8111,230573,475344,5395,1484465,750292,50596,78959,43566,11316,14164,5826,162004,86645,324742,533735,2231,51631,2738,4097,2667,2594,1665980,2803888,87042,69496,13765,9947,0,0,0,0,0,0,0,0,0,0,0,0,0,0,0,0,0,0,0,0,0,0,0,0,0,0,0,0,0,0,0,0,0,0,0,944,30064,56939,196539,18936,12070,246176,1228,7347,139561,22444,653,32,2430,20,135,82,47515,4563,1456361,10,523,124,77580,28057219,796771,2134,844,197,12,1607,80897,7690,7790784,69,18790,246358,558,630,5396,808,325261,51,31177,1449,115998,65,9806,83,68,2160577,65,5586,1953207,2023,1252235,18,733,1974,184725,55,34126,396933,6522,35,1347,724,226,50,67,0,255502,23743,1498,2105,35,4536,7380,6166091,37,4989,3502315,570,134,643133,183642,54108.24451,265,11234,1151,67,3501,43175,1023,10008,11,318,76,861,105,514,2916,47480,48786,4033,2132012,6423,194,2511,232,127,60,107,38,15509,114,2091,382,39650,291,2423,128390,9093,103337,8145,100,312,277,80,4779,58565,19,989,63,11198,282,34754,28,2501,54,1028,19,503,494,8030,2406,107644,97,393,3020,32,757,11
TQC14,0,0,0,0,0,0,0,0,0,0,0,0,0,0,0,0,0,0,0,0,0,0,0,0,0,0,0,0,0,0,0,0,0,0,0,0,0,0,0,0,0,0,0,0,0,0,0,0,0,0,0,193072,140573,302,26140,1832,2121,32375,17695,2368,1123,712.264947,78,8209,206388,45124,58917,79660,456,1108,1432,7822,192877,395240,14580,37504,3650,97111,69487,16788,759,1418,29,9345,1208,279,884,100723,43178,84873,14782,23177,1810,1487,821,1590,897,2625,6013,634,390,38081,213221,170261,312553,12541,5642,26639,46163,3780,2412,76,633,4469,31656,40197,14540,5822,16717,8731,3452,5891,8385,4600,6402,3720,2346,1119,11231,4008,19413,7623,363,1620,199957,312389,177973,282375,97025,218127,222116,121614,29,118517,1493,682,31317,66207,71412,28001,9264,181451,95033,27081,12197,26964,10684,41932,74761,2181,1847,6947,41151,17288,64377,34672,13655,27054,9425,212685,423723,4652,1615326,707891,60812,113362,41789,11006,16512,6801,182736,70404,290088,620447,2628,51590,2407,2993,2245,2535,1545807,2633684,93892,63597,14475,8768,0,0,0,0,0,0,0,0,0,0,0,0,0,0,0,0,0,0,0,0,0,0,0,0,0,0,0,0,0,0,0,0,0,0,0,2952,77889,139462,525136,49770,25890,670631,3463,19119,349824,56440,1592,11,6652,18,216,160,158222,15677,5349812,63,1483,104,140407,45667311,1056857,2729,1331,230,49,1883,142438,11380,9619507,50,22655,373251,965,1098,8722,1819,604753,329,48626,3408,270882,328,20317,309,25,4503876,170,10452,3764159,4230,1356869,39,1468,4097,724527,965,77365,1086239,17017,214,1935,1702,1390,65,132,0,199458,66840,4131,3940,369,13324,17157,18078388,317,14265,11095886,1038,176,1907024,507,124293.6318,0,27531,1897,616,10254,117897,1688,22109,189,210,314,2269,154,619,7778,138002,135456,10163,6262661,1233,220,5013,539,156,845,30,2736,39526,766,4582,0,112014,148,4247,325318,18809,262472,24821,57,1178,527,74,9489,130994,165,2000,17,23969,1826,74817,33,6637,331,2802,86,1101,705,21569,4942,303021,91,1061,9418,901,1631,27
TQC15,0,0,0,0,0,0,0,0,0,0,0,0,0,0,0,0,0,0,0,0,0,0,0,0,0,0,0,0,0,0,0,0,0,0,0,0,0,0,0,0,0,0,0,0,0,0,0,0,0,0,0,179231,138769,443,32589,2149,2606,28743,18983,2819,1069,1299.574421,76,7949,208888,53011,52204,75044,582,1374,2760,9894,195612,372989,15292,27126,3898,90264,72077,19819,868,1261,2,11238,1319,404,1329,87081,48451,84522,12469,23315,2769,1417,1032,1255,1569,1919,5559,258,202,30118,198068,169931,343290,13315,6975,28591,43813,3325,1820,117,656,4850,27473,36843,13674,8059,17138,7299,2828,5966,8853,4205,6044,3628,1285,1733,10619,4432,16422,6482,1538,2516,191295,298602,179685,270164,90935,199746,239913,125111,149,115751,1974,404,31511,68768,67458,27232,9715,188254,111331,31324,11584,22758,9781,42517,73063,1764,2405,5693,45995,22079,61033,32016,12681,22976,7776,201138,433363,4174,1532442,687899,63911,84134,45480,11089,18959,5210,158770,72017,306389,565539,2083,46108,24627,4158,2202,3098,1704308,2624939,77873,65025,13185,8540,0,0,0,0,0,0,0,0,0,0,0,0,0,0,0,0,0,0,0,0,0,0,0,0,0,0,0,0,0,0,0,0,0,0,0,2937,79410,157884,546470,51425,26640,682979,3105,20690,372139,59183,1626,13,7236,9,235,344,168166,16695,5441974,35,1481,103,137630,45621485,1086753,3023,1280,218,174,2128,160087,11953,8931978,14,22545,354220,901,722,7757,1673,567864,289,49197,2938,297194,440,21211,72,28,4802302,7,8987,4420112,4947,2821334,69,1110,5053,700950,48,83453,1213810,20327,394,2301,2173,1381,278,41,0,293759,67558,5386,5056,69,13729,16146,17129004,101,17573,10040250,998,100,1805315,394768,100989.7471,0,29541,1623,347,9880,115059,1528,25205,26,601,88,1539,164,952,8623,135174,126774,10412,6149102,2541,105,3319,378,195,1212,204,3404,41069,807,5220,0,92696,190,6378,353685,20944,325696,21675,32,1135,150,260,11905,169731,108,2546,99,26978,629,81251,345,5398,306,3091,285,1235,710,25906,5141,357479,114,926,11274,989,1685,93
37 Blk+ISTD 01,0,0,0,0,0,0,0,0,0,0,0,0,0,0,0,0,0,0,0,0,0,0,0,0,0,0,0,0,0,0,0,0,0,0,0,0,0,0,0,0,0,0,0,0,0,0,0,0,0,0,0,64169,39666,10,76,0,25,26,386,399,68,0,108,33,80,84,17,140,28,291,153,53,652,1279,127,145,41,351,105,16865,42,392,174,173,0,40,51,166,336,241097,147,278,78,194,83,31,31,51,119,34,19,64,1772,784,774,39,89,229,701,115,53,416,135,84,65,147,128,34,102,239,68,101,77,0,13,44,0,21,35,140,205,24,45,0,561,2033,698,1631,421,237,471,570,100,52,205,182,131,16,53,81,235,95,96,262,16,109,81,300,59,31,57,0,405,87,176,242,41,182,39,973,1293,68,1089,1776,135,188,164,45,147,42,242,49,697,484,43,128,74,107,42,24,3735,2959,43,60,92,38,0,0,0,0,0,0,0,0,0,0,0,0,0,0,0,0,0,0,0,0,0,0,0,0,0,0,0,0,0,0,0,0,0,0,0,18,488,48439,1030,17847,93,247660,1158,3247,130096,21961,49,23,99,21,62,8,512,9,4563,65,22,52,141,46640,3358,10,321,125,88,209,554,36,36057,110,186,1491,29,120,18,165,1980,17,45,70,667,217,20,74,6,5478,20,45,4958,36,4155,42,8,65,990,130,86,2135,75,26,42,139,4,14,54,22,407,204,63,30,103,22,149,21497,127,46,12371,38,94,2441,680,610.6697658,19,24,56,132,234,280,33,53,109,169,124,71,103,82,23,289,228,21,10156,36,8,35,91,199,67,47,80,27,26,112,92,215,35,133,451,17,426,63,183,35,70,25,63,63,33,45,76,129,102,268,89,50,12,20,21,19,85,68,12,667,16,48,79,81,102,8
1744_kidney_MF1,0,0,0,0,0,0,0,0,0,0,0,0,0,0,0,0,0,0,0,0,0,0,0,0,0,0,0,0,0,0,0,0,0,0,0,0,0,0,0,0,0,0,0,0,0,0,0,0,0,0,0,61044,43566,325,21501,5168,298,89652,43514,1133,383,1752.163309,351,15642,535776,119903,67175,5716,99,293,422,666,643081,1260280,47587,53580,3106,414385,273945,11868,1954,1012,233,22437,328,269,10,93036,46742,53063,16465,28269,115,1593,2805,2662,2768,795,3595,2353,64,1669,7099,1948,3802,62858,8004,138521,210676,222,4795,139,508,541,48037,49029,53029,1279,81834,4735,3912,19798,19879,7711,21823,3195,19520,3548,78907,38566,137792,73618,6989,4883,613772,726705,737208,1377025,9514,22091,1459,23201,41,3912,82,346,18372,540918,25091,7056,7277,33111,44906,112520,39066,83039,27195,196293,273306,5976,5144,33191,346381,149755,645,9591,5781,8922,19643,870853,1992607,9194,123162,57086,91813,133334,312217,35204,81290,21395,149,831,19006,20433,1440,769,212,2279,9126,10988,180786,202836,2921,3002,1450,1351,0,0,0,0,0,0,0,0,0,0,0,0,0,0,0,0,0,0,0,0,0,0,0,0,0,0,0,0,0,0,0,0,0,0,0,731,88909,61753,319391,23052,5432,268930,1492,8477,158287,24129,1851,32,10385,45,191,484,230672,30954,11790164,239,2118,54,204496,57580588,159966,422,2372,408,367,3083,269731,21327,1061241,11,2681,285944,967,2172,16199,106,1047544,71,86898,1431,7638,70,682,50,24,3407447,46,8557,5878494,10037,3234412,82,734,7424,396220,26,1425,29336,245,130,30,544,392,77,126,1064,904477,10884,1217,3135,124,25473,9136,5090386,140,29565,11712774,1576,91,2269088,4562,162639.4683,56,2519,786,139,2842,34050,88,4711,16,229,7,359,26,569,13755,224705,156028,9883,10316818,24446,56,338,318,243,1577,251,3935,52168,76,3099,95,135790,195,3895,215213,14938,186712,15364,121,817,1200,58,23370,401690,58,662,34,42691,1047,57156,41,5153,614,6720,80,658,240,25146,5620,349230,323,2230,7988,861,1630,36
1777_kidney_MF2,0,0,0,0,0,0,0,0,0,0,0,0,0,0,0,0,0,0,0,0,0,0,0,0,0,0,0,0,0,0,0,0,0,0,0,0,0,0,0,0,0,0,0,0,0,0,0,0,0,0,0,69180,44741,116,14375,2110,131,40557,19244,1470,181,1017.061421,119,9002,362518,53473,31478,2792,16,290,392,374,327180,564992,50406,45707,2880,312247,213163,14215,861,824,122,23676,385,87,393,101094,61985,78809,9553,16484,141,1455,1541,1228,2636,1110,2038,1800,176,1090,5966,1754,3181,27877,3524,65436,139505,107,3542,43,229,1025,30436,22095,44466,1408,46895,3093,3014,8689,13888,4030,14122,2560,8415,1855,41089,22594,90897,49925,3504,2713,349529,427050,486658,791338,7001,10873,1318,9911,36,3593,847,4,20145,282460,19511,5055,2225,29872,29009,92132,12418,67313,10540,75829,143112,1547,2275,19864,285677,89766,508,3825,5705,7347,13351,495788,1050957,5064,74085,41829,104545,101838,224720,15225,48725,9016,456,553,15137,13750,1346,98,761,1968,4642,5482,131711,159789,2477,2619,1049,1161,0,0,0,0,0,0,0,0,0,0,0,0,0,0,0,0,0,0,0,0,0,0,0,0,0,0,0,0,0,0,0,0,0,0,0,1477,80947,61983,268252,22180,4172,280368,1256,8390,154913,24229,1659,3,9181,6,132,277,143379,21468,7588072,376,2612,90,183959,53302403,143699,464,3893,88,406,3763,347932,27619,947982,10,1966,217366,453,2076,20244,401,1193428,93,113265,1639,9898,49,886,73,12,2395989,16,5738,4133500,6821,2710916,64,129,5054,183076,33,1895,24058,390,162,153,152,42,53,20,1329,632040,13744,179,2973,312,16572,459,9933637,5,17107,7954538,1253,100,1536813,2325,96494.62086,25,2583,398,323,2476,29616,552,5569,20,173,200,748,45,493,14075,189260,170727,10428,5987642,13871,178,1619,338,161,1440,178,3570,58339,253,2162,52,83831,25,2992,185813,12687,171862,11218,99,56,634,90,23900,312222,190,942,14,26105,661,35946,95,3334,402,4325,5,1077,754,17520,4743,261573,120,1121,5087,533,1201,14
1776_kidney_MF3,0,0,0,0,0,0,0,0,0,0,0,0,0,0,0,0,0,0,0,0,0,0,0,0,0,0,0,0,0,0,0,0,0,0,0,0,0,0,0,0,0,0,0,0,0,0,0,0,0,0,0,68317,45999,394,17248,4862,182,52797,26172,1792,100,1175.345157,150,11396,314309,57027,58187,4261,36,187,315,821,202298,373987,73831,70997,838,231408,98659,10651,297,251,103,23421,350,111,118,142049,55795,56624,985,2214,215,73,70,88,2348,613,2478,2504,49,1212,8304,2180,4301,16134,2495,3820,8197,106,550,52,702,946,6558,3065,10105,1413,27230,3767,2001,1311,2057,6604,21693,3122,3684,835,35642,20146,68143,32191,6390,4405,39839,73247,118252,182429,10107,18443,2241,3731,89,4695,390,171,24959,85339,28948,5987,1735,51603,53587,78625,13945,72115,16658,26390,46726,986,299,30597,177720,76803,67,2129,5933,8213,11462,86070,170250,3567,95410,57848,125124,146473,175730,3542,34914,2317,637,641,13419,17395,2235,893,535,1628,490,1142,171807,218987,2480,3156,1230,957,0,0,0,0,0,0,0,0,0,0,0,0,0,0,0,0,0,0,0,0,0,0,0,0,0,0,0,0,0,0,0,0,0,0,0,1253,95945,64719,254945,21697,3335,275368,1421,7794,148373,24286,2198,25,13768,11,379,417,211951,29757,10114874,631,3599,98,197228,56601007,185592,623,4246,116,414,4340,289823,24679,906206,13,2880,291013,764,1977,20260,147,1145789,18,94690,1104,9971,129,220,261,4,2661961,23,8317,4834280,8281,3193189,127,679,8071,272684,64,1727,20280,585,105,68,189,336,5,34,1220,777182,18896,1248,6926,476,17851,468,12439965,53,20550,8612645,1555,204,1707037,3221,117689.1581,0,2846,696,142,2253,34294,653,7560,9,330,241,389,6,847,12669,219305,197952,13892,6541273,15282,51,1863,67,20,1463,41,3064,51912,253,2550,86,85517,287,2808,189852,14013,185037,12940,164,768,1061,60,21073,286438,12,934,79,25580,457,42359,87,3701,238,4662,73,847,585,16349,3155,223516,160,1612,4530,282,1275,128
1788_kidney_MF4,0,0,0,0,0,0,0,0,0,0,0,0,0,0,0,0,0,0,0,0,0,0,0,0,0,0,0,0,0,0,0,0,0,0,0,0,0,0,0,0,0,0,0,0,0,0,0,0,0,0,0,68086,42373,385,26298,4348,102,32077,14753,1226,339,635.1266595,142,11031,357367,60136,49671,4590,79,206,432,603,124921,242694,68541,55174,501,222870,170081,11127,229,337,193,29139,330,108,165,90061,42578,59318,620,1258,0,220,35,116,1473,1142,2761,2139,356,1151,8462,2204,4135,10531,343,3022,6809,49,455,74,432,342,5580,1610,7846,1682,14997,5818,3896,952,1737,5276,16320,3021,4684,254,53203,18243,71979,33754,6794,4138,63776,39305,82935,130725,8377,14051,430,2047,212,5011,100,25,22749,83931,26476,5373,2077,30863,48397,75017,17562,50653,15440,15458,36291,433,701,24974,267351,96234,198,2009,6571,10792,19692,92880,180274,7043,90805,54984,102404,125951,171010,3750,46550,2369,402,510,21237,24683,2083,637,984,2015,670,979,152749,192061,2809,3500,1259,1202,0,0,0,0,0,0,0,0,0,0,0,0,0,0,0,0,0,0,0,0,0,0,0,0,0,0,0,0,0,0,0,0,0,0,0,342,110240,61222,256852,21982,5795,268942,1209,8224,149783,24856,1651,5,9198,11,226,198,148018,31977,10710847,60,2836,42,194885,56387037,197064,465,2465,338,214,3357,427550,32496,1121878,22,2551,272858,177,2261,24401,148,1411480,90,130282,1142,11048,117,1544,73,30,2494249,22,8032,5021003,9047,3312400,28,696,6947,285245,22,1842,25347,515,198,82,277,113,28,17,1227,1023394,17824,1693,3780,95,18134,11642,4085743,27,20631,8343963,1563,19,2170938,4142,145343.7416,47,2122,933,513,3125,27448,561,4174,23,84,19,302,31,249,15477,239410,227652,14634,9375690,20125,31,2114,556,92,1941,322,6379,98306,63,3125,20,118137,387,3515,214476,15616,168509,14367,28,505,979,38,30561,406001,40,1514,27,34778,792,74461,89,5100,610,7606,118,600,96,21885,6026,328533,208,2764,7408,342,1357,245
1790_kidney_MF5,0,0,0,0,0,0,0,0,0,0,0,0,0,0,0,0,0,0,0,0,0,0,0,0,0,0,0,0,0,0,0,0,0,0,0,0,0,0,0,0,0,0,0,0,0,0,0,0,0,0,0,70974,43789,254,21004,2314,203,9848,5740,1032,255,958.705373,259,12296,316595,47681,30399,4266,29,493,216,880,58792,119852,55793,40302,216,270006,196152,14523,67,41,226,19597,346,237,111,103136,43627,66814,157,569,37,296,49,40,2209,1324,2570,1939,215,1228,6374,1916,3018,4727,456,1376,3355,69,578,107,454,1035,2880,1173,4653,1049,7527,4243,2655,364,525,5661,15680,4383,2016,139,54001,26126,91811,35457,7168,3155,12680,25829,45846,82499,6523,13974,1594,2275,146,3997,269,138,23719,47700,23264,5845,3861,24103,39853,82671,19449,65003,15524,10673,20218,385,199,26055,268243,96364,234,443,8512,7652,18002,77788,127735,7349,63291,55126,108139,108134,196947,2520,54469,1097,477,466,19583,19575,1718,22,721,2317,764,935,148151,158829,2834,2774,1203,1230,0,0,0,0,0,0,0,0,0,0,0,0,0,0,0,0,0,0,0,0,0,0,0,0,0,0,0,0,0,0,0,0,0,0,0,859,59214,59648,180169,21402,6519,265791,1388,7590,153903,23104,1394,2,7721,43,227,181,156898,22112,8139273,74,1883,76,180923,52713893,150871,310,3099,279,290,2821,271458,20609,1084383,26,2829,225301,609,1289,14548,93,1025716,13,77339,937,8239,258,403,156,43,2297641,46,6581,4289533,6604,2667111,11,581,5599,290908,27,1534,20326,443,70,98,264,75,19,92,1276,764432,10133,837,1576,30,14134,7035,3522421,31,18436,8546179,899,42,2005207,3246,121912.2809,47,2226,436,302,1877,25846,316,2300,21,31,88,60,49,737,10691,171055,120108,7599,8941908,20079,312,1313,115,248,1103,114,3418,38622,177,2399,112,110430,62,2613,132577,11945,133457,11080,187,1098,906,157,17688,287593,39,1388,10,37714,548,50351,125,3857,382,4688,109,768,849,21802,4972,264423,180,2055,6006,619,1253,206
1793_kidney_MF6,0,0,0,0,0,0,0,0,0,0,0,0,0,0,0,0,0,0,0,0,0,0,0,0,0,0,0,0,0,0,0,0,0,0,0,0,0,0,0,0,0,0,0,0,0,0,0,0,0,0,0,73093,47908,315,24072,6585,168,68944,43939,2013,129,1182.685332,175,11493,400797,75391,65465,4097,0,171,529,814,335361,671471,52719,40111,1927,267683,237130,12582,634,641,139,29166,738,212,289,106302,49557,64895,2341,3414,24,280,180,268,2372,1679,2400,4538,31,1171,7925,2407,5769,25887,1917,12370,16756,83,449,112,772,1076,6172,2367,13191,1132,63063,3816,1750,4608,6782,5711,23849,2922,13332,1083,66636,41551,86042,38330,8681,6842,107225,88917,249214,404862,11736,18089,1003,2644,35,5005,223,107,30581,130740,39060,7863,4062,32707,38146,79561,17618,89068,19865,53321,88905,1024,1107,34550,257708,99906,642,405,8390,15536,21987,152849,233560,7500,85689,63642,112726,118010,182020,6017,37753,5322,408,592,22974,24214,1484,30,690,2021,852,1334,150560,179274,2939,3220,1187,886,0,0,0,0,0,0,0,0,0,0,0,0,0,0,0,0,0,0,0,0,0,0,0,0,0,0,0,0,0,0,0,0,0,0,0,363,121009,64419,273256,23235,9884,271294,1390,8391,155936,24666,1622,9,8679,10,188,331,117373,26907,9712262,329,2622,33,201532,54233415,229734,617,1872,381,424,3080,271593,21258,883701,38,2924,284518,848,1756,17207,58,1184163,16,92261,325,10322,130,1358,132,21,2583341,16,6696,3749005,5759,3724082,31,931,9415,248011,82,2251,20362,345,121,154,107,204,21,109,2429,1073334,19411,1762,3767,255,17089,7628,4554462,10,20324,9702224,1387,78,2216768,4114,131261.5658,177,2104,469,306,2502,32823,258,3767,7,68,183,68,129,284,9389,232374,232213,15460,7339777,18646,153,1526,177,90,1453,113,6211,75455,369,2361,212,120318,171,3321,138987,13027,179835,13042,44,183,780,40,22835,322336,238,1108,57,28415,1072,62276,157,4720,688,6289,41,857,528,20815,4957,253865,58,1841,6205,204,1271,30
TQC16,0,0,0,0,0,0,0,0,0,0,0,0,0,0,0,0,0,0,0,0,0,0,0,0,0,0,0,0,0,0,0,0,0,0,0,0,0,0,0,0,0,0,0,0,0,0,0,0,0,0,0,190037,136550,237,27964,2152,2484,33041,18609,2525,129,1042.602644,243,6805,202765,53933,64054,77685,480,1108,2128,8208,195230,374486,14457,29102,3420,102203,54365,19076,668,1389,61,8675,1463,544,924,88866,47754,83393,15529,26312,2483,1199,502,1829,1212,1888,6368,488,223,39553,210895,166731,330116,14416,5113,28164,50107,3832,3323,125,371,3825,25949,36868,13231,5763,14962,5982,4837,5678,8369,3846,5173,3370,2190,960,10004,3020,15695,6771,1261,2949,217742,297613,169307,254924,95957,200744,244937,113911,249,96645,2016,225,27415,70179,55095,30027,10762,129893,97258,29829,15411,25991,9827,45545,78925,1123,1479,6889,44018,15648,55152,29383,12752,30191,9601,221073,422670,4584,1278104,726653,61104,89445,43237,11530,20267,6912,149005,80766,297723,665694,2051,45428,22200,4126,2289,2980,1601181,2611854,79723,68989,12368,8432,0,0,0,0,0,0,0,0,0,0,0,0,0,0,0,0,0,0,0,0,0,0,0,0,0,0,0,0,0,0,0,0,0,0,0,3745,90056,170248,622143,51654,27193,707468,3276,21305,372087,61765,1828,15,6923,20,214,295,175000,17936,6226200,23,1551,154,154336,47507890,1123551,2656,1706,183,216,2172,160464,13547,10289293,35,27742,411344,718,910,8835,1714,561533,139,50667,3700,259672,92,22796,171,124,5586917,152,9838,5022404,4655,2723384,50,1502,5587,646420,85,95783,1182827,19781,493,1972,1856,1566,70,306,203,915062,68392,4518,4959,237,15341,19161,20703702,9,18939,12065284,861,85,1844310,0,148876.8354,0,31355,1997,196,9540,122575,1718,21524,172,355,67,1542,201,1714,8061,126720,149909,9686,6962385,1382,322,4424,437,58,1073,164,3080,41213,215,4677,0,108309,959,5593,304518,23138,320776,26613,37,1518,636,101,11985,174506,50,2452,149,28381,1037,80758,113,5496,129,3300,78,1110,971,27969,6153,318149,106,1200,10944,764,1694,286
Blk+ISTD 02,0,0,0,0,0,0,0,0,0,0,0,0,0,0,0,0,0,0,0,0,0,0,0,0,0,0,0,0,0,0,0,0,0,0,0,0,0,0,0,0,0,0,0,0,0,0,0,0,0,0,0,64738,43129,14,109,16,8,94,267,827,33,0,63,191,444,230,61,99,18,117,48,74,1035,1731,209,45,0,959,277,23587,207,433,49,205,14,0,0,260,492,198576,187,370,58,10,71,20,114,67,16,6,0,634,1928,370,276,78,116,471,543,55,171,391,206,131,76,250,206,41,84,70,89,111,97,0,86,34,87,57,18,59,203,99,0,7,1107,1945,2021,2133,315,352,142,122,111,283,150,107,101,590,82,104,241,210,185,135,91,258,173,160,818,4,84,0,608,19,112,219,92,199,94,1673,2625,31,1123,1895,196,232,358,83,72,36,67,133,796,578,13,52,49,9,48,25,3953,2819,51,237,67,117,0,0,0,0,0,0,0,0,0,0,0,0,0,0,0,0,0,0,0,0,0,0,0,0,0,0,0,0,0,0,0,0,0,0,0,681,734,51251,1989,18003,413,249222,1311,3425,149686,22020,63,16,33,27,77,22,568,88,9226,19,62,3,254,87101,3143,8,20,82,24,193,516,156,27908,62,13,1438,4,148,8,31,2363,257,325,36,525,88,175,59,6,7523,42,27,7055,23,4860,88,36,79,1338,68,112,1357,128,31,36,82,97,88,115,6,1376,286,47,7,55,86,28,6831,31,98,16208,78,55,5029,55,856.960679,17,10,251,242,299,408,17,67,75,235,26,327,27,14,152,164,347,22,13440,39,22,63,41,12,36,67,49,26,146,238,80,421,200,41,418,13,707,160,31,116,51,18,90,257,24,18,27,181,120,106,20,29,37,84,56,77,124,75,140,714,50,35,27,81,73,67
1744_liver_MF7,0,0,0,0,0,0,0,0,0,0,0,0,0,0,0,0,0,0,0,0,0,0,0,0,0,0,0,0,0,0,0,0,0,0,0,0,0,0,0,0,0,0,0,0,0,0,0,0,0,0,0,61321,41492,69,7623,486,31,58671,31048,1304,129,648.4775314,67,4795,131514,20271,6242,2024,15,307,180,55,947574,1888458,326,564,17400,62743,39769,9799,4539,6094,112,3065,344,55,48,33756,19560,37520,36502,64283,122,187,9151,10404,548,1958,3445,60,45,79,607,1701,3585,24522,16290,61128,100617,122,86,211,316,338,116668,142423,44954,1159,22047,8531,3161,33152,34260,447,774,4070,33097,13630,10552,1953,25738,10011,104,142,896657,1548794,602579,971576,12558,28880,9690,7244,47,304,141,132,3694,67545,5262,13726,312,2542,2935,36935,8544,48088,13500,239283,364104,14728,11573,593,33427,14724,1169,1134,890,1038,12155,777977,1421989,3094,165173,170795,3558,2919,46211,57286,8585,30931,688,738,38937,42833,146,572,56,91,7520,10193,125797,126733,3397,3173,615,520,0,0,0,0,0,0,0,0,0,0,0,0,0,0,0,0,0,0,0,0,0,0,0,0,0,0,0,0,0,0,0,0,0,0,0,2338,13474,59900,351165,22034,9463,242897,1284,6876,138464,21601,445,17,787,2,186,40,21962,599,166950,33,256,144,23182,7490416,21575,62,490,52,49,786,14548,1731,431995,22,1443,31101,170,272,3113,204,175203,73,15791,748,2223,413,218,215,111,489871,195,1676,590883,796,739300,40,62,1054,228565,29,1767,19156,376,129,121,168,643,91,50,159,271700,5935,177,6428,514,10349,45,4374753,71,11503,5613371,697,5,1007068,2234,24319.24931,64,32,393,416,3151,32453,2536,47657,96,314,246,3180,567,3483,3139,47567,63849,4327,2962181,6758,383,6021,511,275,276,43,811,13479,658,7656,149,61845,716,5621,381756,23545,416810,30711,343,2025,33,113,3044,39799,26,535,29,6452,2052,74747,12,5838,10,859,64,632,581,19626,4856,274970,69,94,6937,536,387,51
1777_liver_MF8,0,0,0,0,0,0,0,0,0,0,0,0,0,0,0,0,0,0,0,0,0,0,0,0,0,0,0,0,0,0,0,0,0,0,0,0,0,0,0,0,0,0,0,0,0,0,0,0,0,0,0,59934,39844,23,4764,107,98,22164,11419,1005,137,0,88,3312,58672,8572,2113,913,68,152,326,16,272222,476573,132,140,6146,42544,19600,17176,1606,2422,59,2173,50,57,153,39141,22220,54114,14126,26706,34,110,2583,4004,43,2708,4178,20,0,92,580,1060,3544,3412,6203,18291,29976,83,40,101,398,327,38225,58281,17918,1056,9287,3849,595,7716,10099,173,196,4870,6925,3770,4530,782,18257,3687,24,172,220072,372425,172747,290688,14479,17917,9938,9932,59,147,208,74,3473,19896,4578,1059,1906,2232,2553,12875,2220,18853,4081,48895,79127,2034,2560,383,22761,5619,1112,1339,326,1094,4142,165059,289774,1173,149408,129719,1946,1837,14897,11222,2134,6417,697,239,27703,25325,28,115,62,145,2115,2558,79826,85654,1822,2312,338,326,0,0,0,0,0,0,0,0,0,0,0,0,0,0,0,0,0,0,0,0,0,0,0,0,0,0,0,0,0,0,0,0,0,0,0,2116,7706,60995,108552,20435,4437,267159,1414,7421,153371,22689,196,15,704,20,39,45,13111,283,93944,67,286,21,12694,4808465,20785,37,452,59,56,868,10629,1100,319877,19,935,28732,6,164,2076,24,128007,59,10762,432,1685,142,213,98,49,413115,71,1036,314889,333,86652,92,25,390,150186,196,1136,13044,432,222,282,338,826,29,7,203,183533,4045,503,4437,189,5032,38,2265610,83,7327,2654230,340,16,673292,302,14640.26154,12,31,274,61,2306,28170,2595,39570,92,743,38,2365,45,2138,1936,33115,43969,2652,1374786,3523,679,3947,596,193,78,52,855,8427,463,4543,29,34595,111,4129,242087,14973,269412,19746,23,1380,53,28,1479,19777,107,1072,91,3756,457,59538,21,3798,21,392,21,387,142,10453,2558,151136,13,155,3995,65,280,7
1776_liver_MF9,0,0,0,0,0,0,0,0,0,0,0,0,0,0,0,0,0,0,0,0,0,0,0,0,0,0,0,0,0,0,0,0,0,0,0,0,0,0,0,0,0,0,0,0,0,0,0,0,0,0,0,63702,41937,38,7397,117,81,492,663,705,171,169.5124277,45,345,3681,775,1105,1776,74,543,461,137,4396,6125,1129,987,103,7151,5634,13984,21,257,132,3018,57,0,81,55400,30101,44740,53,275,227,93,44,80,18,2304,3283,0,30,60,154,3277,7437,170,73,461,542,306,127,192,605,1589,695,288,447,2057,346,2583,1206,51,657,94,111,5339,102,37,1516,241,1435,659,0,83,4347,3833,3264,4182,40134,53799,40495,30532,38,84,694,279,7392,509,8128,399,639,4659,4743,20099,4116,23321,3808,1236,1315,58,21,106,843,199,1785,2181,1915,1411,4137,3237,4565,1231,335746,263236,3323,3356,13227,200,2507,220,592,328,51043,44750,102,321,59,217,23,123,107463,119314,3573,3143,296,401,0,0,0,0,0,0,0,0,0,0,0,0,0,0,0,0,0,0,0,0,0,0,0,0,0,0,0,0,0,0,0,0,0,0,0,1997,12035,56165,182135,20395,7775,244308,1171,6770,140303,20792,382,13,967,12,10,14,17954,384,109049,34,470,58,18261,5993098,25987,42,499,84,71,1157,10980,1082,421674,68,1129,35426,107,84,1932,191,143920,18,12184,641,2628,30,58,254,56,435526,72,1376,398708,453,179848,91,1204,650,179661,30,1186,18222,538,114,318,716,678,228,14,65,196140,8085,748,10738,1020,3924,284,2488636,68,8232,3100957,588,202,525748,354,15624.56575,53,57,673,227,3481,37551,4600,60349,342,1116,246,2339,544,2834,3108,54729,53556,3809,1301461,2922,111,3172,849,301,273,105,1010,8678,521,3774,69,34581,34,4384,253292,18018,266004,21036,79,1173,26,22,1685,24224,99,1014,84,4758,884,45312,65,3277,174,779,26,121,253,10564,2011,102604,12,54,3645,92,453,38
1788_liver_MF10,0,0,0,0,0,0,0,0,0,0,0,0,0,0,0,0,0,0,0,0,0,0,0,0,0,0,0,0,0,0,0,0,0,0,0,0,0,0,0,0,0,0,0,0,0,0,0,0,0,0,0,64171,44790,58,17412,274,47,555,395,590,81,0,61,339,5426,1035,3013,4242,5,168,335,24,4034,8454,770,549,57,8801,8156,9364,47,183,35,2703,160,86,0,39359,20973,33582,77,506,199,102,70,29,707,4511,7108,0,36,101,0,1991,4782,15,56,126,114,223,115,124,532,71,316,121,415,412,235,5361,1993,144,353,342,540,10720,32,130,783,270,1147,707,122,260,3913,5233,2438,5150,17753,29106,7524,4265,50,51,98,214,4334,857,4575,389,1093,2895,2335,17140,5241,29306,7965,812,1688,105,120,399,843,231,1192,1167,742,1639,8883,3096,5587,1543,172410,185559,3171,3104,29130,36,4454,152,785,684,53089,61045,35,637,85,125,66,75,160756,177126,5090,5232,848,1012,0,0,0,0,0,0,0,0,0,0,0,0,0,0,0,0,0,0,0,0,0,0,0,0,0,0,0,0,0,0,0,0,0,0,0,1929,12567,61243,204929,19962,10351,266224,1355,7597,152998,23168,536,1,1155,29,17,7,25754,687,208399,103,297,139,28268,9353589,31799,51,228,54,124,376,13184,1123,902660,12,3220,33373,86,216,3220,100,177990,35,14703,508,3959,107,220,74,30,765074,172,2387,830051,998,215795,42,1536,1178,330186,63,2206,24234,45,141,69,455,529,33,141,376,389730,6679,757,3293,127,15863,35,7279423,76,19410,9007417,536,22,1953953,3772,41024.87254,75,67,1029,278,2881,37199,1522,27399,253,660,359,3638,92,2690,3831,58075,82984,5713,4997200,11245,397,6378,566,146,27,0,2091,24229,1094,9134,69,107974,700,8457,375273,29628,536468,39004,135,3432,34,82,5209,66110,234,2033,54,10333,2942,131206,330,11111,10,1520,92,852,455,35242,7348,492658,25,98,15188,1463,1389,20
1790_liver_MF11,0,0,0,0,0,0,0,0,0,0,0,0,0,0,0,0,0,0,0,0,0,0,0,0,0,0,0,0,0,0,0,0,0,0,0,0,0,0,0,0,0,0,0,0,0,0,0,0,0,0,0,65041,46080,34,11833,268,39,229,454,955,46,0,24,219,4581,992,1608,2801,15,195,246,105,2982,4536,1103,831,98,8498,5695,13626,102,173,124,3220,0,0,18,46767,23064,44050,71,438,30,80,21,0,106,3723,4875,0,57,44,153,2084,3570,28,103,164,98,139,38,71,225,557,288,391,125,856,109,4870,938,72,191,257,409,8228,115,44,904,404,907,676,0,210,1347,3672,1894,2978,18308,26249,11683,10970,181,136,223,536,6736,204,7177,742,762,2787,2566,20597,4183,24361,6810,545,963,0,56,208,839,331,1931,751,1752,1705,6205,1526,3242,1542,258628,198517,4234,3151,17574,164,3764,88,342,841,62595,54360,202,22,500,27,122,151,143364,158387,4568,3686,625,532,0,0,0,0,0,0,0,0,0,0,0,0,0,0,0,0,0,0,0,0,0,0,0,0,0,0,0,0,0,0,0,0,0,0,0,1750,5234,62167,125893,22054,7881,272718,1352,7906,149104,23955,447,8,889,49,17,38,21811,290,138003,132,308,95,23985,7264398,28428,17,486,81,217,1053,9470,1022,443644,63,1565,22384,27,199,2327,203,144148,32,11689,423,2836,50,160,202,7,441618,7,1430,438368,392,609605,16,858,879,227832,86,1262,11967,242,20,55,573,224,73,44,155,259488,4057,131,3186,359,6570,299,3675918,105,8281,4526793,422,106,1004405,1395,24179.48616,66,29,697,274,2004,23665,2567,28488,187,388,187,2102,481,2299,3067,39849,58358,4579,2995125,2826,443,3583,1046,20,89,53,634,13691,185,4445,288,56734,506,4533,264947,19492,301759,22929,85,1950,63,14,2424,34444,129,848,6,5618,1288,83822,186,6653,49,869,43,504,315,18005,3500,242261,131,48,7833,929,478,48
1793_liver_MF12,0,0,0,0,0,0,0,0,0,0,0,0,0,0,0,0,0,0,0,0,0,0,0,0,0,0,0,0,0,0,0,0,0,0,0,0,0,0,0,0,0,0,0,0,0,0,0,0,0,0,0,54683,34660,24,9377,277,33,399,390,515,22,0,12,195,2933,385,1895,2326,56,95,257,24,2012,3395,310,794,202,8342,3919,13407,37,56,176,2750,11,15,23,44401,20546,41734,36,0,53,57,0,33,176,2871,5307,74,93,53,316,2009,2590,70,43,38,210,314,375,151,654,269,69,109,217,500,252,4016,1458,77,288,159,220,8223,23,0,781,102,749,106,0,203,2369,3311,1746,3342,11641,15787,6942,4750,51,90,502,86,4567,163,3762,416,455,1682,1882,15186,2164,17693,4753,510,1701,104,40,327,722,62,477,861,541,1182,6057,1898,3168,348,122624,135659,2589,3069,13513,91,2376,166,483,558,33965,29300,74,98,63,45,130,91,109675,96935,2789,3058,544,446,0,0,0,0,0,0,0,0,0,0,0,0,0,0,0,0,0,0,0,0,0,0,0,0,0,0,0,0,0,0,0,0,0,0,0,1206,5906,49434,101712,16491,7139,210601,1073,5738,119141,18348,314,14,425,30,28,21,9914,41,81713,42,185,28,14980,5221437,18787,49,178,95,37,588,8982,896,372363,6,1377,17289,19,110,1809,169,120996,88,12344,419,2153,68,75,34,64,318162,39,953,272368,158,420620,9,554,256,119254,49,1178,11142,472,71,244,199,190,11,53,22,131570,2979,314,2807,354,4698,493,2483975,25,7501,3542462,319,165,664272,649,14809.88808,74,88,673,224,1521,22770,1358,20799,38,107,118,1542,30,1668,2122,27267,45067,2487,2099470,5380,237,2965,359,74,39,21,743,7917,230,4922,93,41639,294,3212,183171,15297,262143,22809,15,1444,35,12,3174,29216,43,1023,29,3541,1438,55935,188,4810,63,687,107,397,114,19372,3341,199460,70,40,4987,323,314,14
TQC17,0,0,0,0,0,0,0,0,0,0,0,0,0,0,0,0,0,0,0,0,0,0,0,0,0,0,0,0,0,0,0,0,0,0,0,0,0,0,0,0,0,0,0,0,0,0,0,0,0,0,0,192989,134601,385,32721,2278,2212,33637,17627,2309,1697,914.929394,96,7049,217422,51088,52737,66796,369,1003,2813,8411,203514,368456,14947,34161,4097,90276,53960,16738,1434,1631,24,14356,1528,290,1372,77222,51991,84582,13129,23301,2107,996,1111,852,1079,1760,4676,321,368,29060,187006,177436,326267,12532,5159,25900,46097,4063,2216,87,905,2493,28729,37036,14528,7051,14581,5536,2577,6094,8611,3255,6251,2430,2341,1801,10552,3460,18202,7222,1161,2244,189442,288077,160324,265697,92743,157382,223990,121122,195,92367,1530,406,28564,57065,52053,27114,10016,206236,93580,29107,11697,23809,10030,47383,73736,1830,1535,6701,42717,17015,57998,27576,14116,25757,8679,214240,440603,4046,1539840,869490,48403,87264,36716,11610,13818,5652,158389,71283,264241,594335,2720,43659,2568,4039,2246,2166,1638320,2452699,82423,62593,12773,8262,0,0,0,0,0,0,0,0,0,0,0,0,0,0,0,0,0,0,0,0,0,0,0,0,0,0,0,0,0,0,0,0,0,0,0,3767,86643,163237,634231,52640,30146,729098,3596,20631,396822,60388,1911,25,7083,30,226,395,180706,16920,6286489,196,1543,173,149628,50195595,1231085,2553,1444,100,134,1587,156024,14345,10104368,35,23556,384344,670,1043,7630,1490,558197,256,53480,3006,285096,106,21940,378,26,5254839,79,11100,4639716,4566,2784510,45,1441,4370,649702,153,101886,1310754,20325,350,2132,2127,1479,157,217,0,923353,63848,3997,5752,240,18725,17287,17717046,446,18495,11391974,1822,69,2356818,1974,136614.9788,140,30072,2605,443,8970,118207,1477,25095,301,601,346,1938,16,757,7146,133551,131315,9671,7495574,2942,413,5274,624,51,1469,144,3250,43181,899,5337,512,109708,693,4301,319203,25638,308506,22524,226,1082,799,25,11163,156116,71,2351,222,24544,1096,82229,124,5657,337,3425,300,1784,778,27236,6111,359658,39,970,12031,580,1897,149
Blk+ISTD 03,0,0,0,0,0,0,0,0,0,0,0,0,0,0,0,0,0,0,0,0,0,0,0,0,0,0,0,0,0,0,0,0,0,0,0,0,0,0,0,0,0,0,0,0,0,0,0,0,0,0,0,68525,41383,13,27,17,43,59,312,410,88,184.8201427,83,48,236,62,173,170,23,105,28,10,1123,1586,129,46,54,653,79,18478,49,360,49,170,31,0,37,477,977,222441,249,969,78,76,65,177,128,32,202,0,0,422,3376,1603,924,190,33,767,1267,188,152,201,58,45,124,456,126,27,400,216,87,125,315,79,98,46,16,93,270,59,205,4,78,77,1688,3192,1385,4248,221,316,264,788,76,243,126,43,92,432,38,163,44,225,76,409,54,229,166,584,1021,0,64,160,217,106,115,400,134,43,45,2134,3618,0,1394,1594,181,177,761,186,14,13,281,375,566,1065,59,40,38,19,29,19,2881,4220,143,142,59,97,0,0,0,0,0,0,0,0,0,0,0,0,0,0,0,0,0,0,0,0,0,0,0,0,0,0,0,0,0,0,0,0,0,0,0,185,324,47003,789,19095,291,259295,1090,3235,138057,22151,3,48,30,6,36,16,438,45,7880,8,64,91,0,80908,2186,26,401,72,192,47,492,97,26747,12,73,1105,4,125,66,200,1731,148,271,42,293,115,54,154,38,7449,74,82,6234,25,3064,39,121,29,1224,59,207,1147,78,169,50,138,89,31,10,82,2175,127,49,17,13,94,79,10971,119,78,19566,63,35,4844,68,270.3064082,10,35,19,175,45,112,22,128,13,131,53,16,35,131,26,203,75,162,13122,14,23,66,40,128,67,7,61,37,107,33,66,220,9,203,689,66,1172,77,109,142,23,35,53,105,56,75,15,160,94,293,59,149,91,53,19,12,49,122,55,813,108,30,118,39,39,17
1744_Spleen_MF13,0,0,0,0,0,0,0,0,0,0,0,0,0,0,0,0,0,0,0,0,0,0,0,0,0,0,0,0,0,0,0,0,0,0,0,0,0,0,0,0,0,0,0,0,0,0,0,0,0,0,0,68335,43542,130,13026,170,498,12503,6563,424,62,0,96,1010,21180,3429,19948,8781,103,405,368,781,554310,1069693,1693,946,18090,27942,7247,20123,11560,13927,233,5040,6832,669,801,416350,197045,165852,185491,342754,438,257,17036,19884,5926,3238,6820,967,477,7,574,33248,83452,79622,47501,255130,404351,916,957,144,345,1240,385991,647613,110784,1698,86712,8255,2612,80844,106999,14047,23881,8257,50437,17649,2360,555,5830,1717,702,5795,1826205,3642375,1354725,1716298,72005,107986,6934,6942,94,49,437,115,3381,157245,4161,34861,8668,4333,4557,49708,40435,31826,6882,715353,1255391,25921,23603,13633,8212,2801,3342,2580,1837,2189,10449,1573211,3242720,3636,330231,275537,7131,5044,42637,122904,6962,74908,1946,2636,127148,136977,151,2302,2160,176,10920,17220,409705,389439,8708,10399,1376,1193,0,0,0,0,0,0,0,0,0,0,0,0,0,0,0,0,0,0,0,0,0,0,0,0,0,0,0,0,0,0,0,0,0,0,0,1505,10948,63305,304043,21301,11670,271777,1374,8064,156103,24475,450,7,1300,6,20,29,38621,909,283245,71,176,21,57676,19888610,243271,563,888,42,117,713,21780,1950,2067212,118,6599,169315,198,455,5400,163,318227,77,26590,1095,7625,118,881,213,23,1323240,76,3252,2651134,743,425736,39,64,529,60584,6,2542,40517,585,28,15,31,515,196,32,239,133689,8850,492,416,58,7933,44,5517084,73,2543,2068223,402,56,343287,202,32308.76817,17,278,818,47,2188,26733,246,5252,41,23,35,107,30,371,1496,17325,10783,929,999084,1884,178,1079,120,196,66,14,261,2903,63,792,28,16933,73,2379,146674,7610,59165,4364,104,193,172,44,630,9830,106,559,23,4463,297,17826,101,1944,15,56,27,516,36,4790,902,61563,26,152,1380,65,488,53
1777_Spleen_MF14,0,0,0,0,0,0,0,0,0,0,0,0,0,0,0,0,0,0,0,0,0,0,0,0,0,0,0,0,0,0,0,0,0,0,0,0,0,0,0,0,0,0,0,0,0,0,0,0,0,0,0,67814,43649,68,11874,69,405,9570,4572,776,144,0,199,1254,22384,3783,16771,10179,36,545,525,1388,389510,623435,1721,1130,14886,26922,5009,22479,5793,6822,115,3816,6653,615,931,499593,229520,161261,117124,203552,382,330,9249,11641,4045,3804,6544,715,334,107,123,44919,53779,52129,32622,128379,239411,794,29,364,243,1799,261277,380262,70764,2025,44064,7941,2290,40735,48269,11364,15518,9789,20004,9848,1635,0,6331,1980,447,4872,894195,1744070,693936,1155102,72974,117469,9318,8504,53,510,297,80,4308,67011,5108,5902,8439,4562,5660,26952,3596,29839,6270,292010,470420,10139,13893,8499,6071,1537,3016,2300,1521,819,8832,735865,1295822,2325,297492,285025,5708,4661,28673,55578,4225,26869,2072,2307,116744,103779,186,67,1726,187,4953,7258,350380,394963,6792,9898,931,999,0,0,0,0,0,0,0,0,0,0,0,0,0,0,0,0,0,0,0,0,0,0,0,0,0,0,0,0,0,0,0,0,0,0,0,736,11048,56983,236916,19576,7921,286025,1378,8292,156889,23686,505,28,1239,13,88,111,33446,746,230529,61,35,121,40147,15904708,199754,696,299,42,160,1087,16352,1349,1803330,10,5239,132551,372,609,4337,774,329789,151,18576,843,7304,118,438,166,49,978862,51,2505,2227294,493,71301,17,89,589,53093,99,2744,30386,890,7,49,424,168,97,19,120,116295,5585,415,190,29,4500,13,4834002,12,1655,1367964,145,42,235172,1151,26396.93877,57,113,739,211,1893,20396,623,7122,41,18,52,204,85,156,1013,14986,7456,740,704105,3369,217,911,58,79,76,41,429,3211,93,714,241,14619,339,2107,119784,10317,57212,4002,112,109,110,77,610,5348,50,543,38,2575,279,14652,167,1392,64,109,34,348,67,3054,741,45926,11,26,1274,196,174,33
1776_Spleen_MF15,0,0,0,0,0,0,0,0,0,0,0,0,0,0,0,0,0,0,0,0,0,0,0,0,0,0,0,0,0,0,0,0,0,0,0,0,0,0,0,0,0,0,0,0,0,0,0,0,0,0,0,68316,44916,201,12938,48,199,255,312,722,129,0,38,57,1739,115,10354,9636,77,987,849,1386,13243,25469,1585,1125,89,13820,4392,17635,141,140,87,3646,5700,712,354,477033,212645,188852,2895,4199,188,278,425,412,2710,3845,4989,219,455,147,219,35691,81549,2127,1418,4629,6627,591,370,216,419,2109,2862,5314,951,2122,1470,7415,2198,1455,1679,10568,11719,8742,252,55,1384,271,944,523,605,3891,16468,28696,16747,29825,81300,105493,13235,13277,91,130,140,12,4911,1966,3761,5900,10398,5565,6183,45192,8839,22813,4551,6151,10187,65,438,8027,372,185,4147,3511,2020,2457,7120,13377,31779,1406,314129,296758,5794,4308,26377,766,3614,563,1885,3510,120839,101283,265,2221,2679,109,149,117,364538,439512,10108,11144,940,899,0,0,0,0,0,0,0,0,0,0,0,0,0,0,0,0,0,0,0,0,0,0,0,0,0,0,0,0,0,0,0,0,0,0,0,1271,8578,64505,257054,21291,9224,279833,1435,8432,156404,25378,669,5,1905,12,73,86,40566,888,282663,19,250,13,48763,18230734,221986,641,416,156,140,1070,16751,1643,1826053,38,5204,168150,487,467,4257,538,249284,45,22547,492,5254,69,592,68,22,1183577,29,2710,2624615,611,538809,61,594,610,58681,37,2855,29042,555,97,78,270,444,77,80,138,140441,5524,363,638,45,6547,289,5033640,133,2528,1710435,132,41,319854,191,30627.81065,28,96,515,125,1654,22124,586,6406,58,61,296,189,31,91,940,14239,11399,782,795430,3580,80,1115,36,47,259,47,558,2722,135,746,57,13667,522,2110,152260,11829,50586,4174,71,39,213,16,476,7972,94,747,16,0,403,15862,86,1378,93,144,42,565,49,3911,724,56274,94,62,1427,10,490,38
1788_Spleen_MF16,0,0,0,0,0,0,0,0,0,0,0,0,0,0,0,0,0,0,0,0,0,0,0,0,0,0,0,0,0,0,0,0,0,0,0,0,0,0,0,0,0,0,0,0,0,0,0,0,0,0,0,76094,48692,69,19143,214,640,109,587,915,18,220.603936,117,50,1169,238,14358,15209,76,415,168,1844,12483,18891,895,877,262,19424,4465,18502,249,702,442,7596,6021,1030,1319,497888,216036,180199,2925,3942,489,475,100,325,2927,5282,9160,512,968,92,165,38411,81529,1098,501,4442,6940,267,343,67,217,529,2847,7142,869,1473,1082,4337,1549,1315,2418,12568,12897,12201,175,352,1164,86,1354,452,365,4940,14945,27314,17858,25602,89016,92769,7428,6080,194,29,236,122,4280,1647,3356,7839,9714,4216,6687,54320,8243,28850,4017,6602,10077,40,59,12065,1006,433,3320,2701,1491,2466,13185,15274,22447,2209,297328,271106,6105,6985,40684,633,6689,339,2303,3877,128490,114017,208,2436,2203,237,91,194,457268,550252,9674,9950,1398,1248,0,0,0,0,0,0,0,0,0,0,0,0,0,0,0,0,0,0,0,0,0,0,0,0,0,0,0,0,0,0,0,0,0,0,0,954,5603,63648,209769,21028,10264,288065,1378,8829,162546,25333,448,23,1133,2,90,37,28708,591,242429,20,77,64,41225,16270655,211951,656,225,26,69,558,11595,1103,1909074,40,4849,114917,68,370,2747,52,219290,54,23539,625,3895,33,529,31,27,918618,9,2189,2610662,700,349560,38,109,438,38286,164,2339,24763,436,93,87,69,74,12,12,56,21375,3200,295,234,24,6454,285,4231260,20,2777,1453928,187,62,352499,291,26084.25447,57,47,564,209,1008,17183,430,3562,71,94,66,146,88,117,529,9840,7021,437,983544,4205,99,882,23,83,162,13,89,2101,52,882,66,10750,364,1930,111893,7170,45158,3479,86,119,134,46,652,6330,196,754,66,3174,420,16738,28,1540,12,107,21,404,114,4961,1065,57652,13,44,1835,71,405,9
1790_Spleen_MF17,0,0,0,0,0,0,0,0,0,0,0,0,0,0,0,0,0,0,0,0,0,0,0,0,0,0,0,0,0,0,0,0,0,0,0,0,0,0,0,0,0,0,0,0,0,0,0,0,0,0,0,68654,43554,40,10921,97,572,169,375,413,73,0,123,257,1853,188,8784,9304,20,633,555,1313,7243,14762,1171,177,176,12068,2809,18940,315,576,48,3699,3970,779,1168,273829,144515,147731,1009,1694,159,276,112,151,2819,4903,6986,585,469,52,347,25734,63986,639,983,2579,4268,401,264,235,99,992,2528,3945,353,1210,135,4773,1053,851,1578,7893,8388,7091,146,190,871,115,976,93,222,2632,7299,16400,9379,16499,57523,69682,7417,4678,88,45,325,164,3462,858,2637,3976,5539,2194,3287,22025,3267,20484,1910,2649,5221,41,89,7093,935,549,2514,2037,791,1086,7532,8307,17992,1203,163610,225923,4259,3868,28212,560,2249,364,2408,2101,87402,73385,44,1674,1781,80,132,34,262172,294756,7493,8891,840,998,0,0,0,0,0,0,0,0,0,0,0,0,0,0,0,0,0,0,0,0,0,0,0,0,0,0,0,0,0,0,0,0,0,0,0,216,3286,58164,149298,18970,7160,261143,1182,7707,139670,23290,525,41,1006,20,43,62,28467,510,200631,51,126,30,32118,12081931,164804,434,240,179,140,1064,15188,1547,1389798,24,3983,102420,352,578,3542,76,226645,31,17045,452,3809,112,584,62,36,698876,34,1938,1586484,572,235783,166,259,155,42726,16,1964,24755,566,100,118,63,245,31,20,60,102669,4916,500,94,34,4268,54,3319307,37,1646,1242575,22,59,242569,276,20736.88783,54,36,372,125,1933,19341,93,3599,188,51,53,315,74,35,1209,15603,7932,777,735928,2632,173,652,114,117,199,22,310,2958,66,946,100,14512,129,1336,102456,7988,44442,3402,93,138,114,144,1049,11739,5,698,75,3701,12,15464,45,1143,59,114,81,487,128,3061,545,51599,5,44,1666,84,449,96
1793_Spleen_MF18,0,0,0,0,0,0,0,0,0,0,0,0,0,0,0,0,0,0,0,0,0,0,0,0,0,0,0,0,0,0,0,0,0,0,0,0,0,0,0,0,0,0,0,0,0,0,0,0,0,0,0,69998,46830,128,16566,68,726,188,467,676,43,169.8235102,91,62,1791,402,13212,15807,71,460,207,1554,11553,21832,1786,790,144,16003,6746,21871,109,274,119,8441,5868,1085,1688,418602,219614,156520,2603,4862,735,287,178,350,3285,5373,7543,265,470,119,173,30125,87872,879,986,3753,6614,239,354,349,328,1195,3166,4271,334,2008,1526,6003,1932,1714,1592,12359,15508,13866,269,98,1651,97,2226,381,240,3952,12992,24745,17871,26076,62175,92223,10414,7509,72,406,332,109,4042,1427,4390,6360,7593,4214,4897,69263,9373,36433,7071,4958,7064,62,206,11058,1305,610,1480,3180,1112,1883,17184,13997,22741,3177,353010,275361,7346,8425,66747,872,9611,618,1705,3695,110360,91883,226,2152,2380,222,113,134,453265,496897,8940,10787,1980,1609,0,0,0,0,0,0,0,0,0,0,0,0,0,0,0,0,0,0,0,0,0,0,0,0,0,0,0,0,0,0,0,0,0,0,0,568,5861,65152,236894,23105,15729,279197,1457,8647,156622,25638,471,4,1409,6,76,134,29915,663,264214,29,11,62,53976,20074393,233039,621,124,226,50,685,12540,1473,1839648,27,5497,118460,421,802,4102,245,296683,351,23286,213,5657,26,370,47,64,923039,34,2124,2555175,868,361334,77,85,563,30637,16,2486,28465,510,20,160,161,221,15,8,129,110226,4133,248,354,20,7147,58,4249621,33,2611,1780986,7,42,267151,132,31278.48936,117,13,234,43,1238,16853,652,4186,62,126,51,380,197,56,822,13578,9577,544,1084839,4059,212,1159,189,58,195,26,223,1888,49,724,186,12613,82,2234,100454,9899,57735,5420,70,15,138,26,580,10477,151,675,9,3716,389,19347,72,1054,65,168,10,493,24,5495,940,69594,18,96,1280,145,690,24
TQC18,0,0,0,0,0,0,0,0,0,0,0,0,0,0,0,0,0,0,0,0,0,0,0,0,0,0,0,0,0,0,0,0,0,0,0,0,0,0,0,0,0,0,0,0,0,0,0,0,0,0,0,187111,143667,300,28762,2090,2476,32621,17450,2263,1076,887.75902,114,6979,203668,47608,54858,73834,408,1406,1824,8718,162072,356636,13992,28247,3380,95348,61775,18239,1059,1031,162,13013,1609,196,1341,95638,48859,81613,14073,23585,2297,1488,1084,1128,1280,1988,5152,519,209,34208,204613,171237,368108,12664,6700,30641,51087,2263,2963,135,176,1924,26880,42813,13479,5404,14800,5900,2350,6767,7567,3131,5308,2452,4275,1117,10196,5495,16167,5711,1140,683,192730,276634,171930,271670,92347,208730,269907,105121,72,95136,1877,527,30857,65903,43508,25506,8444,148237,95496,29336,8846,29418,12069,43433,71773,1650,2283,7941,43092,17448,45412,24870,12522,27896,6731,206666,388196,4621,1397478,828954,55450,77482,37103,12319,13139,6513,139847,72292,279236,582204,2136,44241,32541,3517,2103,2566,1904785,2911086,93178,64582,12556,7428,0,0,0,0,0,0,0,0,0,0,0,0,0,0,0,0,0,0,0,0,0,0,0,0,0,0,0,0,0,0,0,0,0,0,0,3040,85310,166381,617966,53107,29118,762384,3285,20301,377143,62852,1869,68,7182,9,323,338,184074,17244,5987884,213,1554,129,135102,48444207,1176888,3051,1212,48,190,1897,157559,12250,8959207,66,23972,390597,1272,888,9779,1355,545895,34,45336,2880,299462,187,19362,213,80,4387123,14,9119,5255098,4457,2647203,25,1418,5540,744143,959,90159,1159557,20345,300,2064,1767,1437,183,281,203,230531,61201,4678,4715,357,19846,15328,19518391,147,16282,11184211,1293,79,1961800,1071,138705.5851,251,25738,2147,448,8999,128715,1719,21789,214,258,89,2176,207,1245,7668,137334,127379,11627,6990802,660,187,5199,351,19,866,74,2723,31204,1062,4728,0,101450,574,6217,339777,26097,294509,22849,49,950,203,36,15417,189927,61,1981,58,25592,1462,85824,87,5386,518,3363,181,1594,327,27649,5570,341843,36,1466,11759,1117,2122,112
Blk+ISTD 04,0,0,0,0,0,0,0,0,0,0,0,0,0,0,0,0,0,0,0,0,0,0,0,0,0,0,0,0,0,0,0,0,0,0,0,0,0,0,0,0,0,0,0,0,0,0,0,0,0,0,0,64666,43838,20,67,47,13,61,354,561,112,0,189,41,396,55,60,101,0,68,66,0,1331,1762,31,81,65,130,171,17933,145,309,69,94,20,0,36,197,689,219468,302,119,169,144,26,31,41,58,176,1,0,583,2548,1265,881,74,163,303,807,208,112,67,156,42,284,214,87,96,59,9,148,17,60,56,5,62,164,66,118,135,38,112,0,74,1547,3034,2209,2240,186,117,415,320,47,16,244,175,97,221,97,118,134,180,412,60,193,163,202,266,781,0,39,84,642,15,60,33,91,201,90,1904,3521,77,1565,1163,86,92,402,106,183,9,162,273,989,855,6,51,173,35,65,16,4112,3393,157,164,134,25,0,0,0,0,0,0,0,0,0,0,0,0,0,0,0,0,0,0,0,0,0,0,0,0,0,0,0,0,0,0,0,0,0,0,0,398,150,47000,1981,17567,104,262367,1247,3192,144382,21575,145,14,128,27,65,9,503,33,6357,36,15,33,196,61481,2017,18,104,32,127,141,92,84,26195,32,50,1260,9,60,34,97,1603,94,252,31,454,51,184,14,11,5913,51,41,6389,26,5255,38,8,5,864,82,165,1487,21,22,42,136,72,75,37,23,454,78,30,215,41,72,63,25338,57,212,18853,30,35,4728,30,580.5160835,41,34,95,31,17,131,93,51,72,67,278,38,133,109,0,149,123,112,11522,35,103,315,258,66,51,37,53,48,51,164,24,166,47,184,638,83,848,47,72,172,63,3,24,453,45,40,51,34,60,333,191,52,62,121,44,84,9,41,6,904,21,40,35,15,60,29
1744_Heart_MF19,0,0,0,0,0,0,0,0,0,0,0,0,0,0,0,0,0,0,0,0,0,0,0,0,0,0,0,0,0,0,0,0,0,0,0,0,0,0,0,0,0,0,0,0,0,0,0,0,0,0,0,68442,48869,125,6944,6,1887,4625,2655,801,24,0,100,364,6544,1357,7647,33093,1210,111,149,34176,231173,388445,69,345,4374,6535,3388,13048,2199,2964,116,1007,813,166,5566,7339,4275,61642,19654,37678,99,115,4378,7043,2338,1865,24730,35,742,14,123,1315,2345,20974,8539,33132,60961,24,80,142,333,557,43215,66114,22924,1411,20268,21565,12481,15525,18263,2590,4639,6474,14606,6502,3485,1028,892,958,325,1591,411733,748746,328598,574661,10444,13409,1107,485,229,116,477,89,1271,62369,1963,6594,1837,333,634,8165,1543,33294,7216,187693,328697,8687,9014,4360,2012,926,85,233,468,202,8263,430280,788997,887,26240,27406,453,366,13165,35706,2462,21551,450,400,7019,6773,114,23,103,21,3717,5006,17675,19688,907,428,250,386,0,0,0,0,0,0,0,0,0,0,0,0,0,0,0,0,0,0,0,0,0,0,0,0,0,0,0,0,0,0,0,0,0,0,0,789,19022,66379,87059,22438,3221,285754,1303,7997,163469,23367,348,32,761,14,19,41,20296,628,154764,20,259,57,22397,9737704,167204,367,472,32,69,658,13849,1012,1813773,70,4715,658326,1775,63,2632,740,128648,34,10367,1140,27991,65,2016,126,32,6035901,193,12957,400365,524,1102129,83,26,2447,569691,132,7915,88195,1611,496,84,4305,491,146,56,288,194047,98893,7040,1285,92,2982,45,1390730,13,7926,2746329,311,159,599399,1561,21022.85377,219,28,3590,1366,13535,211346,550,6181,48,30,526,2237,17,381,1112,12231,121872,7109,786033,1393,50,952,541,69,352,55,1545,25882,347,3491,91,25651,67,987,47950,3863,193099,15176,22,623,247,124,1767,25996,144,217,51,4255,592,38597,275,2895,188,604,200,293,303,5879,1033,74930,41,326,2475,265,441,26
1777_Heart_MF20,0,0,0,0,0,0,0,0,0,0,0,0,0,0,0,0,0,0,0,0,0,0,0,0,0,0,0,0,0,0,0,0,0,0,0,0,0,0,0,0,0,0,0,0,0,0,0,0,0,0,0,76626,49785,158,10569,30,2648,4809,3203,706,39,0,24,542,8093,1125,8129,41168,1412,135,260,37258,187310,371087,138,251,4963,7317,3721,19959,1552,2637,73,2089,906,407,5376,10791,5640,79748,20440,37353,4,114,3309,3798,1515,2024,21239,78,439,44,647,2290,3800,14080,5986,23934,46862,79,115,95,282,428,41676,57779,22614,1273,17969,13382,6815,7563,11928,3634,3692,7408,8047,3449,2141,930,1063,201,316,2165,352147,589258,250841,436148,7839,12602,993,725,240,395,589,195,1567,52630,1448,6543,1406,422,743,5816,1027,18784,5214,108440,201589,5615,7315,3913,1829,673,349,78,410,328,4848,302864,599923,681,24559,21789,726,578,10376,24161,2364,11453,559,650,8327,7264,75,47,39,96,2945,3545,17187,20889,754,991,90,293,0,0,0,0,0,0,0,0,0,0,0,0,0,0,0,0,0,0,0,0,0,0,0,0,0,0,0,0,0,0,0,0,0,0,0,1187,14653,61303,79312,21008,5111,291539,1366,8024,160522,24044,325,14,1260,19,28,38,20353,652,214583,84,311,128,25190,10534463,310616,680,267,144,105,860,16454,1256,2605922,166,6149,908983,2279,400,1622,503,135441,66,12117,1130,28471,43,2088,159,38,4593019,40,12515,624211,600,1070482,32,505,2476,538596,39,6071,84075,1263,415,77,2389,270,71,73,100,195749,79680,5744,1153,22,3147,169,1604704,27,6786,2842674,715,13,531421,939,19124.45482,37,80,2552,158,11756,130258,276,4079,138,66,36,1498,85,162,1043,15475,60751,3657,667450,2157,73,822,195,51,327,32,1630,16616,464,2049,18,22535,64,775,40323,3360,93171,9937,54,345,93,33,936,18654,86,451,14,5241,392,31787,46,2189,98,419,194,160,91,3952,574,52643,17,448,1955,220,513,5
1776_Heart_MF21,0,0,0,0,0,0,0,0,0,0,0,0,0,0,0,0,0,0,0,0,0,0,0,0,0,0,0,0,0,0,0,0,0,0,0,0,0,0,0,0,0,0,0,0,0,0,0,0,0,0,0,61341,39754,115,8148,120,1937,184,287,571,78,0,110,65,953,166,4841,27337,1050,73,126,33903,2877,6356,145,290,168,2446,1774,13489,256,210,212,1281,1238,238,5798,7234,3328,66245,202,358,137,93,82,0,1578,1686,16382,69,397,86,259,1485,2593,11,125,590,814,179,115,250,552,1123,705,354,66,1014,59,11786,5542,172,132,2784,3450,4632,154,76,1975,788,84,31,11,2006,3160,5387,3153,3502,6840,12023,1230,801,139,76,53,72,1508,692,1231,73,137,414,297,4406,877,16523,2681,1291,1230,194,146,2460,433,193,165,36,388,354,4481,3829,8140,691,15800,15062,740,236,5680,308,932,137,182,247,3832,3942,31,37,50,51,76,197,9611,11282,621,528,202,150,0,0,0,0,0,0,0,0,0,0,0,0,0,0,0,0,0,0,0,0,0,0,0,0,0,0,0,0,0,0,0,0,0,0,0,432,13093,56198,58574,18352,3668,238379,1164,7166,143189,21617,421,25,1347,7,31,54,19688,307,169511,29,80,41,23680,8548118,292691,638,291,37,52,580,11450,924,1945549,27,5794,969022,2734,174,1310,431,96112,302,7987,885,24575,32,1632,178,64,4511545,35,10732,442620,388,1022591,63,642,2070,491269,59,3281,54287,1301,284,215,3196,1103,115,18,363,169785,85942,7063,1442,92,2195,9,1375768,7,4909,2106013,411,37,400802,470,13807.72636,44,43,1777,69,10986,120048,272,4936,40,124,188,1464,18,317,699,12407,56878,4906,602585,1346,29,1136,279,12,138,14,907,14754,535,1443,15,23076,132,549,32296,2255,107263,7182,137,131,21,19,904,14447,53,326,73,3681,325,21763,84,1549,99,646,24,171,44,2861,836,35400,28,451,1638,151,319,47
1788_Heart_MF22,0,0,0,0,0,0,0,0,0,0,0,0,0,0,0,0,0,0,0,0,0,0,0,0,0,0,0,0,0,0,0,0,0,0,0,0,0,0,0,0,0,0,0,0,0,0,0,0,0,0,0,65962,44883,65,5903,111,2703,93,457,518,75,98.04743195,126,250,1235,169,3600,30225,953,26,185,31051,3226,5944,273,245,43,3304,2591,13152,41,147,151,2105,621,265,4683,5060,3022,58260,277,650,0,156,57,92,878,1570,20141,144,602,17,122,1191,1237,77,65,390,464,10,104,265,231,770,455,496,247,690,164,22116,14750,160,137,2935,3185,7131,53,110,5966,1877,1056,187,15,1467,4315,5883,3710,6044,6699,4289,124,201,131,110,112,59,1125,447,871,58,180,211,306,6307,902,32158,4288,1176,2131,22,64,2787,2031,451,75,248,260,248,7260,3245,7073,839,15691,12003,360,776,9858,51,1119,347,258,179,6443,4528,12,16,136,128,89,32,12363,12257,839,608,106,160,0,0,0,0,0,0,0,0,0,0,0,0,0,0,0,0,0,0,0,0,0,0,0,0,0,0,0,0,0,0,0,0,0,0,0,661,19145,64362,90564,21720,5317,282041,1345,8015,157140,24346,227,7,766,17,54,20,14329,543,146717,44,114,37,22997,7042792,259279,621,347,39,46,675,14229,1207,2060475,36,6259,812821,1729,198,1793,725,130718,353,10683,666,32097,89,2068,252,81,3898975,38,11418,342410,589,885910,78,47,1787,581780,35,8345,130168,1576,61,358,2082,567,72,13,502,186396,102691,6850,1091,137,2432,65,1087061,34,6180,2269268,189,46,576358,1018,17964.93594,37,52,4024,0,14105,230399,96,4463,110,32,294,2333,80,129,1096,17678,102113,6077,713527,1492,33,1249,391,130,493,41,1461,20366,95,2761,144,23632,99,1035,41903,2936,172249,12955,33,144,153,36,1056,18135,102,655,12,4346,298,32677,175,2472,60,513,44,286,127,4142,1208,53756,44,422,2255,236,532,35
1790_Heart_MF23,0,0,0,0,0,0,0,0,0,0,0,0,0,0,0,0,0,0,0,0,0,0,0,0,0,0,0,0,0,0,0,0,0,0,0,0,0,0,0,0,0,0,0,0,0,0,0,0,0,0,0,57994,39288,104,7175,71,2747,197,523,417,63,0,42,73,2044,118,3311,25697,515,385,27,30711,1952,4043,387,159,37,3879,1050,13955,97,188,107,1748,572,238,5923,6348,2908,65819,260,377,120,143,8,138,1308,1954,21993,168,460,35,19,962,2092,227,68,206,488,380,126,154,290,1252,365,510,202,1102,116,21425,7889,202,181,1324,2222,7623,2,85,3425,1158,147,302,0,1207,1372,3792,2301,4087,4318,5233,464,526,86,194,76,185,563,265,701,78,73,66,401,3552,726,22627,3860,868,2103,209,47,2320,1175,252,47,158,331,436,4955,2331,4076,923,12664,13660,99,373,6031,499,714,167,102,130,3977,4491,82,26,83,170,62,101,8525,8154,332,668,54,120,0,0,0,0,0,0,0,0,0,0,0,0,0,0,0,0,0,0,0,0,0,0,0,0,0,0,0,0,0,0,0,0,0,0,0,599,12892,54718,59986,19658,5226,245493,1059,6933,135775,20754,321,32,698,2,20,12,14424,379,130370,69,92,73,19447,6428628,239037,582,387,39,146,467,10613,1314,1705008,34,4017,766591,1737,110,1435,578,102077,193,10344,179,24068,42,1631,187,20,3027929,25,7144,316998,290,740896,21,36,1459,491433,37,5908,61444,1329,220,369,2441,327,48,23,400,140693,92164,5476,1233,30,2156,59,908153,76,4268,1790010,808,133,409542,740,15636.50347,54,27,3161,535,11256,144622,208,3154,35,25,143,2045,68,24,670,9435,70587,6363,511404,1658,13,840,195,210,200,9,1523,18802,622,1811,19,18237,88,448,26497,2443,135807,10374,25,470,36,121,1252,17217,91,378,36,3537,545,32397,6,2197,91,432,36,37,66,2467,608,40163,102,282,1819,179,653,82
1793_Heart_MF24,0,0,0,0,0,0,0,0,0,0,0,0,0,0,0,0,0,0,0,0,0,0,0,0,0,0,0,0,0,0,0,0,0,0,0,0,0,0,0,0,0,0,0,0,0,0,0,0,0,0,0,67676,46509,138,6590,69,2157,170,232,697,63,0,76,199,959,285,4623,34959,420,152,229,26853,3861,4934,95,172,3,2890,1795,17323,144,348,283,1353,1045,246,4629,6372,3772,93369,291,560,296,276,56,33,1359,1774,20628,213,312,92,19,1938,2473,24,112,267,542,141,166,23,407,122,229,230,235,872,33,13094,6826,167,68,2124,3062,7786,57,177,2171,319,99,238,170,1080,1872,2699,1923,4160,6078,6281,90,331,131,54,230,136,695,298,1241,233,479,167,203,4687,730,14429,2850,1255,1822,124,248,2943,560,458,86,323,335,131,4426,3263,6787,476,13195,12824,411,650,6238,439,337,274,316,34,4843,4397,74,129,39,62,89,99,11544,11950,602,754,158,229,0,0,0,0,0,0,0,0,0,0,0,0,0,0,0,0,0,0,0,0,0,0,0,0,0,0,0,0,0,0,0,0,0,0,0,362,9170,63525,55622,22128,6142,271359,1259,7882,148621,22786,317,22,657,10,68,40,11789,463,138387,133,14,30,21393,6640199,336161,826,71,10,84,522,7643,968,2219560,99,6678,784490,1830,233,1111,279,70911,19,5781,514,22971,47,1575,36,14,3046047,16,7741,399804,200,658516,107,32,1447,443493,17,4536,63282,1433,75,432,1529,189,159,33,287,146679,55763,4267,1058,63,2551,27,1199296,94,3778,1751361,314,69,392641,220,14592.65609,89,87,2030,446,7629,101512,168,2180,144,212,22,557,10,36,579,10618,49827,3225,676100,1781,198,635,134,368,123,33,804,11077,76,1140,26,15616,88,573,32814,2037,72032,6687,26,267,98,11,634,12935,73,154,125,3962,240,19456,135,1581,205,150,14,70,90,2997,634,33170,96,134,1554,114,384,117
TQC19,0,0,0,0,0,0,0,0,0,0,0,0,0,0,0,0,0,0,0,0,0,0,0,0,0,0,0,0,0,0,0,0,0,0,0,0,0,0,0,0,0,0,0,0,0,0,0,0,0,0,0,194916,140366,433,27957,1663,1797,34886,16190,2297,997,1425.681146,157,6870,206391,56735,66977,71205,462,1291,2102,8345,169642,314958,14090,33688,4339,92066,72248,17587,1123,1385,23,11113,1737,164,1488,85995,45944,93216,17363,23866,2686,1639,1616,1390,1228,1870,5018,948,175,33327,200731,184595,382282,11929,5598,25024,44225,3355,2225,104,311,3261,28704,36822,13152,6582,13880,6260,2325,5632,8310,3255,5665,3365,3088,1657,12347,4934,16246,5445,987,2319,181578,294289,175106,260946,89090,171176,202230,123147,79,107292,910,120,32752,50562,63516,26339,11870,142443,89998,27939,14607,24123,10010,41353,70771,1176,2014,5375,39835,17360,47402,26084,12620,22900,8109,219424,427794,4047,1633325,706176,49434,85247,38071,10276,11477,5194,144061,74834,311310,512759,2098,47837,2611,2963,2187,3064,1653279,2476957,87550,66771,11106,8027,0,0,0,0,0,0,0,0,0,0,0,0,0,0,0,0,0,0,0,0,0,0,0,0,0,0,0,0,0,0,0,0,0,0,0,2978,85989,163360,576667,55009,31600,765019,3620,21927,392135,61682,1840,42,7220,31,219,515,206712,18384,6241414,146,1495,65,149087,48092999,1285578,3552,1117,141,212,1894,153569,12496,10581423,27,27368,436508,694,1027,7606,1630,628291,148,46696,0,297531,56,22837,182,21,5275681,149,9817,4828017,4564,2756925,48,1702,5143,756758,1294,95363,1194668,18585,478,2789,2371,1170,146,256,65,214267,53028,4942,4860,171,17908,15049,20058375,61,16615,11393672,1789,107,2425630,350927,108462.3307,455,32912,2237,295,10745,138080,1651,23853,158,465,94,1315,315,1038,9543,147692,142877,8898,8179813,10326,468,4496,623,54,312,70,2207,42573,1155,3771,0,104839,117,5300,339860,18973,326263,22680,198,945,982,141,11985,186810,168,1660,14,22400,1193,80644,122,6671,144,3831,18,1588,707,26867,5920,368383,105,1483,12791,1030,1854,219
Blk+ISTD 05,0,0,0,0,0,0,0,0,0,0,0,0,0,0,0,0,0,0,0,0,0,0,0,0,0,0,0,0,0,0,0,0,0,0,0,0,0,0,0,0,0,0,0,0,0,0,0,0,0,0,0,66155,46935,6,67,22,31,110,430,324,136,0,252,88,277,98,103,211,10,260,228,69,994,1883,128,208,37,593,135,20815,70,206,35,116,20,0,91,430,415,234951,433,273,138,53,9,65,69,55,188,85,44,304,2757,1677,921,353,110,326,769,114,142,134,200,67,350,379,224,5,193,80,55,57,84,120,108,111,215,137,392,196,232,0,6,65,2812,3226,1596,3893,419,333,147,188,83,96,37,213,179,251,123,98,103,40,120,305,93,498,63,1224,1264,0,71,88,176,38,195,202,80,81,147,2219,3654,50,1195,1875,262,90,85,400,12,67,126,403,905,789,54,190,221,66,41,75,3903,2984,212,333,55,140,0,0,0,0,0,0,0,0,0,0,0,0,0,0,0,0,0,0,0,0,0,0,0,0,0,0,0,0,0,0,0,0,0,0,0,54,548,48537,768,17541,310,252869,1183,3085,143147,22173,26,16,22,2,18,15,407,21,5019,14,37,30,184,57992,2261,36,457,77,178,180,35,87,25114,78,117,2278,42,390,68,272,2105,144,64,75,744,40,39,10,16,7821,35,36,5832,24,4343,24,45,13,944,47,110,975,218,36,99,30,62,74,33,10,790,81,18,50,20,52,8,22180,30,72,13622,65,28,3836,1136,433.1266394,39,34,97,64,32,168,69,39,78,53,47,497,35,78,47,146,132,97,10970,32,13,21,96,153,47,39,171,163,185,70,2,22,36,131,464,93,663,23,101,53,89,9,67,239,28,60,25,85,35,87,111,93,31,24,47,98,78,104,71,827,12,7,92,97,41,10
1744_Lung_MF25,0,0,0,0,0,0,0,0,0,0,0,0,0,0,0,0,0,0,0,0,0,0,0,0,0,0,0,0,0,0,0,0,0,0,0,0,0,0,0,0,0,0,0,0,0,0,0,0,0,0,0,66180,41952,327,15417,626,556,8212,4982,700,122,0,311,756,12247,2011,39135,8011,74,161,508,3256,379638,629434,2932,2497,6882,14722,6084,9384,2081,3056,30,13828,3150,651,922,109776,56297,104446,72762,124651,228,488,4046,4961,1570,3292,4319,186,636,333,1064,7474,15854,16247,23784,129934,205005,11,400,329,160,773,69961,103291,39362,1971,33010,5630,2899,31386,48693,11239,11492,5890,8178,4563,1446,390,2495,863,731,2861,416600,665505,549618,697983,20175,29442,2935,2391,148,89,180,259,3726,50661,4983,6654,907,4325,5226,16987,2871,16803,4791,150017,232857,6198,7344,9571,2233,1173,854,1122,1031,1992,4116,461698,910188,1223,88574,71326,8191,10540,18139,34292,3746,22493,855,525,20294,20372,245,1025,55,400,9122,9869,194541,210353,4785,5394,2942,2526,0,0,0,0,0,0,0,0,0,0,0,0,0,0,0,0,0,0,0,0,0,0,0,0,0,0,0,0,0,0,0,0,0,0,0,1452,51979,61645,323301,20376,12845,267133,1258,7551,144129,22310,824,2,2907,3,80,239,68735,3691,1203401,67,485,42,109079,37959261,410514,1010,830,172,225,1779,64836,5440,2113721,88,5566,687160,1591,1018,8567,721,562014,131,43301,1153,15071,119,1011,150,70,3087102,90,8695,4413687,6315,2230767,18,1549,3852,262076,83,4772,46801,981,43,102,475,262,70,290,519,521820,19789,1624,2498,107,19761,81,9683300,18,10449,5436091,627,62,921808,1300,61661.57728,128,144,766,446,3796,43269,958,8574,33,169,171,847,118,705,4347,65888,30765,2636,2676595,5111,11,1235,46,127,55,33,710,9560,214,1824,69,58327,449,3330,172638,13361,84127,6947,55,77,546,33,2563,38891,24,830,38,17725,138,19312,26,1709,201,830,51,1221,620,10270,2696,127057,67,504,3596,291,1331,147
1777_Lung_MF26,0,0,0,0,0,0,0,0,0,0,0,0,0,0,0,0,0,0,0,0,0,0,0,0,0,0,0,0,0,0,0,0,0,0,0,0,0,0,0,0,0,0,0,0,0,0,0,0,0,0,0,67286,47382,160,11409,142,194,5139,3236,743,140,141.8159457,157,1321,17270,2412,26193,5725,84,182,159,2921,184485,383870,2629,797,3432,9938,2374,18376,2231,3154,59,18290,3376,1932,1632,105208,49031,157613,57012,92354,281,61,2650,2709,2860,2404,3506,450,840,340,1442,6918,20725,10515,19787,110660,171576,97,115,135,548,1226,67509,95170,26872,1962,17136,3657,322,17135,34108,6924,11045,6474,4219,4871,573,213,1436,714,322,2537,295328,487075,285456,466244,18283,28602,3414,347,52,184,36,91,2572,33600,3422,4351,412,2774,2418,6347,629,6566,754,59207,116096,2728,3881,6273,978,230,419,120,1163,988,0,212047,463972,727,60198,58479,8028,9128,8179,21120,1159,12942,737,659,13367,14850,272,1047,47,348,5297,5820,121855,120541,4112,4277,1470,1779,0,0,0,0,0,0,0,0,0,0,0,0,0,0,0,0,0,0,0,0,0,0,0,0,0,0,0,0,0,0,0,0,0,0,0,1040,27715,62176,195514,24051,13597,263576,1312,8041,150164,24243,607,42,2372,24,101,78,49828,2257,819046,39,311,12,82772,28423328,369833,972,528,24,102,857,34631,2833,1838315,9,5005,591087,1482,678,3658,630,250713,88,22238,495,10434,74,880,50,12,2226923,46,5362,3019011,4274,1472794,20,1307,2853,193755,57,2725,26681,516,100,84,421,324,11,52,229,78361,13505,677,2650,101,13584,66,6536873,0,7194,3260209,333,135,568050,907,44893.09136,47,106,798,104,2183,24240,627,4528,15,202,100,218,80,268,2189,36518,19993,1521,1916130,4396,253,723,173,46,409,68,127,5730,130,809,150,34275,116,1691,86601,6130,49282,4401,130,78,432,34,1507,27484,63,413,16,12218,79,12233,49,1387,22,174,81,965,166,6631,990,76135,10,104,2050,68,645,34
1776_Lung_MF27,0,0,0,0,0,0,0,0,0,0,0,0,0,0,0,0,0,0,0,0,0,0,0,0,0,0,0,0,0,0,0,0,0,0,0,0,0,0,0,0,0,0,0,0,0,0,0,0,0,0,0,60573,38589,118,14660,124,136,492,336,482,183,0,59,170,2516,339,21853,6482,154,109,198,2081,30738,40538,2797,1290,384,11922,6431,11128,177,434,17,12357,1692,1302,1592,119109,56457,120799,4918,7744,370,112,175,642,1504,3314,3754,184,620,35,517,8154,16458,3066,3777,11294,15876,171,116,188,147,1567,3303,4610,1406,1361,1834,4735,2037,2632,4386,7000,7502,5430,377,268,1482,249,2088,956,326,1581,20722,39412,40328,54169,18034,31690,3471,3465,52,118,214,248,3105,1852,2481,897,872,3565,3254,14061,3428,11920,2607,7529,19444,55,251,6066,1635,417,392,1170,647,1116,3533,23498,42672,961,72685,57752,6874,5784,11593,2696,2340,2016,242,550,15924,13840,184,737,217,220,826,451,118297,146687,3226,3881,1392,1763,0,0,0,0,0,0,0,0,0,0,0,0,0,0,0,0,0,0,0,0,0,0,0,0,0,0,0,0,0,0,0,0,0,0,0,1509,41551,56163,280306,19394,14716,261373,1139,7263,141371,21175,894,3,3456,11,30,111,70513,3235,1102562,84,411,45,102328,35868252,423347,1099,1383,404,251,1359,66010,4856,1858285,62,5653,610269,1768,906,7501,38,521923,218,40861,900,13264,229,793,27,21,3159323,41,7906,3970239,5540,2025281,17,1307,3425,234889,47,2687,36365,908,196,151,616,880,63,13,689,486943,13894,1409,3390,335,19181,757,9429531,49,8049,3641568,600,36,813523,1342,54903.06553,42,59,231,203,3435,39862,710,8563,78,358,97,515,31,449,3184,60168,26515,1639,2099253,5530,201,1407,142,168,404,107,252,5925,90,1274,60,49357,224,1784,144444,10007,66173,5637,21,328,500,96,2396,28892,246,209,40,13166,92,17340,274,1474,73,928,123,1126,148,8244,1426,99903,105,68,2349,346,905,150
1788_Lung_MF28,0,0,0,0,0,0,0,0,0,0,0,0,0,0,0,0,0,0,0,0,0,0,0,0,0,0,0,0,0,0,0,0,0,0,0,0,0,0,0,0,0,0,0,0,0,0,0,0,0,0,0,65662,42084,342,21495,272,513,478,726,387,197,0,32,71,2762,304,24912,7504,73,109,466,2372,30521,54617,2680,1814,321,5884,2956,13778,235,301,21,23513,3490,2096,2152,134202,56279,130277,5832,7081,236,100,307,637,2233,4262,4274,184,1568,146,1350,7736,20046,1823,3743,8015,15604,83,255,130,130,474,4592,6387,755,692,1078,2331,682,1973,3570,6243,9941,9310,512,322,415,157,1052,430,183,2854,22785,35848,36622,51463,16111,24085,2374,1458,57,517,175,37,2421,1791,3050,1089,1047,4063,2948,5125,1080,4437,921,5726,15517,327,114,8571,639,48,459,376,1379,754,2220,21277,40980,507,50526,52468,8009,8404,5657,2525,573,2005,517,728,18757,19489,208,1028,1077,97,411,638,145749,175681,5278,4731,1916,1949,0,0,0,0,0,0,0,0,0,0,0,0,0,0,0,0,0,0,0,0,0,0,0,0,0,0,0,0,0,0,0,0,0,0,0,507,24335,59615,209210,20170,23268,258141,1335,7718,139875,22623,634,12,2243,2,67,24,45026,2695,853781,16,234,21,92119,35187699,395189,1099,310,315,15,773,37108,2993,2107582,36,4896,457201,1300,677,3786,220,257120,40,21868,629,7472,228,617,139,32,2168720,92,5877,3622564,4433,1272776,63,1045,2810,193441,11,1932,23827,741,122,204,419,157,49,50,111,413688,10142,627,1913,29,14897,1103,7413332,45,8092,3018420,427,81,749945,991,60548.05126,38,35,153,158,1111,21704,183,4090,7,195,72,461,40,136,1980,42179,13308,1129,1938305,1774,248,799,40,67,216,9,440,6768,12,688,69,49314,55,1272,88515,7148,42856,3729,191,84,417,27,2248,29440,136,649,26,15903,318,19448,59,1228,77,1189,38,1022,86,7627,1632,104718,143,326,3215,413,707,103
1790_Lung_MF29,0,0,0,0,0,0,0,0,0,0,0,0,0,0,0,0,0,0,0,0,0,0,0,0,0,0,0,0,0,0,0,0,0,0,0,0,0,0,0,0,0,0,0,0,0,0,0,0,0,0,0,69580,48630,431,21478,260,410,539,663,565,132,242.0635435,187,136,3353,779,21892,7559,70,239,194,2689,26544,47960,2294,1737,566,7409,2573,12321,275,691,75,23082,1596,1533,2176,108464,56485,113253,6115,9941,123,111,153,347,1527,4977,4461,411,1495,18,256,5907,19317,3314,2087,7130,13930,134,135,217,412,2368,5253,7526,1476,1847,1388,2371,754,2745,4131,6144,6791,8866,758,461,786,139,1251,273,852,2377,17872,32299,27726,53736,15525,23743,2625,2020,88,205,57,64,1505,2319,2828,649,401,2447,4553,6039,1608,6076,1375,9792,18812,243,472,6992,469,458,330,530,1029,833,2777,23862,46380,290,63125,59355,8395,6664,8082,2946,1000,1823,547,357,20654,17494,227,218,1071,236,898,696,132500,156602,4814,5686,2129,2380,0,0,0,0,0,0,0,0,0,0,0,0,0,0,0,0,0,0,0,0,0,0,0,0,0,0,0,0,0,0,0,0,0,0,0,1205,30821,65032,237333,21225,28571,269283,1425,8713,167178,22889,956,15,2420,19,89,139,63469,2857,992334,12,270,141,95864,34218237,382930,1228,640,17,164,1015,48259,4106,1813277,11,4830,467958,1223,724,5814,157,331970,155,22772,810,9146,39,868,198,89,1979359,26,4785,4133268,4886,1385617,13,849,2586,183137,53,2582,28435,627,131,287,311,129,37,156,1006,123141,10555,1120,1554,95,16333,54,9247069,10,6690,3138644,59,78,718213,1793,76060.50887,24,22,791,97,2213,22428,467,4445,156,23,76,309,123,83,3416,41845,18039,2646,2301513,5192,102,1244,325,205,269,40,574,8276,53,1149,71,57295,225,1368,99207,7561,59190,4071,168,222,529,50,2625,28924,103,634,47,16510,513,19042,24,446,98,1104,17,1106,359,7583,2263,106509,50,466,3021,341,1138,85
1793_Lung_MF30,0,0,0,0,0,0,0,0,0,0,0,0,0,0,0,0,0,0,0,0,0,0,0,0,0,0,0,0,0,0,0,0,0,0,0,0,0,0,0,0,0,0,0,0,0,0,0,0,0,0,0,64097,41790,531,27745,338,798,793,1019,746,181,0,18,335,3435,425,41089,10308,13,184,211,3035,40120,80656,3478,3015,894,9542,3722,13352,285,69,130,21424,2835,2740,2285,145685,71203,86878,6256,10355,192,204,518,253,2186,4750,5665,436,1859,42,778,10219,19502,4337,2716,11657,17221,127,79,142,91,1934,5339,9803,2105,978,2150,2472,1475,3207,4743,10249,11900,10181,214,267,347,287,625,450,326,3179,30286,38841,44946,55124,19247,34270,2824,2167,17,131,80,327,3100,2544,5153,1347,1333,4453,5108,9522,1019,6267,1127,8031,16897,479,256,8796,1037,575,691,1222,1215,1811,2173,30474,49633,322,70758,92023,11593,10421,10569,2231,1833,662,904,1007,23581,22238,243,1633,274,305,612,689,204768,234449,5457,6680,2958,2766,0,0,0,0,0,0,0,0,0,0,0,0,0,0,0,0,0,0,0,0,0,0,0,0,0,0,0,0,0,0,0,0,0,0,0,233,33967,59963,320616,24388,29233,261246,1328,8323,155417,23384,936,15,3224,35,43,147,70837,4794,1577182,27,396,21,139645,45462350,499196,1595,575,195,49,1030,52644,3816,2629521,20,5939,578823,1281,622,6019,116,435648,53,38058,992,10950,11,830,103,65,3261217,61,8945,6293474,7933,2330231,34,1606,4296,246912,53,2655,38732,788,247,118,395,43,61,14,1204,566609,14188,719,1770,253,22085,1163,12635448,50,11065,4830231,242,29,1003790,1743,89195.8226,71,39,604,413,2983,33231,533,7351,88,132,100,274,75,78,4188,55350,25799,1638,2876195,8127,194,794,75,333,421,51,492,7427,246,831,73,67304,726,2737,154893,11348,65625,5135,75,109,840,15,3761,39520,135,950,10,20632,490,22026,117,1406,26,1051,236,1930,141,10648,2594,159502,164,613,3505,255,1617,130
TQC20,0,0,0,0,0,0,0,0,0,0,0,0,0,0,0,0,0,0,0,0,0,0,0,0,0,0,0,0,0,0,0,0,0,0,0,0,0,0,0,0,0,0,0,0,0,0,0,0,0,0,0,192101,145884,416,29047,2014,1800,32763,18204,2094,1212,1103.158671,58,7789,226458,59652,62892,76335,351,1130,2340,6657,156032,321282,14450,27683,4279,101760,87616,19911,959,1479,73,9936,1454,263,1550,92508,51042,94631,15027,26863,2141,1468,943,1498,1346,2282,5464,403,652,34828,201129,164377,320494,12261,5553,30813,46465,2964,3428,93,213,3708,27126,41085,12331,6045,14414,5219,2244,5569,8502,2770,5117,4918,3654,1807,12701,4426,15993,6422,924,1580,163435,260534,137933,233773,77161,169707,210044,105088,45,78242,469,723,28584,58916,54147,27766,7820,180678,96562,31017,8049,23860,7044,40439,75347,1886,2078,7349,36944,17650,51924,30339,15365,27886,8231,231916,393857,3730,1380460,706955,48414,95417,38897,9220,12809,5856,123349,76257,281224,518104,2135,44494,28677,3639,1581,2262,1586547,2724112,92380,64199,12029,7913,0,0,0,0,0,0,0,0,0,0,0,0,0,0,0,0,0,0,0,0,0,0,0,0,0,0,0,0,0,0,0,0,0,0,0,4055,83476,159525,641523,54333,27613,716600,3556,20704,404444,59700,1788,14,7842,21,59,320,181344,15668,6103267,235,1588,224,147579,47338956,1282448,3169,1486,212,244,1908,148876,13740,10205994,8,28975,409481,781,1120,11758,1447,594659,268,44556,3056,286318,86,19470,67,23,4798967,63,8288,4160045,4206,2852658,16,1513,4779,683724,1117,108988,1197080,16884,63,3137,1940,773,135,179,21,252411,52432,4007,4218,632,16751,15090,19433105,47,14509,10395104,987,11,1854762,390892,128338.9525,433,25453,2614,190,9477,105923,1336,24406,8,480,130,1813,68,1311,8199,150487,134069,8710,7463634,1642,313,5033,391,195,1126,35,3148,44281,884,4508,0,103795,206,5429,299316,20835,370143,27005,122,1685,845,193,13623,146720,89,1688,97,25089,1546,84920,54,6716,282,3461,266,1252,528,27460,5281,338221,213,1236,10357,846,1890,194
Blk+ISTD 06,0,0,0,0,0,0,0,0,0,0,0,0,0,0,0,0,0,0,0,0,0,0,0,0,0,0,0,0,0,0,0,0,0,0,0,0,0,0,0,0,0,0,0,0,0,0,0,0,0,0,0,71581,46697,15,123,52,30,23,98,651,132,0,96,102,428,52,112,46,93,124,234,57,1357,2340,228,160,81,657,59,18765,183,268,99,52,32,0,71,164,280,213166,586,791,348,117,112,91,0,100,337,42,0,462,2481,990,622,74,190,1105,1055,53,192,50,159,290,497,349,283,46,119,156,183,49,112,114,157,97,20,28,66,104,156,33,0,0,2375,3918,2720,3279,334,210,515,777,191,202,244,34,42,527,60,51,245,271,74,50,67,50,289,955,960,42,29,66,473,29,110,256,70,199,192,1954,4826,157,2391,1603,202,342,405,178,60,136,166,299,726,441,83,53,78,33,28,76,4222,4790,158,144,45,26,0,0,0,0,0,0,0,0,0,0,0,0,0,0,0,0,0,0,0,0,0,0,0,0,0,0,0,0,0,0,0,0,0,0,0,72,1359,52530,3209,18353,102,247135,1179,3464,152207,21619,191,14,87,5,34,36,456,13,5185,25,24,95,113,65554,2088,45,218,42,40,72,531,137,30112,19,139,1927,5,18,173,66,1917,7,150,53,70,46,44,10,13,8488,55,42,7483,44,5202,20,75,3,1281,60,543,1275,92,29,35,146,120,87,22,14,477,174,152,18,15,29,12,27156,70,205,15373,25,117,3572,1257,486.7700922,27,139,25,56,43,145,18,217,202,102,61,176,89,40,11,378,159,160,10955,79,61,13,68,31,67,30,28,107,138,55,32,445,171,97,411,25,322,146,112,51,44,21,71,30,13,26,19,23,94,409,121,40,12,58,8,15,33,195,15,863,45,43,6,7,99,67
1744_Brain_MF7,0,0,0,0,0,0,0,0,0,0,0,0,0,0,0,0,0,0,0,0,0,0,0,0,0,0,0,0,0,0,0,0,0,0,0,0,0,0,0,0,0,0,0,0,0,0,0,0,0,0,0,67917,41290,65,2008,108,2934,697,164,467,1144,856.3762741,97,25,2189,324,1209,148905,28,3989,2098,982,15065,25631,408,186,1078,5466,6081,16632,125,280,382,2777,1882,0,623,46782,21024,116224,9131,13439,11170,6249,190,83,54,441,675,51,86,90054,522280,403949,949261,1354,457,4270,6357,15242,8073,23,536,13335,7820,8031,2296,32159,3175,2082,1241,397,415,116,64,47,25,155,43,41,53,106,0,400,15091,21431,9890,17171,194593,343716,554813,346174,369,386880,2787,780,62112,3812,136061,24073,11200,315254,233375,14544,6380,3432,1683,1949,2797,34,123,141,327,91,328565,137693,38679,67672,1027,7794,15712,863,2354331,1091544,78114,185916,5314,145,2279,70,382555,263525,874988,1598414,3863,83439,3752,6663,476,128,3835057,5169825,133541,135952,16214,19255,0,0,0,0,0,0,0,0,0,0,0,0,0,0,0,0,0,0,0,0,0,0,0,0,0,0,0,0,0,0,0,0,0,0,0,1580,35162,59412,314342,21468,12441,277647,1318,8351,148190,21964,705,7,1178,40,25,6,32082,222,77295,70,61,400,14135,5400708,5934370,14307,140,391,150,1809,15855,998,28186676,47,67399,92306,190,210,794,4179,55064,509,4704,6013,1004421,429,75354,513,72,3668190,23,1915,228196,839,555158,25,3390,12,33272,2843,198382,2413239,45263,126,4301,236,1151,196,659,95,67639,19954,1196,503,46,5051,64060,7669393,1102,433,1598065,908,59,379057,1014482,104826.166,546,61890,757,103,4364,44096,387,7129,23,165,190,141,23,347,77,7466,5768,463,859651,26627,153,2719,116,87,33,23,158,2874,171,308,0,15383,73,832,69651,3940,23311,1962,228,153,208,30,72,2242,47,1613,0,3388,266,14183,225,1076,33,73,66,262,31,839,459,10143,15,30,254,114,55,17
1777_Brain_MF8,0,0,0,0,0,0,0,0,0,0,0,0,0,0,0,0,0,0,0,0,0,0,0,0,0,0,0,0,0,0,0,0,0,0,0,0,0,0,0,0,0,0,0,0,0,0,0,0,0,0,0,57359,38790,61,1951,28,2117,640,403,481,1177,460.7876579,20,34,2781,670,887,120825,26,3037,2223,732,10872,23407,588,211,1366,5802,5440,15468,17,184,147,2786,1551,0,283,48060,26398,101465,8662,13904,10329,7604,2,85,40,310,438,6,0,94228,553633,476360,1052111,1264,458,2551,4377,15008,7505,500,483,10539,4923,3688,2386,19153,1832,1563,849,29,35,40,86,158,114,863,170,223,206,19,48,151,8671,11726,6792,8914,135889,276883,726782,278957,126,235566,2217,1525,63429,2515,82582,23987,14744,362207,245839,9706,5066,4945,2197,1007,1302,96,116,33,60,36,198046,111387,26983,68616,1111,4338,7715,119,2090953,1023094,121894,160885,6539,167,2593,205,329105,240317,709301,975685,4171,95385,74032,6363,213,39,3541225,6219508,148755,144478,21077,25883,0,0,0,0,0,0,0,0,0,0,0,0,0,0,0,0,0,0,0,0,0,0,0,0,0,0,0,0,0,0,0,0,0,0,0,1617,30464,53998,340349,19784,17616,258644,1145,8497,137036,21515,871,22,1307,44,67,103,39046,289,87124,36,228,594,15405,5606522,4790997,13668,173,104,432,1632,8266,539,27545798,12,63506,93700,258,130,975,3396,45147,531,4029,4455,515498,365,44583,58,57,4005922,18,1427,306636,860,610341,14,2847,145,34641,2674,158539,1728783,31234,140,3497,592,1038,98,586,185,103863,16056,1624,560,59,8038,54408,10026945,1226,426,1638697,639,85,396202,866096,130476.223,1335,72493,1151,800,4321,49721,454,6113,82,106,163,128,136,393,331,5391,6084,457,1166170,28965,289,4290,60,20,215,131,172,2525,105,397,0,19113,62,878,56071,3960,19578,1647,30,68,27,52,219,1102,44,1579,98,4188,253,14780,103,1168,22,23,4,231,52,1053,291,9513,17,22,595,149,40,52
1776_Brain_MF9,0,0,0,0,0,0,0,0,0,0,0,0,0,0,0,0,0,0,0,0,0,0,0,0,0,0,0,0,0,0,0,0,0,0,0,0,0,0,0,0,0,0,0,0,0,0,0,0,0,0,0,63261,41751,103,2405,11,4417,54,405,160,850,538.6386833,317,85,552,59,778,142087,41,2285,1565,1368,937,1590,1014,470,126,178,4760,18516,34,236,296,2162,1283,0,700,26484,12741,123738,234,776,7561,3831,0,0,91,142,990,34,18,61954,353638,324702,793067,52,31,185,326,9158,4153,287,811,6711,194,81,347,12039,173,1820,1624,45,42,69,35,129,0,390,16,61,55,14,0,44,670,742,178,831,113299,252284,399318,200503,286,255445,2273,408,39582,27,79523,18154,10789,287359,158624,6820,1156,4630,2697,8,136,80,37,63,97,145,141911,59824,30201,60105,1097,7,1088,881,1721605,898058,81687,126660,5351,90,484,18,187429,163371,577209,789538,3258,57085,54279,6406,44,113,2792525,4530253,89389,130030,12582,15644,0,0,0,0,0,0,0,0,0,0,0,0,0,0,0,0,0,0,0,0,0,0,0,0,0,0,0,0,0,0,0,0,0,0,0,1665,37434,56780,268036,20254,11451,259350,1200,7724,138045,20485,432,32,1422,13,29,157,30383,352,99599,13,105,692,16082,5728135,7055864,18789,262,228,361,1726,11469,1128,27921862,11,64352,106419,30,6,1142,4810,54884,167,5010,5418,901269,381,57837,447,97,2795410,49,1748,252825,26,157051,19,1866,174,23413,1896,183596,2439246,35322,141,3958,426,973,10,816,96,71136,21415,1958,418,12,4411,39476,5893619,41,830,1275518,553,62,235689,725068,47288.5787,0,52064,1107,124,3766,50310,162,3552,116,5,64,71,100,150,439,4973,6086,668,623343,14567,33,2316,55,99,283,140,119,1980,45,447,0,9784,257,618,37491,1992,17457,1513,42,211,87,15,41,2074,222,696,21,3704,93,9285,237,694,43,48,4,60,29,694,153,7511,81,49,189,10,84,43
1788_Brain_MF10,0,0,0,0,0,0,0,0,0,0,0,0,0,0,0,0,0,0,0,0,0,0,0,0,0,0,0,0,0,0,0,0,0,0,0,0,0,0,0,0,0,0,0,0,0,0,0,0,0,0,0,65557,37051,99,2422,56,3388,105,220,256,5517,805.4594756,16,322,799,120,1108,178468,68,7443,4679,1192,379,1090,286,451,34,10050,13131,15272,55,25,66,3030,1513,18,434,70323,36329,34206,69,222,20350,14854,0,58,97,189,282,0,0,165564,818415,1000927,1858128,0,2,96,68,20773,10104,226,763,9837,49,61,75,21286,113,2314,1626,42,74,27,190,154,14,546,170,86,203,76,9,76,197,820,50,335,268753,676646,1224158,496227,512,283255,4529,2418,56545,8,133269,56221,39498,510593,254062,19160,10719,4371,1094,7,118,58,43,41,112,11,406692,203783,28996,50031,1183,188,601,681,3556974,1706505,136064,263472,7583,156,3872,55,745246,443533,1380649,1923905,4776,259396,161808,9102,21,108,7671687,14213934,286406,252319,51726,57356,0,0,0,0,0,0,0,0,0,0,0,0,0,0,0,0,0,0,0,0,0,0,0,0,0,0,0,0,0,0,0,0,0,0,0,2238,38785,59005,515115,18144,27855,260068,1476,8401,146954,21926,1869,39,1383,15,59,288,71050,221,111438,150,168,506,23890,8750844,3575987,9777,211,29,440,2783,17304,1466,30618574,38,83028,81662,67,73,1509,4707,60220,39,5939,5614,956222,735,62379,369,82,3977057,29,1444,630629,49,839503,9,7115,202,135855,3238,188027,2560963,45111,144,4879,1014,1208,226,2840,260,383612,29446,1678,508,36,15982,49135,24623071,1148,1449,2875722,447,223,734236,797182,201643.1317,2740,69841,1218,744,5341,69234,707,8473,16,327,6,44,98,309,569,10142,8043,520,2476312,52024,421,4237,207,10,58,61,178,3534,116,1178,0,29033,136,1591,124141,8915,32121,2677,55,644,92,62,248,3215,191,1800,172,7118,181,15956,49,1343,24,32,26,320,86,1951,293,18289,10,13,571,46,175,15
1790_Brain_MF11,0,0,0,0,0,0,0,0,0,0,0,0,0,0,0,0,0,0,0,0,0,0,0,0,0,0,0,0,0,0,0,0,0,0,0,0,0,0,0,0,0,0,0,0,0,0,0,0,0,0,0,56020,38241,50,4578,27,5221,56,201,704,1609,487.3091357,144,98,597,104,1559,162894,34,3222,1670,276,1092,1822,838,798,250,8779,5273,17865,19,125,209,2478,1185,43,101,37846,19860,69982,42,282,13117,5653,0,0,2,764,578,132,0,59696,359583,515959,1224969,0,12,14,30,7560,5006,206,691,11818,104,122,15,19830,128,2268,1797,0,180,23,42,1231,0,254,340,66,16,69,44,407,117,1069,107,137,139801,225424,537186,241163,392,322746,3284,1112,52863,58,114702,15691,11877,397512,258214,9372,4737,4455,1708,14,734,57,42,91,160,115,221608,122503,38964,67023,1041,72,551,393,2015347,975932,136685,188255,6753,62,2329,10,265663,198780,611831,844625,6065,91906,74613,7994,28,5,3639398,5926011,126158,145680,21427,29917,0,0,0,0,0,0,0,0,0,0,0,0,0,0,0,0,0,0,0,0,0,0,0,0,0,0,0,0,0,0,0,0,0,0,0,2208,39599,58169,359450,19525,22180,243080,1180,7499,129877,19114,833,13,1618,5,90,199,45797,357,103552,20,552,554,17232,7383208,4931759,13083,235,43,336,3188,23837,2351,23316952,66,62363,65128,22,238,1575,9193,101117,1061,8591,10098,1391359,892,107155,589,9,2269325,14,1082,234170,0,263274,20,2795,60,21377,1785,346089,3786682,58235,236,7051,1350,1425,24,1754,414,10940,37619,2548,1479,76,3308,51186,5723444,710,254,958151,735,15,232659,610449,58040.50335,655,84716,1544,832,7083,98450,437,7387,60,417,24,96,143,356,773,10590,8368,778,666870,21527,106,3633,98,12,133,53,387,4113,69,481,0,13129,163,1981,85120,5722,31003,2651,52,116,25,72,95,3199,153,1669,167,3658,337,15854,185,1104,51,160,206,219,15,989,346,16442,68,4,847,36,176,47
1793_Brain_MF12,0,0,0,0,0,0,0,0,0,0,0,0,0,0,0,0,0,0,0,0,0,0,0,0,0,0,0,0,0,0,0,0,0,0,0,0,0,0,0,0,0,0,0,0,0,0,0,0,0,0,0,63531,44730,14,2430,28,3646,69,386,467,2367,677.544129,20,108,342,135,894,174465,33,3803,2960,743,504,881,755,201,118,8076,7120,21458,21,169,51,3264,3466,24,177,44275,20146,86124,318,337,12235,8057,0,0,551,420,730,37,73,88120,511483,610821,1565611,0,77,68,0,14702,5487,397,620,9253,44,76,34,21107,66,1602,1424,93,0,243,484,105,0,1388,42,20,62,111,0,52,80,1115,192,255,207714,460605,668742,370998,74,256276,2642,1653,58377,89,104176,35584,15508,395081,207091,17797,6005,5190,3640,75,309,0,370,230,248,5,291521,110252,29419,45049,571,97,629,1045,3263808,1375986,97953,206657,8937,58,3965,0,334978,242213,879538,1599403,3899,140838,120887,8085,20,143,5438102,9407997,196148,196224,38001,42403,0,0,0,0,0,0,0,0,0,0,0,0,0,0,0,0,0,0,0,0,0,0,0,0,0,0,0,0,0,0,0,0,0,0,0,1067,37316,56722,365241,20318,23620,278837,1261,8106,139525,21602,1102,10,1320,19,27,184,44462,310,94347,69,294,375,19565,7128923,4531862,12504,159,122,559,2019,11398,1152,28180617,11,70042,66184,120,186,1473,2467,56831,123,4998,5310,651737,240,54077,455,138,3133636,149,1752,532020,64,493508,17,3746,74,0,2816,168988,2057674,37679,72,4556,533,412,21,692,131,11180,18789,1321,307,118,5559,34202,9153770,42,792,1847525,176,61,349750,823454,89694.44981,0,57073,887,419,3524,45070,276,5111,94,209,50,286,122,74,396,6627,5706,422,1319511,31171,29,1919,53,54,235,22,63,2094,224,744,0,19680,83,674,66036,4228,19427,1625,145,99,16,54,116,1777,91,1159,223,5834,37,10758,9,768,78,21,11,182,47,1028,82,13062,36,44,474,48,44,16
TQC21,0,0,0,0,0,0,0,0,0,0,0,0,0,0,0,0,0,0,0,0,0,0,0,0,0,0,0,0,0,0,0,0,0,0,0,0,0,0,0,0,0,0,0,0,0,0,0,0,0,0,0,192970,144490,347,29882,1962,1797,32884,18429,2190,1553,1102.210022,215,6494,196103,45345,52457,70865,82,948,1695,7143,158260,322634,14000,26842,3660,93044,68562,18013,791,1570,55,10381,1854,193,626,105076,52953,87984,15376,22689,2117,1214,1220,1347,1383,1517,4675,407,174,44507,205411,160669,316370,11480,5725,28643,45722,2932,1601,60,626,4693,26194,35325,14132,6227,14438,4665,3284,5605,7831,4062,4667,3493,1561,1977,10311,3591,13646,6282,827,1911,180832,267570,155540,221482,81633,150995,211448,106056,27,78408,1103,509,28016,62772,55210,20880,11046,189140,104940,33874,12373,22419,9399,44343,71429,2013,1603,6137,41205,14187,48702,26944,12105,20458,7376,206809,394339,4474,1512957,784599,53412,71519,38369,9141,13994,5956,120700,79348,297286,521373,2107,47252,2000,3130,1788,2716,1599008,2611281,76622,66778,13872,7547,0,0,0,0,0,0,0,0,0,0,0,0,0,0,0,0,0,0,0,0,0,0,0,0,0,0,0,0,0,0,0,0,0,0,0,3639,82850,175640,628761,57646,30900,768171,3517,22041,396884,61887,1852,7,7013,14,307,506,177639,17664,5829983,52,1453,182,163519,49317877,1245583,2997,1010,293,38,2118,159328,12790,10293263,54,23736,383068,1092,1158,10345,2139,640205,63,47187,2955,294027,377,20058,139,47,4580098,89,9065,5094191,4946,2932199,64,1139,5219,686534,953,93971,1190207,18905,181,2050,2259,710,12,260,0,162820,54691,4281,4790,283,23090,13443,21763346,840,13481,10495000,1617,71,2142266,487251,173955.2182,255,35915,2264,378,9416,130972,1579,24860,75,247,95,1899,138,1515,7323,149588,152271,7679,7468625,918,144,4244,517,129,879,43,3254,44848,1005,5476,0,95066,103,5561,416784,25468,342796,24492,101,940,673,108,11862,183809,236,1792,126,25463,1450,82244,337,6271,289,3634,32,1363,797,27687,5773,322736,18,1002,11800,1453,1660,61
TQC22,0,0,0,0,0,0,0,0,0,0,0,0,0,0,0,0,0,0,0,0,0,0,0,0,0,0,0,0,0,0,0,0,0,0,0,0,0,0,0,0,0,0,0,0,0,0,0,0,0,0,0,192235,146939,537,30067,2208,1816,34883,17260,2251,152,791.5485993,181,9006,214080,57454,55218,64263,537,988,1998,6044,150781,256148,15086,28778,4085,95453,79042,17763,729,1166,73,13478,1470,171,1110,101834,48438,83910,14948,25112,2252,950,1230,1628,1095,2239,4918,814,331,33804,209731,168760,439569,12538,4606,28006,54056,4199,2189,110,541,4391,25854,28323,12905,5504,15875,7068,2763,5577,8032,3312,4895,2991,1887,1781,9012,4020,14997,5828,825,2389,155095,274660,131510,222906,79514,157455,187614,101584,173,112791,1345,484,26464,60275,50155,22125,10363,149817,96197,24993,14089,25252,7852,38905,65523,1791,1694,5714,40060,12200,48249,25477,12429,19646,6635,209173,349008,4136,1464877,736775,53122,77171,36306,9774,14375,5264,143815,64366,271680,571984,2333,45935,29327,3773,2031,2157,1383830,2594789,87025,59554,11980,8009,0,0,0,0,0,0,0,0,0,0,0,0,0,0,0,0,0,0,0,0,0,0,0,0,0,0,0,0,0,0,0,0,0,0,0,3056,86288,161726,627051,58778,29413,715867,3281,21377,403816,60095,1970,10,7076,11,259,489,180421,17437,6923398,157,1563,148,150950,47922363,1278431,3182,1237,50,312,1851,162403,12411,11130022,14,28523,375412,937,563,8511,1798,583233,134,51395,2774,284900,212,20224,84,125,5084329,46,9088,4648780,4011,2766263,13,1384,3880,635235,1022,105232,1138878,20370,166,2284,1791,816,256,580,136,165160,50178,3733,4143,259,14527,13645,20036648,162,16529,11653623,1921,328,1930636,398723,153625.7095,0,26156,2830,497,9138,126218,2293,22342,77,165,61,1788,130,985,9091,131541,135553,10798,8165807,1789,174,4332,67,15,1145,140,2848,41416,463,5110,0,100285,869,5562,311436,22026,295560,25130,335,1125,1045,23,12169,182882,260,1969,54,27250,1299,76676,146,5156,285,3101,148,1359,235,28464,6130,374505,234,1263,11995,1209,2240,279
