Sample,C1P d18:1/C16:0 Results,Cer d16:1/C22:1(-H20) Results,Cer d16:1/C22:1 Results,Cer d16:1/C25:1(-H20) Results,Cer d16:1/C25:1 Results,Cer d16:1/C26:0(-H20) Results,Cer d16:1/C26:0 Results,Cer d16:1/C26:1(-H20) Results,Cer d16:1/C26:1 Results,Cer d18:0/C22:1(-H20) Results,Cer d18:0/C22:1 Results,Cer d18:0/C23:1(-H20) Results,Cer d18:0/C23:1 Results,Cer d18:0/C25:1(-H20) Results,Cer d18:0/C25:1 Results,Cer d18:0/C26:0(-H20) Results,Cer d18:0/C26:0 Results,Cer d18:0/C26:1(-H20) Results,Cer d18:0/C26:1 Results,Cer d18:1/C14:1(-H20) Results,Cer d18:1/C14:1 Results,Cer d18:2/C18:1(-H20) Results,Cer d18:2/C18:1 Results,Cer d18:2/C20:1(-H20) Results,Cer d18:2/C20:1 Results,DHCer d16:1/C16:0(-H20) Results,DHCer d16:1/C16:0 Results,DHCer d18:1/C14:0(-H20) Results,DHCer d18:1/C14:0 Results,DHCer d18:1/C22:1(-H20) Results,DHCer d18:1/C22:1 Results,DHCer d18:2/C18:1(-H20) Results,DHCer d18:2/C18:1 Results,GM3 d16:1/C14:0 Results,GM3 d16:1/C16:0 Results,GM3 d16:1/C18:0 Results,GM3 d16:1/C24:0 Results,GM3 d16:1/C24:1 Results,GM3 d18:1/C14:0 Results,GM3 d18:1/C20:0 Results,GM3 d18:2/14:0 Results,GM3 d18:2/16:0 Results,GM3 d18:2/24:0 Results,MHCer d16:1/C16:0(-H20) Results,MHCer d16:1/C16:0 Results,MHCer d16:1/C20:0(-H20) Results,MHCer d16:1/C20:0 Results,MHCer d16:1/C22:0(-H20) Results,MHCer d16:1/C22:0 Results,MHCer d16:1/C22:1(-H20) Results,MHCer d16:1/C22:1 Results,MHCer d16:1/C23:0(-H20) Results,MHCer d16:1/C23:0 Results,MHCer d16:1/C23:1(-H20) Results,MHCer d16:1/C23:1 Results,MHCer d16:1/C24:0(-H20) Results,MHCer d16:1/C24:0 Results,MHCer d16:1/C24:1(-H20) Results,MHCer d16:1/C24:1 Results,MHCer d16:1/C26:0(-H20) Results,MHCer d16:1/C26:0 Results,MHCer d18:0/C16:0(-H20) Results,MHCer d18:0/C16:0 Results,MHCer d18:0/C16:1(-H20) Results,MHCer d18:0/C16:1 Results,MHCer d18:0/C22:1(-H20) Results,MHCer d18:0/C22:1 Results,MHCer d18:0/C23:0(-H20) Results,MHCer d18:0/C23:0 Results,MHCer d18:0/C24:0(-H20) Results,MHCer d18:0/C24:0 Results,MHCer d18:0/C24:1(-H20) Results,MHCer d18:0/C24:1 Results,MHCer d18:1/C14:0(-H20) Results,MHCer d18:1/C14:0 Results,MHCer d18:1/C16:1(-H20) Results,MHCer d18:1/C16:1 Results,MHCer d18:1/C18:1(-H20) Results,MHCer d18:1/C18:1 Results,MHCer d18:1/C20:1(-H20) Results,MHCer d18:1/C20:1 Results,MHCer d18:1/C22:1(-H20) Results,MHCer d18:1/C22:1 Results,MHCer d18:1/C23:1(-H20) Results,MHCer d18:1/C23:1 Results,MHCer d18:1/C25:1(-H20) Results,MHCer d18:1/C25:1 Results,MHCer d18:1/C26:0(-H20) Results,MHCer d18:1/C26:0 Results,MHCer d18:1/C26:1(-H20) Results,MHCer d18:1/C26:1 Results,MHCer d18:2/C16:0(-H20) Results,MHCer d18:2/C16:0 Results,MHCer d18:2/C16:1(-H20) Results,MHCer d18:2/C16:1 Results,MHCer d18:2/C22:1(-H20) Results,MHCer d18:2/C22:1 Results,MHCer d18:2/C23:0(-H20) Results,MHCer d18:2/C23:0 Results,MHCer d18:2/C24:0(-H20) Results,MHCer d18:2/C24:0 Results,MHCer d18:2/C24:1(-H20) Results,MHCer d18:2/C24:1 Results,MHCer d18:2/C25:0(-H20) Results,MHCer d18:2/C25:0 Results,SM C30:1 Results,SM C34:0 Results,SM C36:0 Results,SM C38:0 Results,SM C40:0 Results,SM C42:0 Results,SM d18:0/C16:0 Results,SM d18:0/C18:0 Results,SM d18:0/C20:0 Results,SM d18:0/C22:0 Results,SM d18:0/C24:0 Results,SM d18:1/C12:0 Results,Sphd16:1 Results,Sphd18:2 Results,Sphd18:1-D7 (ISTD) Results,Sphd18:1 Results,Sphd18:0-D7 (ISTD) Results,Sphd18:0 Results,SM C24:1 (ISTD) Results,SM d18:1/C6:0 (ISTD) Results,C1P d18:1/C8:0 (ISTD) Results,MHCer d18:1/C8:0 (ISTD)(-H20) Results,MHCer d18:1/C8:0 (ISTD) Results,Cer d18:1/C8:0 (ISTD)(-H20) Results,Cer d18:1/C8:0 (ISTD) Results,SM C32:2 Results,SM d18:2/C14:0 Results,GM3 d18:1/C16:0 Results,GM3 d18:2/18:0 Results,SM C32:1 Results,SM d16:1/C16:0 Results,SM d18:1/C14:0 Results,DHCer d18:2/C16:0(-H20) Results,DHCer d18:2/C16:0 Results,SM C34:2 Results,SM d18:2/C16:0 Results,GM3 d18:1/C18:0 Results,GM3 d16:1/C20:0 Results,GM3 d18:2/20:0 Results,Cer d18:2/C14:0(-H20) Results,Cer d18:2/C14:0 Results,DHCer d18:1/C16:0(-H20) Results,DHCer d18:1/C16:0 Results,SM C34:1 Results,SM d16:1/C18:0 Results,SM d18:1/C16:0 Results,SM C36:2 Results,SM d18:2/C18:0 Results,GM3 d16:1/C22:0 Results,GM3 d18:2/24:1 Results,MHCer d18:1/C16:0(-H20) Results,MHCer d18:1/C16:0 Results,GM3 d18:2/22:0 Results,Cer d18:1/C14:0(-H20) Results,Cer d18:1/C14:0 Results,Cer d16:1/C16:0(-H20) Results,Cer d16:1/C16:0 Results,Cer d18:2/C16:0(-H20) Results,Cer d18:2/C16:0 Results,Cer d18:1/C16:1(-H20) Results,Cer d18:1/C16:1 Results,DHCer d18:1/C18:0(-H20) Results,DHCer d18:1/C18:0 Results,SM C36:1 Results,SM d16:1/C20:0 Results,SM d18:1/C18:0 Results,GM3 d18:1/C24:1 Results,GM3 d18:1/C22:0 Results,SM C38:2 Results,SM d18:2/C20:0 Results,MHCer d18:1/C18:0(-H20) Results,MHCer d18:1/C18:0 Results,Cer d18:0/C16:0(-H20) Results,Cer d18:0/C16:0 Results,Cer d18:1/C16:0(-H20) Results,Cer d18:1/C16:0 Results,Cer d16:1/C18:0(-H20) Results,Cer d16:1/C18:0 Results,MHCer d18:2/C20:0(-H20) Results,MHCer d18:2/C20:0 Results,Cer d18:1/C18:1(-H20) Results,Cer d18:1/C18:1 Results,Cer d18:2/C18:0(-H20) Results,Cer d18:2/C18:0 Results,DHCer d18:1/C20:0(-H20) Results,DHCer d18:1/C20:0 Results,GM3 d18:1/C24:0 Results,SM C38:1 Results,SM d16:1/C22:0 Results,SM d18:1/C20:0 Results,DHCer d18:2/C24:1(-H20) Results,DHCer d18:2/C24:1 Results,DHCer d18:2/C22:0(-H20) Results,DHCer d18:2/C22:0 Results,SM C42:3 Results,SM d18:2/C24:1 Results,SM C40:2 Results,SM d16:1/C24:1 Results,SM d18:1/C22:1 Results,SM d18:2/C22:0 Results,MHCer d18:1/C20:0(-H20) Results,MHCer d18:1/C20:0 Results,Cer d18:0/C18:0(-H20) Results,Cer d18:0/C18:0 Results,Cer d18:1/C18:0(-H20) Results,Cer d18:1/C18:0 Results,SM C39:1 Results,SM d16:1/C23:0 Results,MHCer d18:2/C22:0(-H20) Results,MHCer d18:2/C22:0 Results,Cer d16:1/C20:0(-H20) Results,Cer d16:1/C20:0 Results,DHCer d18:1/C24:1(-H20) Results,DHCer d18:1/C24:1 Results,Cer d18:2/C20:0(-H20) Results,Cer d18:2/C20:0 Results,DHCer d18:1/C22:0(-H20) Results,DHCer d18:1/C22:0 Results,SM C41:2 Results,SM d18:1/C23:1 Results,SM d18:2/C23:0 Results,Cer d18:1/C20:1(-H20) Results,Cer d18:1/C20:1 Results,Cer d18:2/C22:1(-H20) Results,Cer d18:2/C22:1 Results,DHCer d18:2/C24:0(-H20) Results,DHCer d18:2/C24:0 Results,SM C42:2 Results,SM d18:1/C24:1 Results,SM d18:2/C24:0 Results,SM C40:1 Results,SM d16:1/C24:0 Results,SM d18:1/C22:0 Results,DHCer d18:1/C23:0(-H20) Results,DHCer d18:1/C23:0 Results,MHCer d18:1/C24:1(-H20) Results,MHCer d18:1/C24:1 Results,MHCer d18:0/C22:0(-H20) Results,MHCer d18:0/C22:0 Results,MHCer d18:1/C22:0(-H20) Results,MHCer d18:1/C22:0 Results,Cer d18:2/C23:1(-H20) Results,Cer d18:2/C23:1 Results,Cer d18:0/C20:0(-H20) Results,Cer d18:0/C20:0 Results,Cer d18:1/C20:0(-H20) Results,Cer d18:1/C20:0 Results,Cer d18:1/C22:1(-H20) Results,Cer d18:1/C22:1 Results,Cer d16:1/C24:1(-H20) Results,Cer d16:1/C24:1 Results,DHCer d18:1/C24:0(-H20) Results,DHCer d18:1/C24:0 Results,Cer d16:1/C22:0(-H20) Results,Cer d16:1/C22:0 Results,SM C41:1 Results,SM d18:1/C23:0 Results,Cer d18:2/C24:1(-H20) Results,Cer d18:2/C24:1 Results,Cer d18:2/C22:0(-H20) Results,Cer d18:2/C22:0 Results,SM C43:2 Results,SM d18:1/C25:1 Results,SM d18:2/C25:0 Results,MHCer d18:1/C23:0(-H20) Results,MHCer d18:1/C23:0 Results,Cer d18:1/C23:1(-H20) Results,Cer d18:1/C23:1 Results,Cer d16:1/C23:0(-H20) Results,Cer d16:1/C23:0 Results,SM C42:1 Results,SM d18:1/C24:0 Results,Cer d18:2/C25:1(-H20) Results,Cer d18:2/C25:1 Results,Cer d18:2/C23:0(-H20) Results,Cer d18:2/C23:0 Results,MHCer d18:1/C24:0(-H20) Results,MHCer d18:1/C24:0 Results,Cer d18:1/C22:0(-H20) Results,Cer d18:1/C22:0 Results,Cer d18:0/C22:0(-H20) Results,Cer d18:0/C22:0 Results,Cer d18:0/C24:1(-H20) Results,Cer d18:0/C24:1 Results,Cer d18:1/C24:1(-H20) Results,Cer d18:1/C24:1 Results,Cer d16:1/C24:0(-H20) Results,Cer d16:1/C24:0 Results,SM C43:1 Results,SM d18:1/C25:0 Results,Cer d18:2/C26:1(-H20) Results,Cer d18:2/C26:1 Results,Cer d18:2/C24:0(-H20) Results,Cer d18:2/C24:0 Results,MHCer d18:1/C25:0(-H20) Results,MHCer d18:1/C25:0 Results,Cer d18:1/C25:1(-H20) Results,Cer d18:1/C25:1 Results,Cer d18:0/C23:0(-H20) Results,Cer d18:0/C23:0 Results,Cer d18:1/C23:0(-H20) Results,Cer d18:1/C23:0 Results,Cer d18:2/C25:0(-H20) Results,Cer d18:2/C25:0 Results,SM C44:1 Results,SM d18:1/C26:0 Results,Cer d18:1/C26:1(-H20) Results,Cer d18:1/C26:1 Results,Cer d18:0/C24:0(-H20) Results,Cer d18:0/C24:0 Results,Cer d18:1/C24:0(-H20) Results,Cer d18:1/C24:0 Results,Cer d18:2/C26:0(-H20) Results,Cer d18:2/C26:0 Results,Cer d18:0/C25:0(-H20) Results,Cer d18:0/C25:0 Results,Cer d18:1/C25:0(-H20) Results,Cer d18:1/C25:0 Results,Cer d18:1/C26:0(-H20) Results,Cer d18:1/C26:0 Results
blk1,0,0,0,0,0,0,0,0,0,0,0,0,0,0,0,0,0,0,0,0,0,0,0,0,0,0,0,0,0,0,0,0,0,0,0,0,0,0,0,0,0,0,0,0,0,0,0,0,0,0,0,0,0,0,0,0,0,0,0,0,0,0,0,0,0,0,0,0,0,0,0,0,0,0,0,0,0,0,0,0,0,0,0,0,0,0,0,0,0,0,0,0,0,0,0,0,0,0,0,0,0,0,0,0,0,0,0,0,0,0,0,0,0,0,0,0,0,302,88.76529765,857,9011,463.3098927,481,634.6317418,201.6669518,200.2621871,0,426.4325403,194.3672991,1543.104923,1716.604349,0,66,0,20966.26776,34.56861273,0,0,0,8434.961142,0,0,0,0,0,0,0,1554.037073,470498.4739,0,1073.909907,5001.742456,0,0,0,0,210.3760304,0,0,782.658757,116.2157623,1110.919473,100.1778848,1054.174561,0,1226.903985,0,330,6364.745528,14502.54248,0,0,0,1579,0,0,22,244.1375614,678.0340339,4277.829205,44783.78139,0,513.6884501,0,0,0,0,0,83,0,0,0,53266.34839,1325.15494,0,1.881239988,1,0,0,3777.623649,0,13025,0,0,2.022776651,0,0,0,2,0,5807.186615,2510.636562,0,0,0,0,0,0,0,0,0,0,232.3852056,4189.807201,0,0,0,0,0,0,0,0,50794.16489,0,0,149105,467.448607,308.5239003,0,0,0.326336839,344.195086,0,0,0,267.7644877,0.18077594,0,0,155.5045718,65.51724934,330.8195554,0,188.401672,0,44.83005585,0,243.7738755,0,301.900035,27060.04747,0,1.578147619,52,0,512.6883228,360.8233131,0,5.125980332,1.889830608,92.78049071,0,100.4994853,91.79917442,188.4191518,41669.35932,0,0,1.251369385,0,27,0,0,855.3242928,11977.82247,0,179.862983,0,57,0,2661.031687,0,1437.852365,981,308.9594815,0,1.136479319,0,555.9959187,0,44,0,0,5.730576381,22,45.38119827,1377.975502,0,0,1127.170025,0,0,7.019871841,0,21,439.8355804,2958.14667,0,0,0,0,0,179.4150055,0,652.2766555
blk2,0,0,0,0,0,0,0,0,0,0,0,0,0,0,0,0,0,0,0,0,0,0,0,0,0,0,0,0,0,0,0,0,0,0,0,0,0,0,0,0,0,0,0,0,0,0,0,0,0,0,0,0,0,0,0,0,0,0,0,0,0,0,0,0,0,0,0,0,0,0,0,0,0,0,0,0,0,0,0,0,0,0,0,0,0,0,0,0,0,0,0,0,0,0,0,0,0,0,0,0,0,0,0,0,0,0,0,0,0,0,0,0,0,0,0,0,0,73,405.8631261,578,6677,315.071235,287,1139.065785,0,57.55682827,0,221.1741075,0,621.6724571,1044.505681,0,128,0,13122.87867,0,0,0,0,7843.479501,0,0,0,0,0,0,0,1465.104459,413433.2588,0,1325.142203,3240.173614,0,0,0,0,234.3368132,3.489209202,0,1407.439584,125.2217894,700.1243708,0,1132.706096,0,1314.805515,0,103,28927.46774,13879.13823,0,0,30,539,0,0,51,0,1046.280639,3317.024244,48213.88168,0,477.3241641,0,0,0,0,283.1609286,204,0,0.703974502,0,34982.3788,832.8024436,0,0,2,0,0,4927.436294,1.735100744,12067,0,0,0,0,0,0,170,401.7453594,5547.324873,2046.557995,345.7614031,3.151852085,0,0,0,0,0,0,0,0,0,1070.799911,0,0,0,0,0,0,0,0,41102.54989,0,0,133550,444.0436293,290.3024985,0,0,0,0,0,0,0,0,0,0,0,0,174.9884643,74.8763506,0,41.84791622,0,0,0,79.13474058,0,623.3109635,24884.65181,0,0,103,0,207.1601396,585.1593202,0,0,0,0,0,222.6756773,0,251.2068023,50173.77042,225.3287003,0.550302815,0,0,28,0,0,941.8370306,9204.43579,0,400.2847351,0,11,0,2554.668473,93.51527939,1173.497476,2826,0,0,1.3995325,0,197.8048546,0,56,0,0,0,17,0,1329.692771,0,0,578.0298899,0,1.85498254,0,0,152,320.8915987,3095.22243,0,0,0,0,0,249.7141498,0,397.0559787
blk3,0,0,0,0,0,0,0,0,0,0,0,0,0,0,0,0,0,0,0,0,0,0,0,0,0,0,0,0,0,0,0,0,0,0,0,0,0,0,0,0,0,0,0,0,0,0,0,0,0,0,0,0,0,0,0,0,0,0,0,0,0,0,0,0,0,0,0,0,0,0,0,0,0,0,0,0,0,0,0,0,0,0,0,0,0,0,0,0,0,0,0,0,0,0,0,0,0,0,0,0,0,0,0,0,0,0,0,0,0,0,0,0,0,0,0,0,0,130,555.8735877,1053,920,526.10739,881,1136.038925,0,0,53.89499047,200.0359373,163.511249,866.0636797,1484.616459,0,15,0,15022.05857,0,0,0,0,9989.31369,12.98810215,0,0,0,0,0,0,834.5288871,465117.3759,0,1277.267763,2742.70004,0,0,0,106.3013152,306.0052283,8.389919056,0,367.1712554,0,1136.407513,0,1130.384046,0,1431.648488,1.014489737,247,43353.52685,15156.95322,137.1796723,0,3,2612,0,0,0,0,639.6366208,4118.177968,51644.83518,0,499.5305628,0,399.8918914,0,0,566.0331231,207,0,0,0,38757.61545,1292.392029,0,0,1,0,0,6321.485059,0,11436,0,0,0,0,2.379482361,0,11,814.2308079,3981.560677,4485.859412,326.4365514,2.711375355,0,0,216.687249,7.671976612,0,0,0,0,0,2932.873248,0,0,0,0,0,0,0,0,55516.63345,0,0,33777,296.6499537,299.0080531,0,0,1.73944458,137.0778848,0,0.566254652,0,0,1.192502155,3.292813198,0,0,0,288.4416195,0,301.065689,0,155.3965321,0,0,194.5717259,310.162698,23454.51609,0,0,33,0,254.8406631,164.8576634,0,6.311915841,0,0,0,143.4261467,0,257.621989,55312.76157,121.3896213,0,0,0,103,0,0,594.6471619,10015.01555,0,252.9135972,0,0,583.1847923,2735.115014,0,1306.535999,4621,0,0,0,91.42808789,443.9976068,0,0,0,30.95471543,4.204484937,15,0,1175.225334,0,0,1411.909993,0,0,0.529490419,0,11,395.7773678,4013.992058,0,0,0,0,0,0,0,459.773979
SL std mix1,0,0,0,0,0,0,0,0,0,0,0,0,0,0,0,0,0,0,0,0,0,0,0,0,0,0,0,0,0,0,0,0,0,0,0,0,0,0,0,0,0,0,0,0,0,0,0,0,0,0,0,0,0,0,0,0,0,0,0,0,0,0,0,0,0,0,0,0,0,0,0,0,0,0,0,0,0,0,0,0,0,0,0,0,0,0,0,0,0,0,0,0,0,0,0,0,0,0,0,0,0,0,0,0,0,0,0,0,0,0,0,0,0,0,0,0,0,31,0,158305,564,49796.17062,217,793375.5745,3764.144876,7649.349579,3081.732828,116585.8035,60239.09781,447775.3922,1688.970911,0,67,23.9028025,14378.02626,0,0,0,0,10328.91122,156.359541,0,0,0,0,0,0,1578.268191,469078.9938,0.139260506,1978.993563,6493.799549,0,0,0,60.87904242,133.5427551,0,0,761.7254368,0,1131.387565,0,1104.463794,0,100.1031713,0,254,135094.7229,686.03799,350.6338053,0,104,239,0,0,43,197.5868409,819.3085625,4308.955957,56321.69934,0,1154.346122,1.388950847,0,0,0,388.8671655,176,0,0,0,70203.01217,0,167.1481935,0,2,0,0,6463.283183,0,21194,0,0,0,0,5.043590552,142.6724688,172,842.6606817,8762.059829,24061.58273,0.788669259,0,0,0,618.0501622,0,0,0,0,0,37.59983145,6696.179776,0,0,52.00761622,0,0,65.03163078,0,0,37631.54813,0,0,55705,0,581.4164058,0,0,2.415744142,392.3640594,44.12842568,0,0.679073298,162.3442306,0,1.778777543,0,0,0,3831.690223,0.131556768,171.1217934,0,283.1922733,0,197.2920324,133.6275001,1322.31799,49451.12402,213.5565573,0,15,0,590.5186757,2709.807588,0,0,3.327208671,0,0,104.9411137,0,76.5644755,122243.0487,405.8134933,1.256477796,1.065767255,1.231561737,196,24.22708916,517.7706401,1364.861984,19149.30579,0,292.6867639,0.957436584,15,252.8517011,1912.882885,0,1130.750312,3543,298.4771349,0.371113692,0,0,805.1406387,0,39,0,0,0,127,232.5703389,2424.531825,0,95.71640217,1884.967952,0,0,0,103.5701914,110,524.9255522,7394.902219,4.508630017,0,0,0,0,437.5751092,41.7426777,611.6750319
SL std mix2,0,0,0,0,0,0,0,0,0,0,0,0,0,0,0,0,0,0,0,0,0,0,0,0,0,0,0,0,0,0,0,0,0,0,0,0,0,0,0,0,0,0,0,0,0,0,0,0,0,0,0,0,0,0,0,0,0,0,0,0,0,0,0,0,0,0,0,0,0,0,0,0,0,0,0,0,0,0,0,0,0,0,0,0,0,0,0,0,0,0,0,0,0,0,0,0,0,0,0,0,0,0,0,0,0,0,0,0,0,0,0,0,0,0,0,0,0,133,518.1069231,155457,220,48469.58234,86,780045.0005,3813.524031,7990.491018,2717.389806,106137.5029,49950.69747,498779.9361,1626.284768,0,189,0,17715.28651,0,0,0,0,11088.41559,0,96.60897398,0,0,44.18473527,0,0,767.3081131,513320.9994,0,1450.275056,6126.460777,0,0,0,84.15464976,119.5915784,1.907390323,110.0021804,880.194446,157.2941979,1053.086889,0,967.544044,0,104.2791495,47.97472229,75,105982.0764,2578.563547,0,0.304603376,19,1224,0,0,116,0,812.5312678,3369.357493,52935.84686,0,262.3713568,0,457.9586351,0,0,0,532,4.169848785,1.901438398,0,55358.17767,0,0,0,2,0,0,7927.373585,0,18524,0,0,60.66652846,0,16.65211852,0,15,986.3589739,8511.129206,9370.837243,0,0,0,0,0,0,0,0,0,0,35.83222761,4011.14978,0,0,0,0,0,0,0,0,66326.59542,0,0,176010,0,393.9724721,0,0,0,261.8644577,0,0.799345694,0,0,0,0,0,0,242.5957869,259.6930606,0,0,0,374.5779144,0,358.5801541,133.0367838,736.6265388,47801.09685,0,0,287,0,910.3437171,595.0350552,0,0,0,0,0,178.2971663,0,355.9858502,148114.9628,0,0,14.21320009,0,49,0,245.0318409,939.9783958,14436.59001,0,41.55989465,0,89,0,3991.68039,93.80652922,762.8219156,5651,0,0,0,117.6139658,0,0,14,0,0,112.1377229,34,52.87145899,1252.970512,0,122.8189846,557.2180278,0,0,59.40583484,0,260,680.2221798,13673.09997,0,0,0,0,34.97713027,301.0872166,0,373.6641483
blk6,0,0,0,0,0,0,0,0,0,0,0,0,0,0,0,0,0,0,0,0,0,0,0,0,0,0,0,0,0,0,0,0,0,0,0,0,0,0,0,0,0,0,0,0,0,0,0,0,0,0,0,0,0,0,0,0,0,0,0,0,0,0,0,0,0,0,0,0,0,0,0,0,0,0,0,0,0,0,0,0,0,0,0,0,0,0,0,0,0,0,0,0,0,0,0,0,0,0,0,0,0,0,0,0,0,0,0,0,0,0,0,0,0,0,0,0,0,218,244.4922488,628,523,767.8844531,518,1717.472277,0,261.2384355,0,235.8571344,174.8245086,1152.325108,1481.139834,0,104,0,19177.71994,0,0,0,0,9115.722977,0,0,0,0,0,0,0,1128.550661,446933.6457,0,1090.914237,2946.374033,0,3.26252555,0,0,438.5968425,25.57064882,0,1216.174146,0,1249.589139,171.370898,750.1686359,0,1255.374876,0,127,76458.46741,10097.94255,0,0,2,1984,0,98.15513812,39,0,1098.329673,3554.070292,42485.57718,0,723.6070566,0,480.0631864,0,0,133.8772461,244,0,40.11721542,0,27064.84871,1498.302107,0,0,2,0,0,5487.987369,0,14394,0,0,1.21425298,0,0,0,25,336.4761868,5810.724457,3562.026078,448.6824374,0,3.11436574,0,0,0,0,0,0,0,0,2708.823122,0,0,0,0,0,2.091445066,0,0,64375.79976,120.3391401,0,189269,185.0987477,600.3975019,0,0,1.500759857,0,0,0,0,0,0.189280648,0,0,0,0,728.1935567,0,0,0,254.8655139,0,0,98.69644308,697.7999578,26044.50756,0,2.411481009,81,0,0,1817.978007,0,4.103325947,0,0,0,58.46372286,0,176.3745073,58996.32871,0,0,6.813596618,0,0,0,145.9381559,563.8130868,12006.5936,134.5770221,0,0,56,222.6173138,3198.564416,0,955.5869204,3687,320.9353131,0,0,0,327.579906,0,24,17.01875344,0,0,23,0,1974.118039,0,0,711.527684,0,0,0,0,23,350.0928972,5133.689727,0,0,0,0,0,191.7287918,34.38204208,329.7274922
M45-samblk1,0,0,0,0,0,0,0,0,0,0,0,0,0,0,0,0,0,0,0,0,0,0,0,0,0,0,0,0,0,0,0,0,0,0,0,0,0,0,0,0,0,0,0,0,0,0,0,0,0,0,0,0,0,0,0,0,0,0,0,0,0,0,0,0,0,0,0,0,0,0,0,0,0,0,0,0,0,0,0,0,0,0,0,0,0,0,0,0,0,0,0,0,0,0,0,0,0,0,0,0,0,0,0,0,0,0,0,0,0,0,0,0,0,0,0,0,0,48,773.1069304,163368,1412,52936.56657,61,820801.5221,3609.897332,6598.642882,3002.576908,116770.7867,50275.13418,547143.461,31489.12377,0,44,0,13415.71125,0,0,0,0,17656.81399,0,0,0,0,0,0,0,1611.537695,414740.5555,0,1302.872892,7200.63706,0,0,0,255.3185803,0,0,0,712.8556195,0,1200.220656,0,937.5797175,0,44.40541618,0,257,131900.9499,0,0,0,34,2953,0.454143713,0,50,0,897.7480202,1644.947194,64183.01252,64.28964826,1074.975946,0,392.7694524,0,0,568.7903317,265,0,75.76970213,0,52304.39616,0,0,2.30468046,1,0,0,4224.400177,0,17372,0,0,0,0,41.29172255,0,44,863.4077591,15792.43528,27174.53352,0,0,0,0,0,0,0,0,196.786682,0,0,13165.62543,0,2.790263251,0,0,0,0,0,0,51741.4466,40.59598797,0,164432,0,295.8974881,0,118.2749303,0,0,17.45170466,0,0.743109292,0,0,0,0,0,165.9821026,2993.004687,0,431.0588254,0,628.8876003,44.60513354,446.98876,0,702.2444041,66038.62525,0,0,40,180.7703395,485.1247047,3822.928279,0,0,0,0,0,401.7325126,0,503.3437819,153898.4811,0,0,0,0,170,0,129.3908945,550.5987644,20718.61872,77.74253687,243.5593754,0,50,111.1139886,3725.057331,0,1118.378366,2465,0,0,0,0,471.9125142,0,0,4.962792976,195.3860248,12.34467616,47,63.06113713,4722.815339,18.39915061,78.5299591,1771.605972,0,0,134.2295427,0,124,727.030005,11592.04076,7.912564083,0,0,0,0,289.3404294,0,362.7313754
M46-samblk2,0,0,0,0,0,0,0,0,0,0,0,0,0,0,0,0,0,0,0,0,0,0,0,0,0,0,0,0,0,0,0,0,0,0,0,0,0,0,0,0,0,0,0,0,0,0,0,0,0,0,0,0,0,0,0,0,0,0,0,0,0,0,0,0,0,0,0,0,0,0,0,0,0,0,0,0,0,0,0,0,0,0,0,0,0,0,0,0,0,0,0,0,0,0,0,0,0,0,0,0,0,0,0,0,0,0,0,0,0,0,0,0,0,0,0,0,0,119,71.93152487,170957,1543,54475.96253,40,852580.5027,4037.495369,5844.404362,3108.004801,114689.942,57971.91624,536120.6633,22079.27016,0,122,0,18856.32207,0,0,0,0,14910.20477,0,0,0,0,0,0,0,1524.538997,520339.7538,0,1284.464364,6658.757019,0,0,0,130.022077,318.9980913,0,0,203.9052291,0,1924.774101,0,1394.588836,0,213.8839608,0,191,132071.671,0,404.3223617,0,56,2890,0,0,196,0,633.5694746,4517.628713,42423.82463,0,847.6470483,0,258.90777,0,0,208.0114781,404,0,0,0,46135.23675,0,0,0,1,0,0,5913.45521,0,17450,0,0,0,0,0,34.99334747,47,546.1049414,5200.300739,25278.35464,0,0,0.461912094,0,579.6738079,0,0,0,0,0,0,9000.452921,1.548584389,0,0,7.861503269,0,0,0,0,51971.92425,0,0,108853,0,356.4807253,0,0,0,196.2115664,0,1.48526155,0.652791983,547.5910758,0,0,0,0,437.1585858,2385.383812,0,356.548376,0,297.9858658,0,349.5392101,0,1105.513527,40366.57752,0,0,252,0,632.6958507,1526.681453,0,0,22.09699063,2.499228192,105.3470762,189.2788679,0,331.5154828,139732.8878,403.2729217,0,0,47.56060502,212,0,310.188427,1220.376961,20467.50701,0,354.7076122,0,160,186.6649121,3242.753066,0,1468.100326,3280,247.9402778,0,0,0,431.6986489,0,7,0,0,0,4,304.4030116,4058.684313,0,0,2445.522139,0,0,0,0,43,943.7252458,12490.83367,15.8794517,0,0,0,18.38691682,386.2418037,0,459.9896464
blk7,0,0,0,0,0,0,0,0,0,0,0,0,0,0,0,0,0,0,0,0,0,0,0,0,0,0,0,0,0,0,0,0,0,0,0,0,0,0,0,0,0,0,0,0,0,0,0,0,0,0,0,0,0,0,0,0,0,0,0,0,0,0,0,0,0,0,0,0,0,0,0,0,0,0,0,0,0,0,0,0,0,0,0,0,0,0,0,0,0,0,0,0,0,0,0,0,0,0,0,0,0,0,0,0,0,0,0,0,0,0,0,0,0,0,0,0,0,174,336.8865636,414,1831,0,471,1461.085223,0,1081.819781,17.62303197,276.9265319,0,813.799116,1344.92823,0,104,0,15923.705,0,0,0,0,7833.939885,0,0,0,0,0,0,0,1117.878923,411279.3759,1.45645999,1584.291701,3835.143189,0,0,0,210.6847354,0,2.505842791,326.6875282,838.4833079,0,990.8855756,0,1021.956336,0,1283.237667,1.842575392,239,52738.917,10736.98812,124.6379181,0,2,4320,0,0,0,0,1228.724313,4028.085505,56800.97445,0,192.474366,0,549.860285,0.802453146,0,0,149,0,0,1.060187128,31793.93817,1529.56752,0,0,0,0,0,6415.299552,0,16184,0,0,0,0,2.222882238,0,72,501.4999132,4003.594059,2907.579318,320.8052109,0,0,0,0,0,0,0,0,0,0,3665.742887,0,2.262050291,0,0,0,0,0,0,53397.12517,0,0,183717,0,245.0537676,0,0,0,0,0,0,0,0,0,0,0,0,319.0227914,93.04684372,0,0,0,106.1267295,0,112.9389415,0,188.8451025,18092.81193,31.02589811,109.9136986,19,0,312.2001173,456.2836879,0,0.266469079,0,0,0,206.8419134,0,203.932483,48473.95546,123.1266088,0.798767513,1.126194834,0,1,0,147.6245753,1252.786591,15250.6086,0,116.1146946,0,54,345.0962502,2907.676875,0,230.9974993,2001,0,0,0,0,420.2099428,0,10,0,0,77.9783808,5,210.9265536,601.9059927,0,0,617.3518172,28.16129859,0,0,0,71,320.1936839,2245.277258,37.3614078,0,0,0,0,0,40.77028465,316.5287163
M35-46 QC Heart1,0,0,0,0,0,0,0,0,0,0,0,0,0,0,0,0,0,0,0,0,0,0,0,0,0,0,0,0,0,0,0,0,0,0,0,0,0,0,0,0,0,0,0,0,0,0,0,0,0,0,0,0,0,0,0,0,0,0,0,0,0,0,0,0,0,0,0,0,0,0,0,0,0,0,0,0,0,0,0,0,0,0,0,0,0,0,0,0,0,0,0,0,0,0,0,0,0,0,0,0,0,0,0,0,0,0,0,0,0,0,0,0,0,0,0,0,0,1808,39376.06059,193063,152001,58118.76809,3669,955352.811,5172.464999,16780.61905,4816.877409,157504.0144,66850.38152,607198.3856,15914.86196,0,1484,649.1911397,63811.90541,0,95.13888752,0,413.7946104,307437.5905,803.0485275,9089.080484,312.7387264,4931.92926,0,463.5624795,0,4778.751475,17248786.28,0,36236.89329,366494.7252,841.1061652,285.9781304,106.2490401,85.25744961,4495.905107,3124.41994,139.9045599,1374.460153,175.146499,2494.039945,1510.626315,26469.31404,0,1326.82247,0,5851,3341495.639,0,8469.951172,1672.819428,14473,750879,1057.610347,0,1273,486.8743509,5921.595042,22340.95162,268361.8838,537.9421959,2268.853939,0,1454.413238,111.5774645,2819.437069,5231.809764,83005,216.179312,25634.96637,4292.681647,6230131.635,0,11906.82067,0,31,0,4597.456753,1149117.896,1614.370798,1486979,0,240.7590843,2391.051638,0,6394.898567,287.8539143,6203,21336.83947,319601.7529,1129509.86,0,0,757.9488472,1025.55786,10991.21659,0,4091.33828,16110.06063,216544.0573,0,14688.32783,406756.646,141.456667,312.6255646,0,2011.896582,211.1086736,4220.262716,0,557.6541494,3033389.624,6859.069688,284.0282744,3384498,0,8753.686455,0,2652.959076,0,5346.999564,0,142.1599315,328.3973775,11850.2417,152.5294423,3394.390837,1667.929259,8058.111255,32981.51031,420121.6524,988.9072309,14336.98685,0,661.8367939,186.563691,6797.402937,412.2717054,6516.967669,1301802.772,3463.361061,3363.3091,41395,13422.69271,216370.9,44830.54121,0,0,84.61894674,3184.479906,437.6308886,6742.29684,266.8855183,1917.220303,1670984.327,3989.612814,0,2415.215011,7464.153574,113134,363.9256552,10541.92229,41481.72812,499715.8331,2335.368261,9115.321178,0,3584,12031.00296,158205.2255,222.4114183,1519.010809,67089,308.9520687,0,382.1286439,3206.495867,56346.93904,0,395,0,2783.437684,684.11737,2481,10074.52331,145411.9608,0,2276.800596,36506.83674,14.42998658,117.0570293,951.04699,1040.638483,4314,19144.84159,316194.8387,0,746.3019701,0,0,784.0013074,10563.2746,138.3189063,2080.009871
M35-46 QC Heart2,0,0,0,0,0,0,0,0,0,0,0,0,0,0,0,0,0,0,0,0,0,0,0,0,0,0,0,0,0,0,0,0,0,0,0,0,0,0,0,0,0,0,0,0,0,0,0,0,0,0,0,0,0,0,0,0,0,0,0,0,0,0,0,0,0,0,0,0,0,0,0,0,0,0,0,0,0,0,0,0,0,0,0,0,0,0,0,0,0,0,0,0,0,0,0,0,0,0,0,0,0,0,0,0,0,0,0,0,0,0,0,0,0,0,0,0,0,2742,84022.02205,438968,347869,126663.8888,7786,2827506.296,13741.22577,26852.56679,13679.71467,545328.3238,178280.3222,1570164.318,27840.28244,0,4318,1486.465844,114418.7608,286.4168978,124.4710718,0,741.1483408,809877.923,1987.071779,25638.38907,390.6395091,11196.57786,0,624.6198967,0,7680.55182,25514172.92,0,67362.98403,432794.0829,1061.395524,272.5445258,159.7673937,423.4111615,6765.578973,3243.718349,0,2493.196422,158.6800376,2147.704849,2040.883079,35953.0991,0,1044.362554,0,9197,4639752.339,1162.667665,11200.84574,2132.882112,14085,1091046,2089.492179,0,1966,301.486818,5398.045501,25754.62739,288075.4806,248.6281808,2702.245796,0,864.5074381,0,3412.262773,12432.37947,128085,379.1416861,35457.55044,6418.847143,10127022.23,420.1849303,21999.72998,0,487,0,6226.310076,1827293.793,1267.928784,2878835,126.2965044,55.42380912,6948.792644,408.0256798,14216.54343,279.9532327,11023,41867.72368,682317.0274,2247837.612,112.8744439,0,599.0017661,2671.897985,12485.38162,0,4180.434534,21320.90476,233457.8475,0,20721.66497,458837.6064,282.2520379,1523.206119,0,5378.100359,242.068128,4374.874937,0,550.8954279,6291559.323,11806.61274,85.2943298,8831023,0,22534.23428,0,9484.219004,0,11742.67058,0,544.9360091,1090.119706,27260.83117,345.6346491,4535.46133,757.2584563,10446.79674,53717.88638,659861.6399,588.5187357,16131.42103,0,748.6299612,125.7649596,7032.260057,418.0599794,8947.069002,1975755.724,4501.458264,7288.620882,93085,33537.91873,478631.1893,93992.93367,0,0,428.7521629,10414.20568,617.7069317,16904.34623,119.8580679,3077.825375,2903543.087,6082.045159,173.1709752,4571.532329,12585.19085,170395,737.0793568,14806.43931,72349.39112,1222415.096,3510.819271,20632.31222,1174.27854,6324,23941.72643,420795.8148,188.9038625,3598.987873,152681,144.0939961,0,524.1555899,7154.20859,111557.6933,0,1039,399.9444965,4827.575211,1449.964308,3293,16009.71147,217647.9943,296.4313205,4470.887747,64822.90682,280.8683651,191.6014893,2197.005413,1096.574292,8457,43226.25778,574737.6594,195.7973747,1808.557266,7.978057487,310.038969,2350.467518,28067.47707,373.9753963,3478.889876
M35-46 QC Heart3,0,0,0,0,0,0,0,0,0,0,0,0,0,0,0,0,0,0,0,0,0,0,0,0,0,0,0,0,0,0,0,0,0,0,0,0,0,0,0,0,0,0,0,0,0,0,0,0,0,0,0,0,0,0,0,0,0,0,0,0,0,0,0,0,0,0,0,0,0,0,0,0,0,0,0,0,0,0,0,0,0,0,0,0,0,0,0,0,0,0,0,0,0,0,0,0,0,0,0,0,0,0,0,0,0,0,0,0,0,0,0,0,0,0,0,0,0,3048,102251.1965,584301,426861,135281.8658,10147,3558365.238,18539.59669,60571.96517,17713.7617,682261.2496,237923.4531,1694890.346,31692.0179,0,3876,961.8492769,156782.3094,271.0606417,171.6585218,0,1082.327881,951646.9852,2540.281556,34118.9336,410.8556071,11768.0553,0,1209.979162,0,8379.745281,26737050.04,0,68613.29907,429094.8433,1105.413666,122.8362647,193.4074171,63.00714293,7416.975517,2865.073627,123.450598,2893.32018,0,1787.180387,2426.628446,42689.25843,0,1222.115365,0,8554,4504448.251,1867.860485,9422.420533,1757.819132,16574,936279,1043.834506,0,2698,390.9617113,6026.646613,27248.35673,354021.4026,587.8117513,2199.948892,0,1348.203518,0,4135.098697,11403.43121,119484,835.4062911,29601.40455,4228.753391,10953468.87,127.9897642,22957.88906,0.834136433,865,165.0158271,5388.799186,2095999.616,1927.722188,3519005,0,1159.494109,5496.535337,412.1778392,13962.38613,1467.731567,11688,56451.17325,723110.3186,2308263.356,0,0,569.7699435,842.0284635,14638.28027,0,3449.396939,15638.86115,250210.5241,465.608073,17264.15425,537093.0648,0,1309.102323,0,3224.866041,234.6783878,4193.146464,0,1252.542663,6943208.155,12570.67783,716.4512641,10159265,0,25453.14888,0,13908.3888,118.1672222,14074.50606,0.615737341,688.2810779,361.1821239,35491.33691,97.62718284,3410.197426,2137.742869,8513.057416,37234.67308,540280.6912,951.8024306,13213.11443,0,471.0276852,0,5966.917961,578.2241017,8276.031343,1713813.137,4215.518799,6897.576875,76910,30622.86372,444413.5429,74460.28542,235.0416369,312.1127543,140.3177158,9327.291152,1124.85113,15126.70563,129.9636814,4108.841034,3093760.2,3749.114566,315.4154067,4427.086184,13064.68812,155776,450.2603636,14893.25122,74532.15357,1028730.81,4059.373286,16598.81247,1513.475043,6021,23229.92306,352245.5099,368.2632134,2632.657808,177153,425.2972534,0,734.6013923,11130.3498,140194.8276,84.18646618,1296,106.3806739,3743.636124,1024.305267,2937,13220.9763,174487.949,340.9313095,5148.071594,55646.24369,138.1221423,374.8767811,2951.335222,1427.969634,8328,40962.60201,474114.9694,275.9110787,1582.477809,92.54617871,309.4937413,2014.24271,25322.35874,313.8352006,3202.866585
blk8,0,0,0,0,0,0,0,0,0,0,0,0,0,0,0,0,0,0,0,0,0,0,0,0,0,0,0,0,0,0,0,0,0,0,0,0,0,0,0,0,0,0,0,0,0,0,0,0,0,0,0,0,0,0,0,0,0,0,0,0,0,0,0,0,0,0,0,0,0,0,0,0,0,0,0,0,0,0,0,0,0,0,0,0,0,0,0,0,0,0,0,0,0,0,0,0,0,0,0,0,0,0,0,0,0,0,0,0,0,0,0,0,0,0,0,0,0,183,254.9931341,294,1966,788.763164,45,3378.67939,0,961.4312385,95.33264314,471.0330947,228.0217672,2002.807422,1461.208625,0,289,0,19503.72457,0,0,0,0,8553.999,0,229.07303,0,99.74689905,0,0,0,1263.512438,505071.367,0,1162.924665,4380.5838,0,0,0,0,0,0,227.5287721,418.7874831,0,1594.074311,0,1422.347184,0,1250.172178,0,468,64942.28482,11657.34461,147.8862582,0,85,9409,2.538052187,0,70,104.4419242,1121.253791,3760.732645,50911.2525,0,544.9476184,1.632369012,0,0,270.4486262,50.86474096,284,0,0,0,57155.48605,1540.305547,0,0,3,0,0,9300.63743,0,19168,0,0,0,0,2.3423203,0,146,0,7494.877496,7400.03218,670.9954609,0,0,134.0045367,0,0,0,0,0,0,1.975323544,2313.55756,0,0.66475834,0,0,0,0,0,0,59464.46652,0,0,160961,0,571.8442242,0,0,0,0,0,0,0,134.732791,0,0,0,82.01000713,0,735.2158917,0,0,0,0,0,0,0,185.2101151,22901.93002,0,0,53,225.7444168,1208.87744,831.2059165,0,0,0,0,0,137.3302338,0,394.8727835,68396.42665,59.51933988,0,2.701003658,0,29,0,0,937.9602531,17298.7104,0,219.6501492,0,57,209.1545935,3303.133634,0,672.1040063,1917,164.6371457,0,27.79907742,0,257.559896,0,52,0,0,18.64712388,37,0,1923.771421,0,0,707.897327,0,0,0,0,25,248.3145734,3973.888729,0,0,0,0,0,0,0,206.7612831
M35-Heart 1460,0,0,0,0,0,0,0,0,0,0,0,0,0,0,0,0,0,0,0,0,0,0,0,0,0,0,0,0,0,0,0,0,0,0,0,0,0,0,0,0,0,0,0,0,0,0,0,0,0,0,0,0,0,0,0,0,0,0,0,0,0,0,0,0,0,0,0,0,0,0,0,0,0,0,0,0,0,0,0,0,0,0,0,0,0,0,0,0,0,0,0,0,0,0,0,0,0,0,0,0,0,0,0,0,0,0,0,0,0,0,0,0,0,0,0,0,0,2933,101608.0583,203280,345519,56850.29722,4788,1241043.879,5603.206027,22219.65456,5691.640311,236746.9471,68418.80478,620226.5963,15491.00706,0,2153,807.0255531,87779.72054,0,0,0,779.0303134,565534.8648,1441.801746,11873.09144,586.4775103,9939.523057,0,869.7987707,0,6889.515635,21168937.8,0,45481.11328,396185.9909,674.0075478,365.8272957,0,140.6245569,4709.303811,3849.542825,0,1838.718232,249.8749994,2446.64115,2461.789656,39101.33475,0,1401.856057,0,6410,3558604.441,0,8554.365525,3009.175414,14875,915980,2751.64616,0,1720,345.5984148,5790.940752,27438.30995,329261.6722,0,3029.355713,0,1567.584581,141.5563885,4574.217514,7611.887784,111586,0,43290.20575,5515.168076,9439082.303,266.0355379,20836.47592,0,3,0,5747.51472,1615084.673,1288.386465,2093949,0,1117.527037,4644.120467,334.2811256,10711.73149,470.783392,7052,30223.28374,545916.8237,1903945.9,0.902682369,0,285.6534722,1560.448237,20107.33579,0,3888.272006,31386.69737,424390.998,480.7031837,29988.55044,696170.7551,220.0174062,1595.79583,0,5334.745942,118.8030244,7906.719441,0,1075.636822,4554386.757,10811.56581,847.5444389,6247787,202.9494496,9594.335964,0,9663.748606,0,6241.462654,0,134.354447,554.6899684,15788.15415,192.4478275,3394.07149,1044.183883,17882.07673,67592.13013,1088037.196,1230.111898,27507.51288,0,1454.669332,116.8268515,6931.784863,693.6648871,13023.65332,1932110.319,3315.02072,4735.200643,87834,21586.09859,370283.2275,82805.30044,0,0,175.0249246,5252.344638,453.7572676,10734.30885,395.9135733,2999.421252,2160148.069,5791.521014,305.125014,4382.153028,12467.53874,135655,73.26931732,12402.75023,63990.87152,906799.2766,2264.159202,14480.29674,514.0458647,6706,22422.60366,303157.3819,343.7418838,2329.58836,107606,1450.745362,0,304.2329341,4304.667399,78348.51928,402.2962943,277,245.1473249,5635.368698,521.8708745,3361,14316.61719,217449.1258,331.4585271,4767.232455,59965.41038,248.5624599,162.5190452,2047.550147,1218.247417,7881,39509.97216,484370.2076,48.22632724,1527.917081,0,142.1390496,1607.249575,23754.55598,230.8132063,2884.522347
M36-Heart 1461,0,0,0,0,0,0,0,0,0,0,0,0,0,0,0,0,0,0,0,0,0,0,0,0,0,0,0,0,0,0,0,0,0,0,0,0,0,0,0,0,0,0,0,0,0,0,0,0,0,0,0,0,0,0,0,0,0,0,0,0,0,0,0,0,0,0,0,0,0,0,0,0,0,0,0,0,0,0,0,0,0,0,0,0,0,0,0,0,0,0,0,0,0,0,0,0,0,0,0,0,0,0,0,0,0,0,0,0,0,0,0,0,0,0,0,0,0,1857,61733.51527,195599,203216,51977.15665,4355,1018407.998,5088.177607,18698.73192,4108.186181,181193.1651,65243.29743,540046.1973,12156.62231,0,1473,118.782893,61087.82298,262.3191819,0,0,855.0912967,292397.1449,824.1827004,5333.177819,163.1587334,6326.928217,0,396.1148673,0,6915.710906,13104412.56,0,35649.58229,295152.2378,700.3100494,0,168.4284549,229.1071701,4137.440591,3881.281963,0,2493.473981,126.6437677,1376.188644,1706.711335,23254.01127,0,1190.470366,0,5168,2839104.829,198.414888,5400.942908,1429.462698,11028,974138,2068.808053,103.2482974,995,115.2088238,3657.759645,23167.76832,212489.3461,0,2648.989384,0,298.8081952,0,2582.133814,6428.624512,63690,319.3417337,32634.45851,4727.90555,6824916.03,345.7148006,17141.57288,1.309466294,463,0,6132.299689,1012729.635,275.7689193,1854552,0,454.500918,2478.392608,158.2530891,7762.06672,199.3393374,3433,26101.49415,260921.9758,1343161.266,0,0,879.2186233,959.1232119,10863.39086,0,2438.692857,16348.13376,342495.0948,0,19351.21792,453226.5923,0,323.8481328,102.4177474,1787.794368,423.6149563,2759.913484,0,1164.295821,2889058.481,6797.512195,569.0494152,4329043,0,7726.957887,0,4827.699372,0,5692.074007,0,0,325.2633017,13938.05346,141.4747921,3629.43824,901.8540341,10269.09132,47518.76458,558857.9711,1157.937137,15597.33854,0,883.8674729,0,5069.074419,742.9860591,8950.553775,1353258.002,2574.067761,2850.941786,45066,14878.32758,228714.5372,62663.03538,0.487528744,0,0,4314.347716,253.9412817,7493.563215,0,2041.038708,1963331.444,3046.09315,141.1918004,2206.917963,5150.082284,91801,512.8802856,9310.628605,46652.44285,625427.2186,2159.782215,10708.09001,0,3456,8626.454315,182785.9494,147.9530825,2063.749796,62724,476.6606732,0,192.5315234,3725.826248,58672.17428,255.1237207,435,243.4689041,2508.006943,708.3346308,2977,10212.33569,168932.5608,189.0885498,3682.149295,42180.94782,0,146.9133749,1594.441059,847.4377759,5868,23976.18497,327432.849,0,1290.060387,0,273.5787559,1215.75595,13423.07549,119.4742394,2364.789775
M37-Heart 1462,0,0,0,0,0,0,0,0,0,0,0,0,0,0,0,0,0,0,0,0,0,0,0,0,0,0,0,0,0,0,0,0,0,0,0,0,0,0,0,0,0,0,0,0,0,0,0,0,0,0,0,0,0,0,0,0,0,0,0,0,0,0,0,0,0,0,0,0,0,0,0,0,0,0,0,0,0,0,0,0,0,0,0,0,0,0,0,0,0,0,0,0,0,0,0,0,0,0,0,0,0,0,0,0,0,0,0,0,0,0,0,0,0,0,0,0,0,1798,45858.93594,171359,149191,49246.10331,4174,926495.186,4483.189558,18043.03052,4444.909794,164766.7653,56793.5832,552240.4834,10628.55292,0,1650,311.400602,68125.37612,0,0,0,629.7554362,330150.3056,1152.617953,7079.258456,528.7977472,6420.347017,0,775.0057433,0,4967.555689,14676785,0,39636.33939,305953.1003,418.2214667,0,382.6632286,153.3445492,3509.64551,3040.507885,158.9584856,1962.849405,0,3138.274598,1895.78522,22829.72382,0,109.1548572,0,3398,2559766.551,0,5883.193711,2025.697048,10311,872477,2409.170873,0,1637,351.5743412,4149.945572,16114.90794,195363.4143,118.7075064,2073.916969,0,1112.355634,0,2916.139714,4161.542086,81844,394.7534037,30797.40757,4087.107268,6552109.742,247.1578225,14898.81757,0,164,0,4206.866381,629207.3413,1414.100786,1693188,0,0,2344.725287,0,6480.732572,0,8299,23658.41352,280054.3373,1324879.547,0,0,609.7201409,1521.896832,12683.74242,0,2477.647721,19321.56057,289899.404,0,16254.9224,523252.7725,199.8360071,355.8194818,288.7603776,4094.705109,0,4878.205934,0,586.4799422,3023796.944,7362.285387,170.8044231,4994842,0,10168.03944,0,3645.8617,112.2841706,5303.035654,0,254.1262431,301.3609193,14392.33845,0,1785.566531,1479.996185,11270.69592,36881.39409,707876.2397,369.7021669,16730.62699,154.9226072,1407.77779,0,5400.268597,480.6176216,13220.38345,1429177.514,4594.103462,3403.022865,41230,13534.45021,256306.646,58786.02756,0,0,0,4493.710007,322.4712045,6678.934579,188.569745,2416.447069,1669289.52,5083.658585,0,2066.739107,5347.452968,99556,390.5409966,8293.292622,33341.41759,492480.2508,1703.305063,9335.170649,305.4782628,2724,11995.70851,177996.0197,172.647043,2296.233626,75778,265.0170806,0,258.4661834,3725.05221,50695.86947,303.9828256,409,124.8881365,3187.95691,11.08035223,2089,11125.45836,144347.3489,120.1373463,3004.72642,46099.87984,75.00495551,0,1252.118524,930.4940708,4772,19394.54363,291505.0845,0,1250.906318,0,301.6575064,898.7422176,14553.57954,247.4670026,2145.627408
blk9,0,0,0,0,0,0,0,0,0,0,0,0,0,0,0,0,0,0,0,0,0,0,0,0,0,0,0,0,0,0,0,0,0,0,0,0,0,0,0,0,0,0,0,0,0,0,0,0,0,0,0,0,0,0,0,0,0,0,0,0,0,0,0,0,0,0,0,0,0,0,0,0,0,0,0,0,0,0,0,0,0,0,0,0,0,0,0,0,0,0,0,0,0,0,0,0,0,0,0,0,0,0,0,0,0,0,0,0,0,0,0,0,0,0,0,0,0,63,138.0573621,319,1444,375.643857,113,1644.605288,19.65453602,619.9308124,27.47652873,230.1076509,0,937.4412323,1550.826524,0,144,0,19320.23884,0,0,0,0,7336.666526,0,0,0,0,0,0,2.188107204,1905.321816,433769.7561,0,1552.51244,2511.158582,0,0,0,352.379415,0,0,0,827.416653,0,1412.913549,0,1142.050911,104.971966,408.7678568,0,263,50658.02152,11259.57465,251.3786757,2.374612309,16,5090,0,0,36,0,1146.260714,3210.832124,53375.43931,0,296.1894582,0.333158059,449.9386231,0,0,298.6717946,502,0.911081379,0,0,42088.6174,1181.745605,0,0,1,0,0,7665.654499,0,18627,0,0,0,0,0,0,313,582.6331746,4368.816168,7242.045356,280.8377165,0,0,0,0,0,0,0,0,0,0,2874.332342,3.772905249,0,0,0,0,0.531833427,0,0,61419.9035,0,0,179976,120.4483236,750.4434166,0,0,0.583678232,0,0,1.171736012,2.145962032,0,0,0,0,0,0,1242.041376,0,0,0.47518067,0,0,0,0,157.4959871,26718.98007,0,37.96550235,69,0,972.9010237,2472.962208,6.131725876,0,0,114.3460872,0,160.8002325,0,444.6604516,60076.02932,57.8122202,0,36.55711527,0.529419069,15,0,126.9121044,834.9255953,13989.39265,0,139.2836366,0,13,438.5201512,3241.810805,0,678.0340731,3842,324.2248132,0,0,0,255.1524515,0,25,0,0,0,26,0,1630.816151,0,0,1627.075396,0,0,0,0,53,479.7625591,5450.948953,0,0,0,0,0,263.9920247,0,311.7941031
M38-Heart 1464,0,0,0,0,0,0,0,0,0,0,0,0,0,0,0,0,0,0,0,0,0,0,0,0,0,0,0,0,0,0,0,0,0,0,0,0,0,0,0,0,0,0,0,0,0,0,0,0,0,0,0,0,0,0,0,0,0,0,0,0,0,0,0,0,0,0,0,0,0,0,0,0,0,0,0,0,0,0,0,0,0,0,0,0,0,0,0,0,0,0,0,0,0,0,0,0,0,0,0,0,0,0,0,0,0,0,0,0,0,0,0,0,0,0,0,0,0,1489,35447.50537,170101,119640,51896.15857,3345,978133.5405,4656.120213,18148.97089,3886.161627,150349.401,61269.11724,578200.151,18845.83043,0,1610,586.5980037,55066.31057,0,0,0.584895903,837.8573137,278085.1337,649.0639946,5292.778122,0,5552.192557,0,305.3299369,0,5753.454415,12543197.52,0,36640.88927,296339.1079,900.4132525,169.2602043,153.6863601,29.02930447,4573.540508,3209.878994,0,1272.6261,0,2058.922029,1591.978452,23891.47932,0,731.9967873,0,4408,2748010.422,231.7633004,5957.54821,959.5706571,9541,829411,1892.826795,0,1009,726.0465682,3506.707794,17079.47143,287289.7279,224.7726525,1310.934852,0.570053347,806.781126,0,2488.634713,4252.914502,87485,523.3395895,26904.33312,3608.870409,4762173.864,0,10683.18188,0,3,0,3488.647056,743611.5028,703.4734989,1195485,0,465.9993785,2368.448269,388.7030151,4623.984672,0,4409,21937.40779,246747.6695,1067091.039,0,0,246.2265727,758.4882793,11738.97593,0,2687.44372,15309.7991,310397.5177,0,13692.14018,404224.8942,0,268.7928955,274.3694279,1331.50838,103.8872976,2621.798245,0,0,2361510.069,4208.814949,332.5730942,3837145,0,6937.755785,0,4920.146061,0,4436.723412,0,0,0,7142.881111,0,1712.639105,1441.041732,7578.799051,36133.83889,509156.6459,637.9924106,13816.10441,0,354.2021962,0,4373.570194,1301.575672,5357.612947,1049753.344,2292.662696,1403.101819,46643,13830.73188,211818.5146,49655.48727,0,0,0,3483.15231,332.5821166,3959.413824,0,799.2758042,1556415.487,3821.27462,238.3045223,1886.308038,4559.266392,74551,115.3986467,8158.73061,30273.5853,403201.4506,1430.127619,7052.05042,358.570672,3360,8126.304813,134790.8441,82.75398888,1630.856331,57549,17.53854061,0,184.8470048,2354.310459,40804.24923,126.5671218,342,32.60011613,2366.952559,338.3915335,2172,6920.768413,90143.32575,112.0767807,2012.778439,22188.72532,30.1462223,0,1266.564344,596.7782904,5069,17298.9847,293599.4465,0,1356.220976,0,134.4172504,876.8374161,9967.147631,0,2040.384404
M39- Heart 1972,0,0,0,0,0,0,0,0,0,0,0,0,0,0,0,0,0,0,0,0,0,0,0,0,0,0,0,0,0,0,0,0,0,0,0,0,0,0,0,0,0,0,0,0,0,0,0,0,0,0,0,0,0,0,0,0,0,0,0,0,0,0,0,0,0,0,0,0,0,0,0,0,0,0,0,0,0,0,0,0,0,0,0,0,0,0,0,0,0,0,0,0,0,0,0,0,0,0,0,0,0,0,0,0,0,0,0,0,0,0,0,0,0,0,0,0,0,1299,51864.0625,188464,178481,50413.31094,4183,1035310.1,4943.930909,18993.76507,4984.81949,202265.405,63510.60487,560190.7771,10933.29477,0,2200,791.856376,66817.68834,0,99.58740153,2.880085838,0,313643.9554,927.5820895,11878.15965,0,5908.242753,0,305.2078576,123.6708981,5570.301502,20564822.51,0,42197.26229,492692.4661,454.8598855,100.3642804,230.1016322,0,7184.795187,3648.260846,123.5703852,2865.917316,0,2854.669737,2200.661464,23920.89144,0,841.1266462,114.7765518,6943,3428059.993,0,9887.707703,2507.066006,14148,669007,1079.502587,0,1921,234.5817825,3092.361312,23489.56141,271831.8871,310.5240862,2150.299537,0,790.2626007,324.3207822,5035.822355,6215.925239,112005,384.0505445,23350.08101,5089.011349,5428077.282,0,10032.04769,0,301,0,4477.347385,683315.4474,956.113047,1661544,0,0,2151.442164,0,6032.546649,198.2733337,7675,33750.76313,332902.496,1197019.81,0,0,262.228367,694.7251236,9278.886484,0,2975.042752,13649.30218,194379.6768,0,14581.93029,534752.5618,0,259.7948589,0,710.8473813,0,1889.936706,0,505.5897962,3181725.405,7823.754882,351.0968462,4072696,0,12446.11879,0,5558.977877,0,3979.205954,0,244.68329,560.6629526,16741.50769,0,2204.290891,1410.867429,6750.273218,33308.63346,453272.4562,563.6274666,8374.52549,0,782.1900246,0,5328.543204,767.5876658,7689.745437,1333730.292,3293.940701,3348.321132,50313,17360.56159,208950.7884,65022.84907,0,0,0,4360.85849,259.7461651,6714.951875,0,1475.152215,1750070.959,4478.122877,256.5497666,2937.133832,7383.412815,131596,239.3300274,13005.7427,32811.17963,523129.4353,1401.544647,9386.092215,397.9096727,2068,10608.15651,195252.7479,0,2024.759836,79788,85.33398964,0,314.6180886,3991.53589,45855.26395,203.3592708,454,114.4246271,4182.436388,789.5300826,2667,9975.432374,141432.5849,391.7435375,3068.832127,32882.20029,147.6231344,0,1598.297244,715.3815588,5106,23596.47405,325954.0339,0,2204.485181,0,131.883576,1228.600902,15238.04242,208.8458923,2854.943106
M40- Heart 1973,0,0,0,0,0,0,0,0,0,0,0,0,0,0,0,0,0,0,0,0,0,0,0,0,0,0,0,0,0,0,0,0,0,0,0,0,0,0,0,0,0,0,0,0,0,0,0,0,0,0,0,0,0,0,0,0,0,0,0,0,0,0,0,0,0,0,0,0,0,0,0,0,0,0,0,0,0,0,0,0,0,0,0,0,0,0,0,0,0,0,0,0,0,0,0,0,0,0,0,0,0,0,0,0,0,0,0,0,0,0,0,0,0,0,0,0,0,975,35261.52383,185775,120008,54493.0318,4104,913598.2606,4614.224573,18096.02752,3551.467811,143700.2519,61748.09349,556095.1267,12026.97694,0,1852,538.0827499,62507.57302,0,0,0,0,223046.524,628.157133,7363.612937,0,4217.995213,0,141.9881869,0,5466.504816,16540665.57,0,29450.03605,384055.9625,423.8463587,0,383.3239584,144.9657306,5721.384822,3033.789015,155.0913559,1995.818637,209.5783384,1807.988012,1219.981788,17725.26688,0,254.0944193,0,6406,3156642.928,215.3649777,8623.885771,1492.222178,11303,607927,1310.988902,0,1446,395.3257976,3836.158681,18462.8442,279215.986,0,2894.572842,0,719.1580098,166.1174958,2079.758377,5354.652392,74142,0,21988.69319,4988.184828,4044431.735,0,7733.111189,0,427,0,4266.56493,744024.739,743.9253605,1221690,0,379.2723632,2731.873635,0,4422.347973,229.4037212,3032,21530.08962,309688.4107,989329.3131,0,0,240.1367842,444.7240556,7571.608855,0,3008.869723,9698.607947,136068.5686,0,10944.53487,433801.7853,0,621.4120219,0,1052.864765,174.9931331,525.8797412,0,609.1575816,2241703.321,2752.19112,399.1366787,2804158,0,6642.08423,0,3913.692454,140.2915373,2969.102701,0,93.04266853,0,6840.445193,0,1048.416129,130.8304394,6220.696253,23508.50971,315503.9373,538.648427,7572.512447,0,777.859016,166.7705258,4128.488933,520.4003677,5586.161918,1218339.846,3097.985987,1827.354665,32706,12271.09701,180877.4294,52219.02441,0,0,0,2797.674359,210.0704898,6221.694698,0,2044.144779,1481089.697,3682.149186,236.8471341,1991.54938,6300.300826,82779,0,8289.579519,23240.4312,361529.6289,1775.513063,6777.198482,36.63316097,2477,7612.205732,138553.2613,233.4369069,1166.45051,66232,482.1450725,0,331.7612378,2663.324881,37357.12486,0,181,0,2977.923314,563.7286075,1519,7333.826423,111663.2837,289.1944611,2359.848238,36929.45662,0,0,1326.906543,712.4090691,5283,16767.17061,252468.8022,118.2059593,1186.877472,16.09970424,246.5043034,1075.408965,11286.6951,195.7443432,2209.962681
blk10,0,0,0,0,0,0,0,0,0,0,0,0,0,0,0,0,0,0,0,0,0,0,0,0,0,0,0,0,0,0,0,0,0,0,0,0,0,0,0,0,0,0,0,0,0,0,0,0,0,0,0,0,0,0,0,0,0,0,0,0,0,0,0,0,0,0,0,0,0,0,0,0,0,0,0,0,0,0,0,0,0,0,0,0,0,0,0,0,0,0,0,0,0,0,0,0,0,0,0,0,0,0,0,0,0,0,0,0,0,0,0,0,0,0,0,0,0,254,470.6535917,335,817,113.0549899,41,1727.076745,0,593.2453097,0,152.35915,373.0207589,1179.571566,1050.267568,0,90,0,16270.65293,0,0,0,0,9635.461494,0,0,0,0,0,0,0,1715.636155,445981.1547,0,1197.133147,8519.492268,63.80359363,0,0,10.8232614,113.3941786,0,0,1231.991844,0,1358.555234,0,927.9558447,0,612.2917484,0,347,105400.2475,5818.739109,89.12363698,0.284358451,1,1752,0,0,1,192.706603,1247.24209,2096.047771,64181.62309,0,214.2152669,0,551.782167,0,0,0,228,0,0,0,37651.06817,467.3238739,0,0,1,0,0,5719.375346,0,21600,0,0,0,0,0,0,89,635.0247674,7226.4861,9814.913385,0,0,0,0,386.8981324,0,0,0,394.2867961,0,0,3952.883268,0,0,0,0,0,0,0,0,65497.53187,369.7575697,0,189291,0,242.3869995,0,0,0,1.75132519,0,0,0,262.1004076,0,0,0,0,163.322767,1418.409036,0,0,0,392.801012,0,195.8982888,0,627.9316079,47337.11463,194.8538942,106.6403949,247,0,270.9518689,708.4179103,0,0,0.905822324,0,0,169.7033454,0,270.6378601,78356.89832,245.0523086,0,0,0,100,31.62603613,0,1189.119329,19877.43811,143.7173937,358.7016842,0,46,125.3683732,3666.929875,0,1160.308359,5300,0,0,0,0,1004.536409,0.548728473,53,0,0,6.953720398,22,0,1746.794411,0.349096449,0.855041492,515.1095918,0,5.286935328,0,0,12,415.8121038,4453.547738,0,0,0,0,20.27250822,390.0659974,0,291.5605258
M41- Heart 1974,0,0,0,0,0,0,0,0,0,0,0,0,0,0,0,0,0,0,0,0,0,0,0,0,0,0,0,0,0,0,0,0,0,0,0,0,0,0,0,0,0,0,0,0,0,0,0,0,0,0,0,0,0,0,0,0,0,0,0,0,0,0,0,0,0,0,0,0,0,0,0,0,0,0,0,0,0,0,0,0,0,0,0,0,0,0,0,0,0,0,0,0,0,0,0,0,0,0,0,0,0,0,0,0,0,0,0,0,0,0,0,0,0,0,0,0,0,884,27472.06331,186012,101379,54185.98823,3340,935708.3307,4475.828291,16494.7463,4152.085081,150073.3998,68086.52297,535143.2561,17817.23782,0,1759,658.5371593,62124.1292,134.0120406,0,0,0,274120.459,633.4517515,10499.32537,96.70147599,5399.74283,0,370.1593895,0,4149.811378,11246202.36,0,27639.83844,405932.3586,1119.921509,161.3392237,0,446.2932074,5614.484819,2896.146368,134.4836506,1894.080192,285.2693387,3639.556366,1593.788654,19265.08693,0,307.622392,0,5892,2897275.93,0,7343.787481,1254.336664,11403,672325,1025.737361,0,1439,61.95727822,3881.058333,16995.47609,256000.0871,0,2108.748636,0,1393.253089,0,3050.843804,4691.599588,76490,439.941998,17363.22845,3565.529911,3126300.396,0,7435.298108,0,107,0,2791.916194,471299.3192,522.4411975,1094670,0,0,1130.341536,554.3268873,5222.958119,467.7745135,3872,19003.6893,284500.0899,829518.8043,0,0,559.6898251,0,7325.68467,0,1558.283995,10305.29226,135841.1985,276.5430754,13261.03423,422094.1228,0,690.1569022,0,1234.74376,0,2029.209942,0,0,1891615.751,2337.654324,181.4554995,2296608,0,3733.100152,0,3457.085746,0,2794.791523,0,8.044045188,0,8198.208428,0,1428.480499,1007.727941,5904.492748,23919.49898,300888.61,723.7315874,7797.92835,0,439.6280163,0,4499.715408,427.3644035,4270.119013,948019.8678,2208.389701,2812.856836,30433,9634.315097,153697.5755,45699.35323,0,0,0,2957.863996,431.843712,4219.12012,142.6268124,1313.031276,1248052.349,1943.885778,0,1503.096371,4717.807988,69403,0,8522.205166,23046.37484,309711.4814,1051.895911,5743.309404,145.6659429,1862,7918.585175,105472.4955,171.8644228,1436.992028,60040,525.715146,0,216.4730476,2521.438374,38551.43871,0,65,0,2630.450201,359.5474967,1382,7940.637454,121484.0042,0,2144.297162,31779.77558,0,0,964.297153,695.9729375,3479,15881.56082,216546.1468,121.3395344,995.0796895,0,158.7143741,764.197724,9673.123157,0,1733.210954
M42- Heart 1463,0,0,0,0,0,0,0,0,0,0,0,0,0,0,0,0,0,0,0,0,0,0,0,0,0,0,0,0,0,0,0,0,0,0,0,0,0,0,0,0,0,0,0,0,0,0,0,0,0,0,0,0,0,0,0,0,0,0,0,0,0,0,0,0,0,0,0,0,0,0,0,0,0,0,0,0,0,0,0,0,0,0,0,0,0,0,0,0,0,0,0,0,0,0,0,0,0,0,0,0,0,0,0,0,0,0,0,0,0,0,0,0,0,0,0,0,0,4013,124387.4779,559761,524243,135529.1146,12590,3748519.401,16369.55699,64595.20981,17094.85192,603315.8728,213640.9443,1810460.069,17795.03303,0,4896,1461.051017,171897.9929,195.5309416,176.4046786,0,1711.252683,1512243.637,3848.729323,30495.17923,1123.158158,20019.28177,0,767.504291,0,9391.674638,22584233.88,0,69078.74668,368181.957,988.5125692,0,190.573267,316.2902144,5748.980116,3600.556387,0,2642.519431,168.548115,2516.176194,2535.632573,42403.20287,0,1255.330343,0,7363,3803729.84,0,10539.47903,2337.709837,12682,1066222,2564.143997,0,1281,321.5892773,2357.567026,20866.06375,277794.9754,300.3846557,1415.424005,0,1513.275524,116.1115275,3219.886575,7573.491909,137581,162.4249825,55154.33261,5854.753486,15335526.65,276.4079281,28868.8902,0,1229,0,7551.486766,2846822.218,1834.855619,3790789,0,1312.803915,7389.908654,0,19990.45696,2000.654979,13816,51036.34814,952171.2981,3925466.159,0,0,3178.55096,1837.790362,29086.55639,0,11898.53477,58554.7765,990283.1726,1012.491687,58543.04487,1030703,705.9355045,2229.864849,579.7617696,12760.73356,1645.70873,15012.66624,0,1404.601697,10722359.53,22070.40804,2387.413985,13282262,0,24084.66568,0,9942.219971,450.365952,16928.86646,0,726.0687982,1009.770506,38758.66968,455.3825491,6397.820642,1792.78676,39056.74128,113018.3508,1826485.006,4819.947008,48111.07351,0,3384.393387,0,12542.01221,1363.251454,19871.55574,4394105.853,9307.933313,9142.484471,171152,38384.16403,705110.7678,181550.8752,92.1392486,0,133.5961884,15469.7839,506.3694205,22869.39337,242.3359085,5389.132346,4930688.211,12704.73993,436.2049554,10850.13969,17932.1514,279477,1965.329625,33922.68361,112532.835,2046720.444,4616.593866,31319.67816,1036.828817,10471,41657.78879,713029.8776,276.2467087,3378.304012,247624,340.239151,0,1422.076569,10905.94978,179240.6182,309.4681712,1235,484.8044846,10143.66301,1562.588519,8772,35123.67651,468516.5151,336.8158839,10855.26836,139675.0217,111.0769752,313.0173497,5919.779614,2127.710096,18547,81867.77015,1131653.238,0,2682.389597,0,708.5397157,2760.166898,36455.97051,407.0351929,4289.002919
M43- Heart 1981,0,0,0,0,0,0,0,0,0,0,0,0,0,0,0,0,0,0,0,0,0,0,0,0,0,0,0,0,0,0,0,0,0,0,0,0,0,0,0,0,0,0,0,0,0,0,0,0,0,0,0,0,0,0,0,0,0,0,0,0,0,0,0,0,0,0,0,0,0,0,0,0,0,0,0,0,0,0,0,0,0,0,0,0,0,0,0,0,0,0,0,0,0,0,0,0,0,0,0,0,0,0,0,0,0,0,0,0,0,0,0,0,0,0,0,0,0,1680,51142.61285,193131,220171,56672.45112,6308,1026093.541,5057.107128,19274.77315,6145.887406,217036.9871,63724.84277,594353.075,9872.277768,0,3227,954.5299852,96736.51025,0,247.0429671,0,0,390238.8503,1027.745921,14796.19636,380.7760893,7073.395277,0,679.9181151,0,5853.095487,23649470.59,0,52504.72953,417846.2798,715.0336313,128.1362385,520.6486594,288.8323924,6494.337743,4014.147501,0,2469.48499,0,3068.745146,1666.914336,22121.72649,0,1266.575093,0,7612,4406341.432,397.5267269,10808.58895,1940.801179,12470,738635,1585.295723,0,2105,398.1281469,4222.982473,27111.60332,300067.5601,267.1789824,2459.232722,0,791.081435,283.1314152,3941.556408,8243.658305,129303,342.5250567,33620.5258,6409.181094,7952818.319,0,17221.9278,0,610,0,5247.863896,1098291.636,901.1629024,1747232,0,103.2712536,2346.652484,329.2499533,9654.044957,844.2332601,8835,35511.73587,592978.7999,1814231.083,0,0,1369.92925,792.5316685,8220.782576,0,4142.07591,16082.05403,243285.3622,0,19933.02408,533264.1946,182.0743886,1180.081264,0,1532.075122,128.5941108,2720.514011,0,539.5306845,4463697.346,8271.523408,749.1910226,4765137,0,11586.31452,0,7719.314415,0,10587.64543,0,459.9188213,0,16270.14934,0,3153.473287,1116.417221,10366.34182,36139.04636,523827.6366,435.8084135,12614.05392,0,985.0641371,0,5887.069978,304.1384154,6331.527213,2084881.56,4720.080972,3051.818949,50391,17644.69232,250382.6215,85973.75938,0,0,0,4543.917627,705.7289732,8877.962193,0,1895.019267,2514621.752,6194.454824,177.5303297,3120.257394,7716.09569,152225,1128.873035,13999.37019,42966.80263,634135.3525,2255.336841,10622.41592,273.9389824,2714,16948.80175,220873.3586,0,2140.283838,104477,308.0344603,0,460.2929973,3656.109029,71492.69278,108.1815174,479,601.9246699,4526.366154,619.8373234,3871,11569.13347,247305.9928,325.5224687,5045.473802,69079.50808,262.7885564,0,2611.217363,1446.918047,7841,28693.81171,438324.0937,0,1517.281621,0,181.9171407,1551.738363,18801.6912,229.397444,2751.273975
blk11,0,0,0,0,0,0,0,0,0,0,0,0,0,0,0,0,0,0,0,0,0,0,0,0,0,0,0,0,0,0,0,0,0,0,0,0,0,0,0,0,0,0,0,0,0,0,0,0,0,0,0,0,0,0,0,0,0,0,0,0,0,0,0,0,0,0,0,0,0,0,0,0,0,0,0,0,0,0,0,0,0,0,0,0,0,0,0,0,0,0,0,0,0,0,0,0,0,0,0,0,0,0,0,0,0,0,0,0,0,0,0,0,0,0,0,0,0,48,582.7102952,289,700,100.5241241,114,1391.829886,0,515.309625,0,272.4611268,118.3664201,931.508601,2214.935313,0,108,0,12918.21687,0,0,0,0,8803.844208,0,81.69430341,0,0,0,0,0,740.4805861,461214.2112,0,1291.015689,6682.416321,0,0,0,57.27257553,581.1564835,0,269.120366,443.2204783,0,1064.808342,0,1034.568412,0,294.4698517,0,271,101665.5754,7393.530243,60.7673025,0,56,5968,0,0,100,0,389.5565406,4896.226552,42520.89038,0,583.1377196,0,28.29685741,0,0,0,580,0,0,0,57127.60104,323.8493456,0,0,1,0,0,7826.9392,0.699341305,18903,216.3519561,0,0,0,0,0,53,555.7274103,8455.089478,24851.47022,0,0,0,0,0,0,0,0,0,0,0,4671.838953,0,0,0,0,0,0,0,0,34870.7062,0,0,175642,0,651.7263526,0,0,0,0,0,0,0,0,0,0,0,0,0,671.5488218,0,258.3224365,0.257847046,344.1599089,0,289.458641,0,1102.206971,36882.01519,0,1.829350801,160,0,688.219595,1459.288753,0,0,0,0,23.71110246,316.8190999,0,139.3271746,74751.18382,137.1548005,0,0,0,141,0,0,757.8094297,15976.56028,0,215.9417295,0,56,304.2107598,3832.604383,69.19759187,824.369378,4960,339.2775729,0,23.4142647,0,191.0786071,0,3,0,0,0,12,104.2051648,3568.006068,0,86.97656141,1017.985787,0,0,0,0,158,181.273774,8129.877231,0.533406357,0,0,0,0,325.36244,0,257.0995371
M44- Heart1982,0,0,0,0,0,0,0,0,0,0,0,0,0,0,0,0,0,0,0,0,0,0,0,0,0,0,0,0,0,0,0,0,0,0,0,0,0,0,0,0,0,0,0,0,0,0,0,0,0,0,0,0,0,0,0,0,0,0,0,0,0,0,0,0,0,0,0,0,0,0,0,0,0,0,0,0,0,0,0,0,0,0,0,0,0,0,0,0,0,0,0,0,0,0,0,0,0,0,0,0,0,0,0,0,0,0,0,0,0,0,0,0,0,0,0,0,0,1597,42798.97014,175422,189301,49260.37893,5868,963655.5602,4494.142869,17904.78006,4021.297614,167802.5801,63554.44558,595068.3153,8547.289031,0,2565,975.5653221,90073.68212,0,0,0,0,424189.4208,1333.720753,22064.75634,365.1737259,7141.199068,0,562.8701644,220.8986259,6611.310057,23010935.05,0,55936.23153,469944.787,994.238652,0,298.102093,259.3763931,6711.308015,3264.343518,278.5006074,1960.823542,300.5328477,3721.477074,985.9038638,24626.85797,0,367.6430649,0,8729,5222202.554,0,12587.10801,2403.795114,15340,567983,1090.571976,0,2014,178.53932,3805.918543,21519.52567,284337.8896,0,2052.90637,0,623.9465853,656.839205,3466.145075,8202.641196,134036,501.4024565,27339.15849,5638.841117,7092601.405,0,14431.61109,0,925,0,4049.071252,1495921.497,698.890837,1363779,0,267.0481449,2240.434092,0,9399.430384,682.1172558,8043,27809.47772,538441.3524,1808787.004,0,0,378.6227623,1029.377318,7518.828919,0,4236.210562,14769.09142,253329.049,471.0976159,18392.6618,596604.873,0,731.0459449,239.032956,1674.398992,0,2547.239219,0,0,3792993.956,7677.443908,616.0312191,4607844,0,9627.888796,0,9111.226886,0,7649.463306,2.388908316,238.4489164,541.8368252,17399.91506,0,2155.08935,1081.536709,8907.397914,36062.67683,557280.2159,784.0466155,10563.026,174.5265857,1135.608593,0,6243.482467,521.6467696,8515.400458,1953384.731,4535.352692,2732.036704,58399,15044.46211,259138.0378,73119.87992,0,0,0,5083.525172,286.2062476,8328.24006,0,2405.790716,2094360.847,4582.709753,0,2322.755939,5751.879745,105193,421.9372747,16805.8608,42781.6399,571769.9656,2506.753136,8548.596711,237.9681777,3255,14918.82058,254640.6655,37.54262538,2429.176441,93546,406.6727969,0,240.0623225,2527.426543,64823.99843,259.2765298,315,361.0080219,4021.904819,623.174603,3414,12793.28485,201561.864,219.9025583,3193.453029,61545.72912,0,200.6633166,1897.057618,1153.220618,6605,28817.09106,434151.4258,0,1577.030336,0,515.6489085,1130.388183,16969.33013,251.9962545,2749.688074
M35-46QC Heart4,0,0,0,0,0,0,0,0,0,0,0,0,0,0,0,0,0,0,0,0,0,0,0,0,0,0,0,0,0,0,0,0,0,0,0,0,0,0,0,0,0,0,0,0,0,0,0,0,0,0,0,0,0,0,0,0,0,0,0,0,0,0,0,0,0,0,0,0,0,0,0,0,0,0,0,0,0,0,0,0,0,0,0,0,0,0,0,0,0,0,0,0,0,0,0,0,0,0,0,0,0,0,0,0,0,0,0,0,0,0,0,0,0,0,0,0,0,1184,38259.32637,176526,135895,47922.34101,4015,944414.6388,4560.020744,16297.08573,4188.881171,163178.6253,61747.43366,556948.3359,8268.170039,0,1535,634.8326959,54713.28187,0,0,1.351425236,187.0749294,331812.9645,1023.731413,9715.961318,171.0534939,5411.330148,0,259.6270109,0,5172.301949,13919698.32,0,40534.32456,364552.1652,569.854822,179.655899,421.0903381,504.971263,5327.84987,2675.942401,103.3371327,2053.04543,0,1485.333011,1935.089093,23085.884,0,772.5863197,0,5609,2976607.351,705.754828,7665.230459,1892.783586,13205,788792,1675.806171,0,967,540.0010897,3970.434778,19197.95936,317432.1163,374.361009,2120.582569,0,611.9188593,396.5947329,2141.901555,5440.836994,75653,416.6612189,27050.299,2559.569861,4653913.194,178.6655255,13219.41339,0,460,0,3800.419447,956671.7571,360.3446006,1399878,0,402.1364754,1301.191651,240.9725943,6392.116057,772.7819052,5763,28031.44821,304359.8374,903947.4474,0,0,366.3119852,484.713755,6141.229503,0,2112.71964,10979.68788,147889.5953,304.4072653,13958.94357,335013.7715,0,295.0276055,0,2091.646821,0,1669.341795,0,1083.724811,2892602.316,6144.903068,509.3288463,3651572,0,9455.677894,0,4632.80166,0,6484.229233,0,0,0,12830.06701,0.751540222,2371.911671,1292.127385,6629.490218,27024.12913,389905.7008,506.0528936,9685.32292,0,418.358597,0,3417.192373,245.0920143,5067.137824,1038053.065,2027.22805,2172.277867,43670,11425.32709,177191.1068,56134.9463,0,0,0,3683.114906,326.8897138,5455.373639,157.9302486,1815.854193,1506097.493,2901.418942,120.6720234,1574.636974,5360.466411,84888,303.1850141,8229.113241,28038.83797,559555.3733,1085.344832,7626.803974,0,3576,10977.04418,160214.2582,0,1189.529342,62211,247.2366423,0,366.1457924,3050.073055,46383.32099,211.8452601,132,0,2699.549202,620.3970268,1562,8733.287959,131379.5739,436.5404915,2584.000178,33469.61017,0,135.830459,1451.848376,585.9569229,4975,19819.21675,225489.2589,116.2352704,1205.954612,0,247.3694921,1025.400736,12635.08821,156.3698478,1879.396573
M35-46 QC Heart5,0,0,0,0,0,0,0,0,0,0,0,0,0,0,0,0,0,0,0,0,0,0,0,0,0,0,0,0,0,0,0,0,0,0,0,0,0,0,0,0,0,0,0,0,0,0,0,0,0,0,0,0,0,0,0,0,0,0,0,0,0,0,0,0,0,0,0,0,0,0,0,0,0,0,0,0,0,0,0,0,0,0,0,0,0,0,0,0,0,0,0,0,0,0,0,0,0,0,0,0,0,0,0,0,0,0,0,0,0,0,0,0,0,0,0,0,0,876,38054.0139,183659,142200,54131.11487,3677,902776.4404,4644.827465,14285.03859,4325.372016,165140.3438,66656.58983,530964.5199,9380.982357,0,1846,340.5514515,60385.94448,0,116.9292782,0.380428314,257.486132,295295.9186,535.9395475,8394.694262,225.0691929,5257.663237,0,205.9558356,0,5151.07654,12096884.97,0,35855.67864,317296.2673,716.6559758,201.4025275,258.9049217,389.4233414,4887.349098,3342.793634,92.75327707,1452.194415,350.8529848,2069.66738,1257.296395,23978.91166,0,188.959588,0,5366,2345453.988,3590.337714,4998.277502,1097.39757,10945,808714,1398.688435,0,919,358.7498109,4286.672958,20034.00013,229539.4814,0,1792.252997,0,74.94220407,0.843081787,2362.603578,3339.10161,65123,275.3448919,15096.46025,2367.822811,4598746.991,0,9669.169594,0,8,0,3477.820353,802368.7569,171.3224216,1092924,0,308.8847694,1789.848481,0,4506.59638,320.8774748,6011,16082.18997,239787.4155,630465.173,0,0,0,0,5645.713783,0,803.8139583,5635.161547,86143.18484,200.5404614,3963.889303,168631.5149,0,406.9951899,0,1183.530095,0,1414.410031,0,923.8468619,2128012.596,6040.483307,252.062582,3349527,0,8406.200925,8.784095018,4167.860723,117.8097228,4225.781891,1.95624805,203.0045517,0,10355.17856,0,1452.480079,879.1829118,2680.973076,13313.59699,158056.312,164.5206127,3931.352033,100.294138,59.58285047,0,2482.167187,412.9452848,2431.769892,738722.4147,1436.034609,2379.222882,30878,9414.759808,145067.4391,29501.46539,0,0,223.157442,2547.260482,271.1023861,4563.359211,0,1696.412796,1065181.445,1949.841427,0,761.7383719,3885.600049,48701,87.25037942,6315.611471,24946.14106,321626.164,1133.595409,5206.226273,340.9767156,1537,7268.850744,114353.4147,264.2968289,2029.611837,57067,0,0,273.7864361,2289.484626,40112.02458,0,234,0,1569.363102,417.7243204,738,3350.421309,58520.87923,194.3570452,1928.39285,17073.39563,0,0,872.0189325,280.4569921,2932,12536.62272,150918.3489,0,532.6481864,0,91.95175811,1047.679337,9658.772447,149.1292701,1589.502662
blk12,0,0,0,0,0,0,0,0,0,0,0,0,0,0,0,0,0,0,0,0,0,0,0,0,0,0,0,0,0,0,0,0,0,0,0,0,0,0,0,0,0,0,0,0,0,0,0,0,0,0,0,0,0,0,0,0,0,0,0,0,0,0,0,0,0,0,0,0,0,0,0,0,0,0,0,0,0,0,0,0,0,0,0,0,0,0,0,0,0,0,0,0,0,0,0,0,0,0,0,0,0,0,0,0,0,0,0,0,0,0,0,0,0,0,0,0,0,130,741.0108952,153,978,713.486521,401,1986.897635,4.794006697,581.6707422,0,193.9960165,0,1125.101582,1442.162766,0,166,0,17482.90235,0,0,0,0,8001.535521,0,96.89553525,0,0,0,0,0,1592.220402,495542.6562,0,1570.693171,5735.536389,0,0,0,138.0867511,0,0,0,999.7273274,0,905.39091,0,1744.798287,0,147.5144173,110.6263997,388,68087.93014,7328.049204,193.97375,0,23,8181,0,0,21,0,682.5250963,3759.624674,61342.95984,199.0327136,307.7820453,1.431884406,0,0,0,0,1043,0,260.0060031,0,59758.42418,456.3194884,0,0,45,0,0,14010.52671,0,21572,0,1.092743311,0,0,0,0,96,21.38696902,6300.056188,8917.428124,0,0,0,0,107.5538677,0,0,0,134.3555179,0,0,5751.607439,0,0,0,0,0,0,0,0,77326.4996,0,0,190508,0,610.5321484,0,189.5341576,1.772734785,0,0,0,0,291.1341602,0,0,0,0,37.09557123,756.0610125,0,163.4651209,0,146.3867161,0,228.8094902,0,209.7790665,36167.80243,0,0,108,0,56.21839832,1680.905627,0,3.189217718,0,79.81969711,107.2628703,21.55359201,0,0,71975.94218,250.0102034,0,0,0,156,0,0,1764.371915,18751.15125,0,0,0,39,471.4100595,5330.747025,0,1218.423358,2185,0,3.295508938,0,0,629.5928814,0,20,0,85.56967946,0,23,0,681.1278386,0,0,1170.32486,0,0,0,0,97,301.5213025,7641.033949,0,0,13.09844117,0,0,0,17.13405186,212.0149863
