Sample,C1P d18:1/C16:0 Results,Cer d16:1/C22:1(-H20) Results,Cer d16:1/C22:1 Results,Cer d16:1/C23:0(-H20) Results,Cer d16:1/C23:0 Results,Cer d16:1/C25:1(-H20) Results,Cer d16:1/C25:1 Results,Cer d16:1/C26:0(-H20) Results,Cer d16:1/C26:0 Results,Cer d16:1/C26:1(-H20) Results,Cer d16:1/C26:1 Results,Cer d18:0/C23:0(-H20) Results,Cer d18:0/C23:0 Results,Cer d18:0/C23:1(-H20) Results,Cer d18:0/C23:1 Results,Cer d18:0/C25:0(-H20) Results,Cer d18:0/C25:0 Results,Cer d18:0/C25:1(-H20) Results,Cer d18:0/C25:1 Results,Cer d18:0/C26:0(-H20) Results,Cer d18:0/C26:0 Results,Cer d18:1/C14:1(-H20) Results,Cer d18:1/C14:1 Results,Cer d18:1/C16:1(-H20) Results,Cer d18:1/C16:1 Results,Cer d18:2/C20:1(-H20) Results,Cer d18:2/C20:1 Results,Cer d18:2/C25:0(-H20) Results,Cer d18:2/C25:0 Results,Cer d18:2/C26:0(-H20) Results,Cer d18:2/C26:0 Results,Cer d18:2/C26:1(-H20) Results,Cer d18:2/C26:1 Results,DHCer d16:1/C16:0(-H20) Results,DHCer d16:1/C16:0 Results,DHCer d18:1/C14:0(-H20) Results,DHCer d18:1/C14:0 Results,DHCer d18:1/C22:1(-H20) Results,DHCer d18:1/C22:1 Results,DHCer d18:2/C22:0(-H20) Results,DHCer d18:2/C22:0 Results,DHCer d18:2/C24:0(-H20) Results,DHCer d18:2/C24:0 Results,DHCer d18:2/C24:1(-H20) Results,DHCer d18:2/C24:1 Results,GM3 d16:1/C14:0 Results,GM3 d16:1/C16:0 Results,GM3 d16:1/C18:0 Results,GM3 d16:1/C20:0 Results,GM3 d16:1/C22:0 Results,GM3 d16:1/C24:0 Results,GM3 d16:1/C24:1 Results,GM3 d18:1/C20:0 Results,GM3 d18:2/14:0 Results,GM3 d18:2/16:0 Results,GM3 d18:2/24:0 Results,GM3 d18:2/24:1 Results,MHCer d16:1/C16:0(-H20) Results,MHCer d16:1/C16:0 Results,MHCer d16:1/C20:0(-H20) Results,MHCer d16:1/C20:0 Results,MHCer d16:1/C22:0(-H20) Results,MHCer d16:1/C22:0 Results,MHCer d16:1/C22:1(-H20) Results,MHCer d16:1/C22:1 Results,MHCer d16:1/C23:0(-H20) Results,MHCer d16:1/C23:0 Results,MHCer d16:1/C23:1(-H20) Results,MHCer d16:1/C23:1 Results,MHCer d16:1/C26:0(-H20) Results,MHCer d16:1/C26:0 Results,MHCer d18:0/C16:0(-H20) Results,MHCer d18:0/C16:0 Results,MHCer d18:0/C16:1(-H20) Results,MHCer d18:0/C16:1 Results,MHCer d18:0/C22:1(-H20) Results,MHCer d18:0/C22:1 Results,MHCer d18:1/C16:1(-H20) Results,MHCer d18:1/C16:1 Results,MHCer d18:2/C16:0(-H20) Results,MHCer d18:2/C16:0 Results,MHCer d18:2/C16:1(-H20) Results,MHCer d18:2/C16:1 Results,SM C34:0 Results,SM C36:0 Results,SM C38:0 Results,SM C39:1 Results,SM C40:0 Results,SM C42:0 Results,SM C42:3 Results,SM C44:1 Results,SM d16:1/C23:0 Results,SM d18:0/C16:0 Results,SM d18:0/C18:0 Results,SM d18:0/C20:0 Results,SM d18:0/C22:0 Results,SM d18:0/C24:0 Results,SM d18:1/C26:0 Results,Sphd16:1 Results,Sphd18:2 Results,Sphd18:1-D7 (ISTD) Results,Sphd18:1 Results,Sphd18:0 Results,Sphd18:0-D7 (ISTD) Results,SM C24:1 (ISTD) Results,SM d18:1/C6:0 (ISTD) Results,C1P d18:1/C8:0 (ISTD) Results,MHCer d18:1/C8:0 (ISTD)(-H20) Results,MHCer d18:1/C8:0 (ISTD) Results,Cer d18:1/C8:0 (ISTD)(-H20) Results,Cer d18:1/C8:0 (ISTD) Results,GM3 d18:1/C14:0 Results,SM C30:1 Results,SM d18:1/C12:0 Results,SM C32:2 Results,SM d18:2/C14:0 Results,GM3 d18:2/18:0 Results,GM3 d18:1/C16:0 Results,SM C32:1 Results,SM d16:1/C16:0 Results,SM d18:1/C14:0 Results,SM C34:2 Results,SM d18:2/C16:0 Results,GM3 d18:1/C18:0 Results,MHCer d18:1/C14:0(-H20) Results,MHCer d18:1/C14:0 Results,GM3 d18:2/20:0 Results,Cer d18:2/C14:0(-H20) Results,Cer d18:2/C14:0 Results,DHCer d18:2/C16:0(-H20) Results,DHCer d18:2/C16:0 Results,SM C34:1 Results,SM d16:1/C18:0 Results,SM d18:1/C16:0 Results,DHCer d18:2/C18:1(-H20) Results,DHCer d18:2/C18:1 Results,SM C36:2 Results,SM d18:2/C18:0 Results,MHCer d18:1/C16:0(-H20) Results,MHCer d18:1/C16:0 Results,GM3 d18:2/22:0 Results,Cer d16:1/C16:0(-H20) Results,Cer d16:1/C16:0 Results,DHCer d18:1/C16:0(-H20) Results,DHCer d18:1/C16:0 Results,Cer d18:1/C14:0(-H20) Results,Cer d18:1/C14:0 Results,MHCer d18:1/C18:1(-H20) Results,MHCer d18:1/C18:1 Results,Cer d18:2/C16:0(-H20) Results,Cer d18:2/C16:0 Results,Cer d18:2/C18:1(-H20) Results,Cer d18:2/C18:1 Results,GM3 d18:1/C22:0 Results,GM3 d18:1/C24:1 Results,SM C36:1 Results,SM d16:1/C20:0 Results,SM d18:1/C18:0 Results,SM C38:2 Results,SM d18:2/C20:0 Results,DHCer d18:1/C18:0(-H20) Results,DHCer d18:1/C18:0 Results,MHCer d18:1/C18:0(-H20) Results,MHCer d18:1/C18:0 Results,Cer d18:1/C16:0(-H20) Results,Cer d18:1/C16:0 Results,Cer d18:0/C16:0(-H20) Results,Cer d18:0/C16:0 Results,Cer d16:1/C18:0(-H20) Results,Cer d16:1/C18:0 Results,MHCer d18:2/C20:0(-H20) Results,MHCer d18:2/C20:0 Results,MHCer d18:2/C22:1(-H20) Results,MHCer d18:2/C22:1 Results,Cer d18:1/C18:1(-H20) Results,Cer d18:1/C18:1 Results,Cer d18:2/C18:0(-H20) Results,Cer d18:2/C18:0 Results,GM3 d18:1/C24:0 Results,MHCer d18:1/C20:1(-H20) Results,MHCer d18:1/C20:1 Results,SM C38:1 Results,SM d16:1/C22:0 Results,SM d18:1/C20:0 Results,DHCer d18:1/C20:0(-H20) Results,DHCer d18:1/C20:0 Results,SM C40:2 Results,SM d16:1/C24:1 Results,SM d18:1/C22:1 Results,SM d18:2/C22:0 Results,SM d18:2/C24:1 Results,MHCer d18:1/C20:0(-H20) Results,MHCer d18:1/C20:0 Results,MHCer d16:1/C24:1(-H20) Results,MHCer d16:1/C24:1 Results,MHCer d18:1/C22:1(-H20) Results,MHCer d18:1/C22:1 Results,Cer d18:0/C18:0(-H20) Results,Cer d18:0/C18:0 Results,Cer d18:1/C18:0(-H20) Results,Cer d18:1/C18:0 Results,Cer d18:1/C20:1(-H20) Results,Cer d18:1/C20:1 Results,MHCer d18:2/C24:1(-H20) Results,MHCer d18:2/C24:1 Results,MHCer d18:2/C22:0(-H20) Results,MHCer d18:2/C22:0 Results,SM C41:2 Results,SM d18:1/C23:1 Results,SM d18:2/C23:0 Results,Cer d16:1/C20:0(-H20) Results,Cer d16:1/C20:0 Results,DHCer d18:1/C22:0(-H20) Results,DHCer d18:1/C22:0 Results,DHCer d18:1/C24:1(-H20) Results,DHCer d18:1/C24:1 Results,Cer d18:2/C22:1(-H20) Results,Cer d18:2/C22:1 Results,Cer d18:2/C20:0(-H20) Results,Cer d18:2/C20:0 Results,MHCer d18:1/C23:1(-H20) Results,MHCer d18:1/C23:1 Results,MHCer d18:2/C23:0(-H20) Results,MHCer d18:2/C23:0 Results,DHCer d18:1/C23:0(-H20) Results,DHCer d18:1/C23:0 Results,SM C42:2 Results,SM d18:1/C24:1 Results,SM d18:2/C24:0 Results,SM C40:1 Results,SM d16:1/C24:0 Results,SM d18:1/C22:0 Results,Cer d18:2/C23:1(-H20) Results,Cer d18:2/C23:1 Results,MHCer d18:0/C22:0(-H20) Results,MHCer d18:0/C22:0 Results,MHCer d18:1/C22:0(-H20) Results,MHCer d18:1/C22:0 Results,MHCer d18:0/C24:1(-H20) Results,MHCer d18:0/C24:1 Results,MHCer d18:1/C24:1(-H20) Results,MHCer d18:1/C24:1 Results,MHCer d16:1/C24:0(-H20) Results,MHCer d16:1/C24:0 Results,MHCer d18:2/C24:0(-H20) Results,MHCer d18:2/C24:0 Results,Cer d18:1/C20:0(-H20) Results,Cer d18:1/C20:0 Results,Cer d18:0/C20:0(-H20) Results,Cer d18:0/C20:0 Results,Cer d16:1/C24:1(-H20) Results,Cer d16:1/C24:1 Results,Cer d18:1/C22:1(-H20) Results,Cer d18:1/C22:1 Results,DHCer d18:1/C24:0(-H20) Results,DHCer d18:1/C24:0 Results,Cer d16:1/C22:0(-H20) Results,Cer d16:1/C22:0 Results,Cer d18:2/C24:1(-H20) Results,Cer d18:2/C24:1 Results,Cer d18:2/C22:0(-H20) Results,Cer d18:2/C22:0 Results,SM C41:1 Results,MHCer d18:1/C23:0(-H20) Results,MHCer d18:1/C23:0 Results,SM C43:2 Results,SM d18:1/C25:1 Results,SM d18:2/C25:0 Results,MHCer d18:1/C25:1(-H20) Results,MHCer d18:1/C25:1 Results,MHCer d18:0/C23:0(-H20) Results,MHCer d18:0/C23:0 Results,MHCer d18:2/C25:0(-H20) Results,MHCer d18:2/C25:0 Results,Cer d18:1/C23:1(-H20) Results,Cer d18:1/C23:1 Results,MHCer d18:1/C26:1(-H20) Results,MHCer d18:1/C26:1 Results,Cer d18:2/C25:1(-H20) Results,Cer d18:2/C25:1 Results,MHCer d18:0/C24:0(-H20) Results,MHCer d18:0/C24:0 Results,Cer d18:2/C23:0(-H20) Results,Cer d18:2/C23:0 Results,SM C42:1 Results,SM d18:1/C24:0 Results,MHCer d18:1/C24:0(-H20) Results,MHCer d18:1/C24:0 Results,Cer d18:0/C22:1(-H20) Results,Cer d18:0/C22:1 Results,Cer d18:0/C24:1(-H20) Results,Cer d18:0/C24:1 Results,Cer d18:1/C24:1(-H20) Results,Cer d18:1/C24:1 Results,Cer d18:0/C22:0(-H20) Results,Cer d18:0/C22:0 Results,Cer d18:1/C22:0(-H20) Results,Cer d18:1/C22:0 Results,Cer d16:1/C24:0(-H20) Results,Cer d16:1/C24:0 Results,SM d18:1/C23:0 Results,Cer d18:2/C24:0(-H20) Results,Cer d18:2/C24:0 Results,MHCer d18:1/C25:0(-H20) Results,MHCer d18:1/C25:0 Results,SM C43:1 Results,SM d18:1/C25:0 Results,Cer d18:1/C23:0(-H20) Results,Cer d18:1/C23:0 Results,Cer d18:1/C25:1(-H20) Results,Cer d18:1/C25:1 Results,MHCer d18:1/C26:0(-H20) Results,MHCer d18:1/C26:0 Results,Cer d18:1/C26:1(-H20) Results,Cer d18:1/C26:1 Results,Cer d18:1/C24:0(-H20) Results,Cer d18:1/C24:0 Results,Cer d18:0/C24:0(-H20) Results,Cer d18:0/C24:0 Results,Cer d18:1/C25:0(-H20) Results,Cer d18:1/C25:0 Results,Cer d18:0/C26:1(-H20) Results,Cer d18:0/C26:1 Results,Cer d18:1/C26:0(-H20) Results,Cer d18:1/C26:0 Results
blk1,0,0,0,0,0,0,0,0,0,0,0,0,0,0,0,0,0,0,0,0,0,0,0,0,0,0,0,0,0,0,0,0,0,0,0,0,0,0,0,0,0,0,0,0,0,0,0,0,0,0,0,0,0,0,0,0,0,0,0,0,0,0,0,0,0,0,0,0,0,0,0,0,0,0,0,0,0,0,0,0,0,0,0,0,0,0,0,0,0,0,0,0,0,0,0,0,0,0,354.9938364,595.2787912,3088.001053,6674.128021,388.7410754,799.8068096,2262.221816,0,359.7168584,0,356.762736,0,884.4545481,0,0,0,349.2136166,0,12,1,1892.517276,0,0,1431.437489,0,0,38.5346735,0,0,0,0,0,0,58002.17626,0,0,0,0,560.1398848,0,0,0,1,0,0,0,0,0,0,0,0,0,441.2115607,0,0,0,0,4761.689782,0,0,168.4442826,0,0,0,1.3043872,0,770.5234124,3954.969506,183.989609,0,117.8631207,0,0,0,0,0,0,0,0,42,0,118.2972846,0,4579.237648,0,0,0,0,1078,0,0,0,0,0,0,0,0,0,0,0,10,0,1411.477211,0,2.324281794,0,0,1.05012166,0,826.1759603,0,0,0,244.9935223,0,2.546229146,0,0,0,0,0,168.448815,0,0,0,0,0,0,16523.23645,0,0,24140,98.88122167,0,0,0,0,0,0,306.3415307,0,0,0,122.3582609,0,130.384524,0,0,0,262.2402581,0,0,0,0,1.638776634,127.383795,0,164.1199624,0,1784.504432,0,312.5865207,0,175.5188979,9134.00777,0,0,201.4721972,0,0,0,0,0,0,0,2.345461635,0,0,0,0,0,0,9.349561512,14,0,0,3771.584915,0,0,309.0568898,0,0,0,25,0,708.2131598,0,0,0,1131.594062,103.2641344,200.8178703,112.5617877,0,0,0,51,651,372.4855643,0,448.8973563,0,69.54447287,0,0,2.757949575,0,0,1383.951439,0,39,0,117.9108231,0,0,0,279.7286298
blk2,0,0,0,0,0,0,0,0,0,0,0,0,0,0,0,0,0,0,0,0,0,0,0,0,0,0,0,0,0,0,0,0,0,0,0,0,0,0,0,0,0,0,0,0,0,0,0,0,0,0,0,0,0,0,0,0,0,0,0,0,0,0,0,0,0,0,0,0,0,0,0,0,0,0,0,0,0,0,0,0,0,0,0,0,0,0,0,0,0,0,0,0,0,0,0,0,0,0,310.7070388,78.29022198,1428.799318,9269.186584,2279.072929,790.0824555,1852.304356,0,272.2426214,40.01388999,281.7980849,0,620.690706,0,0,0,250.8624667,0,0,3,1421.195666,0,0,1779.279743,0,7.90656522,0,0,0,0,0,0,0,40518.18979,0,0,0,0,274.4078275,0,0,177.3081598,1,107.4600717,0,0,0,0,0,0,0,0,0,0,0,0,0,1420.104296,0,0,0,0,0,30.13753418,0,0,480.340865,3679.009605,0,0,0,112.9613736,0,3.040705064,0,0,0,0,50.04837929,0,0,0,0,957.7861157,0,0,0,0,1376,0,0,0,0,0,0,0,0,0,0,0,58,0,261.4398883,0,0,0,0,0,0,87.84690304,0,0,0,150.6511178,0,1.09042511,0,0,0,0,0,0,0,0,0,0,0,0,8286.668328,0,0,10522,0,0,0,0,0.796017716,0,0,0,0,0,0,0,0,0,0,0,0,165.503131,0,0,0,0,0,1.490952093,0,0,0,1183.87928,0,0,0,0,2740.652588,2.880166447,0,123.9552534,0,0,0,0,1.05355954,0,1.531135498,0,0,0,0,0,0,0.887021152,0,0,0,137.9432811,1484.745594,0,0,147.101164,0,0,0,45,0,259.9112564,0,0,0,674.2570891,0,192.9452721,0,0.204526428,154.806885,0,109,184,164.5905408,0,153.9116769,0,46.26184125,0.143323061,9.824690906,0,0,0,328.7273728,0,34,0,185.5206294,0,0,12.6836564,190.0866233
blk3,0,0,0,0,0,0,0,0,0,0,0,0,0,0,0,0,0,0,0,0,0,0,0,0,0,0,0,0,0,0,0,0,0,0,0,0,0,0,0,0,0,0,0,0,0,0,0,0,0,0,0,0,0,0,0,0,0,0,0,0,0,0,0,0,0,0,0,0,0,0,0,0,0,0,0,0,0,0,0,0,0,0,0,0,0,0,0,0,0,0,0,0,0,0,0,0,0,0,83.4186295,0,168.543241,10459.06581,2348.055911,833.9109474,1801.008467,20.91660466,208.1710326,0,239.5890764,0,571.6648824,0,147.819948,0,339.0504734,0,9,15,1351.355528,0,0,1610.293483,0,0,340.613701,0,0,0,0,0,0,34197.62753,0,0,0,0,417.5968781,0,0,0,1,0,209.8735289,0,0,171.0194945,0,0,0,0,0,0,0,0,0,1833.145938,0,103.2277877,366.1971409,0,0,0,0,109.5419206,0,3690.289359,0,0,0,0,0,0,0,0,0,0,0,11,3.699912751,0,0,1725.019137,0,0,0,0,246,0,0.252747347,0,0,3.543710787,0,0,0,0,0,0,82,0,413.6089184,0,0,0,0,0,0,137.8767824,0,1.903852349,0,0,0,0,0,0,0,0,0,0,0,0,0,0,0,0,6802.47395,0,0,9196,0,0,1.566660096,0,0,151.706949,0,214.257594,0,0,0,204.1548624,0,0,0,0,0,133.7081822,0,39.21782481,0,0,0,0,0,16.08662818,0,352.2148801,0,0,1.793817733,0,2409.440722,0,0,0,0,0,0,0,0,0,0,0.710850107,0,0,1.704556694,0,1.859101595,33.7692685,0,11,0,0,1029.208845,0,0,0,0.740666607,0,0,0,0,105.5144608,0,0,0,488.6885823,0,194.9794521,0,0,0,4.447303043,43,251,693.5597447,0,0,1.086279909,56.02234691,0,18.4215152,0,0,0,293.2002302,0,63,0,0,0,0,0,137.4466952
blk3,0,0,0,0,0,0,0,0,0,0,0,0,0,0,0,0,0,0,0,0,0,0,0,0,0,0,0,0,0,0,0,0,0,0,0,0,0,0,0,0,0,0,0,0,0,0,0,0,0,0,0,0,0,0,0,0,0,0,0,0,0,0,0,0,0,0,0,0,0,0,0,0,0,0,0,0,0,0,0,0,0,0,0,0,0,0,0,0,0,0,0,0,0,0,0,0,0,0,535.7802631,435.9684052,2193.400336,5474.356347,1019.449033,2074.877021,2733.525788,15.42694142,236.215785,0,797.3478416,206.5880672,585.1043216,0,121.6592615,48.77951322,332.422704,0,13,59,8075.318549,0,0,9145.435842,0,0,0,0,0,0,0,0.228481464,0,326052.759,0,948.938432,0,0,3475.120582,0,0,273.7659635,1,0,557.7997452,0,47.72167924,0,326.7059154,0,0,0,1507.94517,0,0,0,0,22528.15825,0,0,1874.012489,0,0,512.6116382,0,431.1426311,2704.8037,30809.49041,0,416.1899875,0,169.9967239,0,0,0,0,0,124.7274292,0,98,0,0,0,17023.47964,0,0,0,0,4734,0,0,0,0,4.986636345,0,0,0,0,0,298.1467871,454,406.0359167,6217.203262,0,0,0,0,0,0,1035.636303,0,102.3340091,0,553.9957186,0,0,0,0,0,0,0,0,0,0,0,0,0,0,67474.00339,0,0,76471,0,0,0,0,0,0,0,715.1794522,0,0,0,2628.595765,112.9172737,77.87992844,0,524.5897302,0,916.1815603,0,0,0,207.3668218,0,0.690010141,0,105.8188261,0,3565.839945,0,1265.818841,0,1241.736308,30650.30608,0,1125.014147,692.1185662,0,32.87221368,18.23958019,0,0,0,3.479648664,0,0,0,0,0,0,0,1.512890611,3,0,603.7674891,25152.78405,0,0,2682.939292,0,0,241.285179,13,236.1117105,2378.438827,132.7812932,105.6727203,505.2686394,5205.730531,0,941.2493072,0,214.2217953,1206.933228,0,272,1935,142.7435569,0,1364.353035,1.11112785,107.4235393,0,0,0,117.6845863,584.4190713,6212.96247,0,116,0,1020.996128,0,0,244.1310851,1300.511248
SL std mix1,0,0,0,0,0,0,0,0,0,0,0,0,0,0,0,0,0,0,0,0,0,0,0,0,0,0,0,0,0,0,0,0,0,0,0,0,0,0,0,0,0,0,0,0,0,0,0,0,0,0,0,0,0,0,0,0,0,0,0,0,0,0,0,0,0,0,0,0,0,0,0,0,0,0,0,0,0,0,0,0,0,0,0,0,0,0,0,0,0,0,0,0,0,0,0,0,0,0,68.96925833,552.0573518,217435.7745,229.4120975,0,63243.07911,916256.1658,5034.346477,17278.77552,5266.174639,175048.7437,105659.3391,719400.3973,0,49.09925084,0,0,0,0,8,1556.710688,0,0,1637.543583,0,0,0,0,0,0,0,0,0,37577.71585,0,0,0,0,829.2700721,0,0,0,0,228.6257989,0,0,0,0,171.6738364,0,0,0,0,0,0,0,0,10128.83929,0,1.393918395,116.7805659,0,0,0,0,0,414.4735217,10078.01836,0,163.1273551,0,0,0,0,0,0,0,0,0,333,0,0,0,6453.625591,0,0,0,0,2926,0,0,0,3.857478259,83.5453031,0,0,0,0,0,0,3,240.0518628,1924.72811,0,0,0,0,0,0,2322.804057,1.073580049,0,0,96.37695524,0,0,0,2.12713426,0,0,0,0,0,0,0,0,0,0,14077.37058,0,0,22703,0,0,0,0,0,59.37456291,0,213.7564257,0,0,0.941894777,550.9898494,216.2538051,60.25867097,0,0,0,407.081483,0,237.1247091,0,0,0,0,0,0,0,3512.331714,27.23869558,125.7754877,0,0,12603.59825,0,243.6934965,557.7998695,0,0,0,1.264751644,0,0,0,1.11696559,0,0,0,0,0,0,0,104,0,129.481884,33172.99616,0,0.563464077,1745.283919,0,49.4968153,0,77,150.0872916,1872.339185,0,0,324.0576027,4849.621521,0,704.936055,286.5491026,0,98.75762961,0,12,444,216.7298423,72.4493505,1283.937231,0,0,0,89.8404945,0,0,246.2273318,7768.501702,214.0037375,18,0,774.0082194,0,0,0,921.0513817
SL std mix2,0,0,0,0,0,0,0,0,0,0,0,0,0,0,0,0,0,0,0,0,0,0,0,0,0,0,0,0,0,0,0,0,0,0,0,0,0,0,0,0,0,0,0,0,0,0,0,0,0,0,0,0,0,0,0,0,0,0,0,0,0,0,0,0,0,0,0,0,0,0,0,0,0,0,0,0,0,0,0,0,0,0,0,0,0,0,0,0,0,0,0,0,0,0,0,0,0,0,324.7530246,79.34630133,206068.9126,2474.332057,569.5501809,63708.94489,963657.7379,4670.18986,15899.74047,4818.797136,166731.0804,91069.98499,605675.737,0,0,0,255.429628,0,0,1,1488.384112,0,0,1194.705516,0,0,0,0,0,0,0,0,0,50101.71877,0,194.5483193,0,0.357709177,376.3201818,0,0,0,0,0,0,0,0,0,224.4532698,0,97.39694095,0,318.4508441,0,0,0,0,1495.962987,0,0,186.4693075,0,0,0,0,0,183.1290697,6362.344985,0,0,0,0,0,0,0,0,0,5.835664543,0,3,0,0,0,3318.60731,0,0,1.770455116,0,1166,0,0,0,0,0,120.9956671,0,0,0,0,0,4,103.2606914,1259.322063,0,0,0,0,0,0,859.8541875,0,0,0,0,0,0,0,0,0,0,0,0.814944644,0,0,0,0,0,0,12043.48255,0,0,20558,0,0,0,0,0,88.33506233,0,305.016224,0,0,0,662.6772567,0,0,0,0,217.9165958,328.0185871,0,0,159.017057,0,0,0,0,0,0,727.9076906,23.26766321,0,0,0,4899.432532,0,224.7588075,468.496159,121.3433114,0,0,0,0,0,0,0.490569113,0,0,0,2.296076488,0,0,0,67,0,0,11312.17458,0,18.35978759,318.6459463,50.49919378,0,0,31,0,487.5842751,0,203.4674901,174.3098239,1916.627114,136.7972991,153.8166037,0,0,195.5712709,0,3,323,121.3949084,117.0479117,409.1092178,0,0,0,0,0,0,155.5147123,1155.641073,0,62,0,261.5291728,4.735012205,0,0,675.1567737
blk6,0,0,0,0,0,0,0,0,0,0,0,0,0,0,0,0,0,0,0,0,0,0,0,0,0,0,0,0,0,0,0,0,0,0,0,0,0,0,0,0,0,0,0,0,0,0,0,0,0,0,0,0,0,0,0,0,0,0,0,0,0,0,0,0,0,0,0,0,0,0,0,0,0,0,0,0,0,0,0,0,0,0,0,0,0,0,0,0,0,0,0,0,0,0,0,0,0,0,158.340963,118.6890619,2998.521654,5298.736057,922.9805234,1282.837201,3158.969759,0,543.3629299,0,472.6460821,167.5147151,949.389286,0,0,0,0,0,5,28,1955.744887,0,0,1146.761446,0,5.464274745,0,0,0,0,0,0,0,45993.2387,0,168.6930702,0,0,241.782933,0,0,0,1,0,0,0,0,0,0,0,0,0,243.7588764,0,0,0,0,1862.068505,0,0,446.9136507,0,0,0,0,0,439.1775203,5860.074823,0,0,0,0,0,0,0,0,0,0,0,62,0,0,0,3042.031175,0,0,0,0,379,0,0,0,1.128363489,0,0,187.5057266,0,0.562768821,0,0,1,0,898.2802155,0,0.829178087,0,0,0,0,272.801154,0,0,0.372597525,0,0,0,0,0,0,0,0.371626259,0,0,0,0,0,0,0,7033.208947,0,0,14213,0,0,0,0,0,0,0,0,0,0,0,623.3808545,0,0,0.710621185,0,0,53.8876194,0,0,0,0,0,0,0,0,0,1401.780346,0,0,0,0,4492.672467,0,0,84.62195246,0,0,0,0,68.49031799,69.75153218,0,2.010915622,2.71804414,0,0,0,0,0,0,10,1.066548723,0,3404.003959,0,0,27.58704112,0,0,0,45,0,154.8700191,0,0,0,1422.593388,0,0,0,0,130.3851555,0,77,532,451.0747589,0,172.7167993,0,0,0,1.057624754,0,0,16.95011169,673.5793385,0,18,21.46794775,69.3142139,0,0,0,401.4923144
M200a-samblk1,0,0,0,0,0,0,0,0,0,0,0,0,0,0,0,0,0,0,0,0,0,0,0,0,0,0,0,0,0,0,0,0,0,0,0,0,0,0,0,0,0,0,0,0,0,0,0,0,0,0,0,0,0,0,0,0,0,0,0,0,0,0,0,0,0,0,0,0,0,0,0,0,0,0,0,0,0,0,0,0,0,0,0,0,0,0,0,0,0,0,0,0,0,0,0,0,0,0,141.9323914,498.1452266,131616.5096,816.0222758,197.5877068,40929.82847,532579.7425,2647.565005,6716.941029,2818.022472,94177.75249,51650.42709,450807.576,0,116.155839,0,18857.36542,0,7,19,899.9405341,0,0,1384.560356,0,0,0,0,0,0,0,0,0.496768143,44974.27564,0,135.011133,0,0,684.0686166,0,0,0,0,0,1233.141907,0,171.8212308,0,161.590815,0,0,0,0,0,0,0,0,8235.358481,0,0,275.6324988,0,0,0,0,0,981.7751079,8295.839783,0,0,0,0,0,0,0,0,0,220.0918513,0,82,0,0,0,6777.700177,0,0,0,0,2688,0,0,0,2.851987705,0,0,0,0,0,0,0,2,36.69443227,2558.565352,0,0,0,0,0,0,2192.518703,0,0,311.4854882,409.7594023,0,0,0,0,0,0,50.95526774,0,0,0,0,0,0,0,12758.10151,589.325694,0,25453,220.4193609,0,0,0,0,0,0,0,0,0,0,630.5458116,0,155.9068733,0,0,0,635.847734,0,0,0,0,0,197.4726227,0,113.0769832,0,7077.077518,0.87535708,0,71.1026429,193.8273984,13906.27331,0,369.6604138,1300.400023,0,0,0.484852245,0,0,91.38934668,0,0,0.260007462,282.3183947,0,0,0,0,0,22,0,102.2859207,35460.79397,153.8915896,0,1102.317015,0,0,0,2,220.3721544,2561.272977,0,0,32.32406394,5106.927564,304.1702196,1153.104205,223.8288804,0,223.9885966,0,30,165,93.56113341,0,1542.273087,11.22714142,0,0,0,0,0,592.763587,6690.398883,45.01940534,80,29.66492305,787.1027599,29.79345478,0,27.17221185,1172.407707
M200b-samblk2,0,0,0,0,0,0,0,0,0,0,0,0,0,0,0,0,0,0,0,0,0,0,0,0,0,0,0,0,0,0,0,0,0,0,0,0,0,0,0,0,0,0,0,0,0,0,0,0,0,0,0,0,0,0,0,0,0,0,0,0,0,0,0,0,0,0,0,0,0,0,0,0,0,0,0,0,0,0,0,0,0,0,0,0,0,0,0,0,0,0,0,0,0,0,0,0,0,0,167.6912473,0,187819.6212,730.5278634,100.7756334,57145.38252,745412.3197,3560.592714,10362.09529,3275.784111,122435.3959,65960.26332,559031.9262,0,0,0,3481.782659,0,5,17,1676.855761,0,0,991.8672938,0,0.898809708,0,0,0,0,0,1.705639243,0,47022.99967,0,0,0,0,723.7032331,0,0,0,0,307.7741721,239.2531499,0,0,0,174.9210186,0,0,0,347.1149054,0,0,0,0,7831.55615,0,0,315.7592178,0.813924865,0,0,0,0,1314.532603,11012.43305,0,236.5528994,198.2184429,245.2767909,0,0,0,0,0,0,0,161,0,0,0,4707.663337,0,0,0,0,3191,0,0,0,0,0,0,52.31157542,0,0,0,162.7526216,33,103.6448358,2462.578101,0,0,0,0,0,0,2413.967558,0,0,0,0,0,0,0,124.0839177,0,0,0,0.479788774,0,0,0,0,0,0,15315.3052,0,0,27635,0,0,0,0,0,0,0,442.4251319,0,0,0,890.4633989,0,0,0,0,201.9848065,631.8367727,130.8094951,0,0,0,0,121.2420875,0,0,0,5609.202951,0,290.2606762,3.529612782,414.4347427,8348.296959,0,218.0755702,194.1128725,0,0,0,34.12334848,0,0,0,0,0,0,0,0,0,0,0,60,0,435.8688846,37036.83353,80.56560638,115.1471978,777.5518993,0,0,0,23,0,2097.296906,109.8869451,0,307.4944969,6787.787915,100.6964153,898.0844121,91.63751415,0,680.0411001,0,55,510,168.7747802,132.5873354,1725.4363,0,82.43284542,0,0,0,0,212.2812614,7464.818868,7.105592346,37,93.78113435,627.5025143,0,98.08959667,0,1131.92089
blk7,0,0,0,0,0,0,0,0,0,0,0,0,0,0,0,0,0,0,0,0,0,0,0,0,0,0,0,0,0,0,0,0,0,0,0,0,0,0,0,0,0,0,0,0,0,0,0,0,0,0,0,0,0,0,0,0,0,0,0,0,0,0,0,0,0,0,0,0,0,0,0,0,0,0,0,0,0,0,0,0,0,0,0,0,0,0,0,0,0,0,0,0,0,0,0,0,0,0,760.6877318,340.7171739,10841.04108,8729.6577,603.9129658,4735.841378,10036.81301,68.14133372,556.4578439,0,393.368012,0,794.8793403,0,0,18.96678214,0,0,1,6,1069.213455,0,0,997.2587769,0,0,155.8880755,0,0,0,0,0,0,31475.86561,0,0,0,0,222.7199477,0,0,0,0,0,73.50528531,0.885901491,0,0,0,0,0,0,0,0,0,0,0,1792.325234,0,0,0,0,0,0,0,0,379.6136996,4355.185009,0,0,0,0,0,0.67994378,0,1.109220038,0,0,0,17,0,0,0,2064.413758,0,0,0,0,467,0,0,0,0,0,0,0,0,0,0,0,2,0,1001.111626,0,0,0,0.310751238,0,0,219.5982857,0,0,107.6567685,287.6542166,0,0,0,0,0,0.250638247,0,3.001171014,14.87611151,0,0,0,0,0,6985.142879,0,0,7522,0,0,0,0,0,0,0.369891529,194.4166974,0,0,0,0,0,0,0,0,0,0,0,0,0,0,0,0,10.91767475,56.82582722,0,706.7534132,0,0,0,0,1442.93173,0,0,153.2533194,0,0,0,0,0,3.943088177,0.734375013,0,0,0.89506045,0.498830457,0,0,2.571349094,0.284020321,0,0,0,1913.156396,0,2.018398554,125.2560798,0,0,0,66,0,0,0,0,0,831.2085704,0,278.80982,177.3511697,45.40914345,0,0,0,213,572.4470919,0,0,0.227307456,12.33902214,0,0,14.00437253,0,0,351.880307,0,33,0,0,0,0,0,0
M190-200bQCHippo1,0,0,0,0,0,0,0,0,0,0,0,0,0,0,0,0,0,0,0,0,0,0,0,0,0,0,0,0,0,0,0,0,0,0,0,0,0,0,0,0,0,0,0,0,0,0,0,0,0,0,0,0,0,0,0,0,0,0,0,0,0,0,0,0,0,0,0,0,0,0,0,0,0,0,0,0,0,0,0,0,0,0,0,0,0,0,0,0,0,0,0,0,0,0,0,0,0,0,2172.680445,53909.02974,185560.5836,466192.3955,16825.40829,55983.59488,708434.7945,3989.988705,17723.60526,3775.737829,148522.0106,74484.96443,584393.3332,380.8135315,769.9954591,0,4106.846237,0,287,456,66741.05999,0,176.0221894,113620.1629,370.8955816,40520.21538,0,2648.613393,0,0,1298.666815,0,3453.349217,7136548.791,736.1450297,18797.33684,0,1482.354077,3825928.478,11395.73973,863.0481996,51285.12599,156,0,976.6240526,380.1255689,52379.27098,300.9987394,9164.41159,270.9111071,4673.412458,4228.837151,58879.70465,0,3210.306669,804.9584165,408.6564702,32206665.35,0,79454.6338,53291.78704,321.3250622,4025.636438,305582.7938,8145.920198,371539.5955,18293.9488,182450.0437,0,4163.837973,1178.168563,14169.17174,291.3312176,13316.66533,563.3050913,10656.66444,2584.407709,35169.25936,228025.9114,2792180,277.1049816,249.7191413,53038.94795,2892199.978,0,1245.041905,314.4695644,3928.820955,419597,0,3327.200786,3465.892833,3812.846413,2345.44043,146257.9358,0,1335.100583,5457.202998,231449.3968,21624.02174,201635,878103.1203,12332615.61,0,3289.245777,3684.6221,165842.9287,1420.47245,58585.52096,203125.2176,4077.072213,64145.23395,0,1119.201963,2881.72064,4272.202352,0,7914.3297,0,2191.749924,4193.272716,65052.21973,3768.238475,174073.6483,852.2775367,43272.67854,2590.610341,1863.555193,5255775.073,120650.1696,47552.92132,1275485,0,17275.03872,0,1151.336424,384.0830856,18767.36064,27769.8185,1372635.78,4296.948098,102950.5373,136344.5625,6372386.871,0,885.0837391,2700.687638,100535.1293,19917.23738,272128.2258,399.8032376,2535.078668,0,1417.847962,3710.872394,63587.94013,144.1505256,5128.709793,105.1628371,2754.997283,3917.869532,41186.94697,3051.200937,39866.71352,527828.2173,27892.60507,1032045.951,98710.35829,3448.619761,0,6496.796792,305794.9881,303.138089,21405.21895,0,5099.432597,1987.502223,22923.595,1201.288334,94633.70956,0,1509.268742,1594.820468,48600,767.9707786,11580.33878,1142138.86,60339.94664,97307.7343,3294081.864,0,2187.993094,1418.179413,17013,62869.26327,1011502.005,950.4261509,4589.161939,15681.00765,234433.5529,0,1250.247213,541.9702832,1527.953011,21449.33145,5707.134589,222936,48875,7680.762306,8157.034226,112183.6321,1386.476765,20530.91951,937.7822214,29675.1733,320.6791227,4320.900599,12562.83527,194427.808,227.5570417,3577,519.4348283,7897.81093,0,580.00639,131.9026122,1826.219271
M190-200bQCHippo2,0,0,0,0,0,0,0,0,0,0,0,0,0,0,0,0,0,0,0,0,0,0,0,0,0,0,0,0,0,0,0,0,0,0,0,0,0,0,0,0,0,0,0,0,0,0,0,0,0,0,0,0,0,0,0,0,0,0,0,0,0,0,0,0,0,0,0,0,0,0,0,0,0,0,0,0,0,0,0,0,0,0,0,0,0,0,0,0,0,0,0,0,0,0,0,0,0,0,2419.888105,49733.14346,196781.2672,462886.0985,15252.17212,54197.24012,753391.0968,3895.668853,12470.90784,4199.854924,128048.3822,64958.02823,443085.3045,192.4920361,912.9664419,0,3245.969307,0,124,855,58562.46428,0,0,105796.7175,289.5162414,34319.73067,0,1861.29416,0,0,639.1676954,0,2477.754535,6661900.633,398.59222,18392.19416,0,1279.797756,3350205.723,6798.378179,527.8875168,34678.77457,111,0,1035.288011,717.7152348,43517.67492,833.5250622,5320.140261,192.5801192,3603.633853,4496.523489,44611.89795,323.0107082,2805.106927,402.1519243,153.7187145,24798127.91,0,59606.35141,46321.84895,240.5673442,6030.687413,277998.891,8308.488935,371047.2491,18532.33804,197979.1856,266.876987,2475.907406,1044.813354,11537.75485,261.0519729,11159.44713,0,7799.233611,2276.471966,17606.92786,115492.3082,1539472,0,47.30395513,42835.26619,2303377.667,0,1605.469734,247.7771634,4487.601558,338184,0,3551.510227,810.2788065,2074.843202,2875.501779,93125.46151,0,170.6554712,3854.526621,168285.0757,17501.33457,150100,666753.9154,11507501.95,0,2848.48537,3261.066096,140742.6054,1674.121576,39503.13281,139761.0464,1883.456546,39807.74848,0,1367.124148,1681.576729,2923.632002,60.83408642,4525.576541,0,1325.613246,2932.612798,47891.64229,1881.605242,82349.18669,908.8968304,31477.08597,1190.857523,2564.325442,3074516.85,133602.7757,34850.31809,1027274,0,16515.22564,0,939.4108056,383.6809457,18098.09237,28445.68767,1159313.553,3194.359705,94788.82741,163647.1188,6505867.14,0,293.6539621,898.0394772,46365.59328,9665.879543,110647.5997,646.658478,1943.175887,140.7139018,151.1244517,1513.150356,21809.97336,474.1694469,2733.271558,0,1638.78152,1678.687323,28994.2108,2422.143339,31361.04525,295786.6778,16192.6072,743266.3912,56814.1218,4435.949284,84.67017542,4225.654627,146740.2092,202.5916629,17190.35648,0,2953.257502,909.6292835,13340.21835,1138.331979,32942.07852,0,661.0964558,1053.039559,39757,202.2642584,7214.528314,485974.0921,35711.57864,49022.75349,2333140.737,0,1735.191311,665.4593475,7787,30763.29684,529740.6855,517.0604366,2427.80528,7275.862495,107088.9114,175.3806815,729.8021248,466.6676297,1180.51884,13960.09899,3117.399256,113878,26790,3136.716531,3452.141115,51010.24516,415.925615,8373.2782,455.8737868,14721.33827,260.4233684,2636.770753,7510.216172,108660.3811,390.8779038,1423,280.0941581,4615.575861,4.942050999,469.1204171,87.56091914,1378.811149
M190-200bQCHippo3,0,0,0,0,0,0,0,0,0,0,0,0,0,0,0,0,0,0,0,0,0,0,0,0,0,0,0,0,0,0,0,0,0,0,0,0,0,0,0,0,0,0,0,0,0,0,0,0,0,0,0,0,0,0,0,0,0,0,0,0,0,0,0,0,0,0,0,0,0,0,0,0,0,0,0,0,0,0,0,0,0,0,0,0,0,0,0,0,0,0,0,0,0,0,0,0,0,0,2615.840168,48878.39047,167161.8779,445406.8093,13759.17209,55125.3719,732165.6199,3640.10518,12108.71041,3494.55963,133312.5376,56486.7259,407112.4401,323.2257275,855.1340074,0,3765.848593,0,692,346,49968.95278,179.7860945,0,99776.7807,269.2397383,31602.58003,0,1708.194669,250.2333542,0,1041.152154,0,1559.928856,6772251.481,527.756939,16547.08644,0,1066.288499,2697248.847,6673.787774,999.2500141,31641.81116,199,0,853.7605444,998.2299611,49229.61893,0,5281.233227,0,2075.204628,3347.287442,43958.25216,0,2328.695954,532.3408222,274.9361451,22963875.46,0,58250.33305,44221.99353,112.4157671,3783.825914,269635.8511,7482.869572,328202.9431,14429.15772,172855.1646,259.0909791,2365.832773,1085.941284,10383.53693,288.7528387,11168.31848,375.5682339,7980.494591,1061.753632,20418.46781,93557.18905,1399797,398.0466527,42.77209605,39198.06706,2209587.337,0,1964.631278,434.9019493,4419.693543,386696,0,382.048477,464.7056348,2074.95891,2446.709435,104551.8709,0,581.7503325,4388.0023,154407.2962,11405.2108,119261,680659.2466,7944820.04,326.1328618,2049.344116,3553.550805,121170.5023,0,33791.08368,92459.76819,2305.065431,46682.17291,0,1336.569225,210.516705,2989.302602,0,4072.702484,0,1230.415116,2171.164422,37799.24972,2229.94716,88908.27937,581.6779294,24779.83273,1075.327407,2164.951519,3385523.982,99805.39399,29848.20731,906246,73.72836711,12914.02161,0,1434.238345,314.1360209,23260.28056,26645.52992,1023768.856,3039.301562,110157.739,152333.1681,6786136.08,0,584.2907426,1113.431989,42803.80541,7516.69608,103811.793,416.7676386,1175.345517,0,365.0607249,1437.569881,20563.90859,1271.6156,1987.716608,0,2417.302041,1247.140689,23317.50479,2137.888294,28700.81219,295976.2628,14729.81749,655148.1529,44757.31572,2258.668701,0,5347.996377,175417.5102,0,11029.55579,0,2719.088477,592.0177539,9928.183145,1151.009056,28314.97964,0.537324825,561.9044444,704.319334,33300,313.1633382,8582.392933,413086.2463,27245.29691,47973.15653,1848991.959,0,460.9619873,663.1199718,5544,26421.6343,372917.8747,0,1766.229648,7993.754497,94163.433,0,725.0163584,273.0916747,1093.022695,13757.40526,2091.788283,115921,25780,4071.126264,3408.045275,48530.07174,461.887282,8592.906421,445.118107,13431.1187,0,1856.70504,7444.401557,93971.68781,215.5128271,1914,568.9222307,4280.345549,0,420.0080818,0,1153.246221
blk8,0,0,0,0,0,0,0,0,0,0,0,0,0,0,0,0,0,0,0,0,0,0,0,0,0,0,0,0,0,0,0,0,0,0,0,0,0,0,0,0,0,0,0,0,0,0,0,0,0,0,0,0,0,0,0,0,0,0,0,0,0,0,0,0,0,0,0,0,0,0,0,0,0,0,0,0,0,0,0,0,0,0,0,0,0,0,0,0,0,0,0,0,0,0,0,0,0,0,158.2869484,185.9912244,3662.120286,6603.497501,1680.637864,2280.007062,4675.109806,0,525.7262007,0,296.7424605,256.7869202,723.4548188,0,65.30195716,0,0,0,0,1,1937.007471,0,0,1371.054984,0,0,0,0,0,0,0,0,0,39424.35162,0,0,0,0,804.9469015,0,0,0,1,0,0,0,0,0,360.637942,0,0,0,292.1087988,0,0,0,0,10203.52812,0,0,113.4445334,0,0,486.6282652,0,468.1448513,1169.463143,4497.978004,0,0,118.2370127,0,0,0,0,0,0,108.7288478,137.8820073,362,3.039259443,0,0,2569.098841,0,0,0,0,872,0,0,0,0,0,0,0,0,0,177.9524654,0,2,1020.993601,6302.20771,0,0,0,0,0,0,69.94779793,0,0,0,277.5837076,0,0,0,0,0,0,0,0,0,0,0,0,0,0,11544.21898,0,0,10145,0,2.502958544,2.51615199,0,1.429611688,0.364024595,0,743.1362332,0,0,0,6392.041643,0,0.43405945,0,0,0,314.4344698,0,0,0,0,1.202446865,0,0,0,0,1743.965578,0.436605828,0,0,0,3826.067281,0,630.5949446,513.7920345,41.10772505,43.45424851,0,0,0,0,0,0,0,1.256297543,0,0,0,0,0,51,0,0.7558901,4832.097222,0,0,782.3666627,0,0,0,7,0,480.0653372,0,0,35.91478418,281.8693145,0,0,0,0,0,0,53,561,212.5158692,0,174.3077187,0,19.02310331,0,0,0,3.781528446,141.906154,615.5818438,0,52,0,181.7862274,0,7.346895759,0,329.1424279
M190-Hippo 1460,0,0,0,0,0,0,0,0,0,0,0,0,0,0,0,0,0,0,0,0,0,0,0,0,0,0,0,0,0,0,0,0,0,0,0,0,0,0,0,0,0,0,0,0,0,0,0,0,0,0,0,0,0,0,0,0,0,0,0,0,0,0,0,0,0,0,0,0,0,0,0,0,0,0,0,0,0,0,0,0,0,0,0,0,0,0,0,0,0,0,0,0,0,0,0,0,0,0,1771.339947,29956.09256,153327.0021,297186.7511,9528.91371,50710.13814,674668.1653,3292.210586,14640.68322,3250.201143,118318.4581,58323.73933,491860.4004,160.9614235,791.1251297,0,3483.621164,0,401,380,29667.2471,0,0,63220.76671,54.60993266,20471.5294,150.4686603,1791.936534,0,0,867.2768898,0,1713.400912,4404918.195,234.8510419,11731.07305,0,1145.720407,2960565.54,6921.078617,1069.132921,41470.92975,103,0,923.6578884,369.3270925,41344.15525,425.2045651,6079.642705,0,2067.798455,2482.296899,37805.55773,261.0016743,1947.106501,234.8363411,296.6560309,24285362.48,0,64199.31933,30238.84711,117.755008,6298.783352,237726.881,7126.910217,284452.0703,14944.74793,172611.2982,0,3454.378299,627.6606234,10150.72874,366.0386125,10256.58199,480.7516523,9333.672159,1748.253579,25087.41678,169028.5531,2061211,0,256.4483507,37760.51629,1766990.824,0,1806.753026,174.8495065,3829.606024,236439,0,469.8435909,450.7300746,2376.013596,3310.018493,100389.5791,0,475.0760999,4980.493611,197520.3889,12972.65581,158199,840432.5695,9746610.421,0,2807.241775,3229.304137,153973.0903,1454.603691,47314.2771,115503.0387,8.749054942,46845.0914,0,960.2767563,236.3218216,3372.344582,194.2956805,7217.354031,327.1405283,1118.957778,3842.48912,40835.90605,2592.683669,111829.7895,309.3648813,38547.08555,1410.763015,2052.038442,3361641.18,103852.1273,31179.57685,664921,166.4155028,12555.19829,0,776.9043314,452.5330765,14306.82419,23076.31734,981430.776,2039.834738,99605.6332,135076.6391,5759065.443,0,385.1074387,956.2299312,76466.70175,13049.39811,170177.0469,323.0236321,2711.29257,174.1265761,1110.566434,2869.715261,41522.73003,957.869525,5322.521003,0,4421.109506,1453.155252,29165.6382,1715.70417,20744.45665,344148.8152,18944.45233,859462.7711,54163.58214,5654.802428,5.055535222,4871.212765,210925.7393,772.7297128,19828.54136,0,2925.861165,1784.161763,17263.78982,1775.625807,56942.93752,54.21940841,467.4349998,1648.36306,58415,534.8897063,8348.082994,920355.5718,48943.67747,60295.14359,2861587.2,0,1456.602638,1263.477851,14354,52354.88852,838749.6053,416.5002773,3796.18343,11649.80313,129019.5814,0,1216.637469,1369.984986,609.4864485,10431.23684,3630.969682,130432,15461,69.81640614,5683.802577,105722.064,1242.814821,14646.85865,689.6925281,21145.16799,267.5837383,2938.690308,9240.858162,140157.0379,191.3925599,3007,239.7608565,5196.458114,0,694.4339361,211.6590858,1471.752101
M191-Hippo 1461,0,0,0,0,0,0,0,0,0,0,0,0,0,0,0,0,0,0,0,0,0,0,0,0,0,0,0,0,0,0,0,0,0,0,0,0,0,0,0,0,0,0,0,0,0,0,0,0,0,0,0,0,0,0,0,0,0,0,0,0,0,0,0,0,0,0,0,0,0,0,0,0,0,0,0,0,0,0,0,0,0,0,0,0,0,0,0,0,0,0,0,0,0,0,0,0,0,0,2574.272641,53611.71733,168819.0231,414591.5231,13658.94257,48332.70509,694008.7507,3161.303194,14667.12554,3634.308601,121898.8991,63191.72004,534381.729,435.6098616,463.9614589,0,2648.822366,0,442,560,50450.41754,139.0266223,0,112760.7255,389.308581,36092.8152,0,1811.713876,0,0,1657.240015,67.75291576,1684.918578,6850883.646,498.2688851,19006.15349,0,1507.930728,3360146.387,9249.473715,621.0361484,29981.52878,17,0,1246.957581,454.1619192,33617.75752,491.8886742,8646.622862,0,3478.401956,4204.744417,57393.64993,330.889435,2847.883052,287.6567263,525.3553222,31724275.71,0,85235.9386,38790.93905,0,3650.51978,183434.8472,7103.78599,310705.164,17637.58314,232051.3812,166.9020209,4416.379439,1071.133977,16713.58991,40.40192105,11410.08198,0,8529.572613,2248.046059,40507.05467,242087.9464,3184381,0,31.9020161,41664.1171,2545322.948,133.4730116,1203.648646,266.8329111,5224.355652,287496,0,2006.497358,3033.112473,2565.422779,3977.152671,82722.55918,0,153.6192499,4343.710029,150919.0794,18768.83449,202018,830083.3865,11809409.53,153.5989543,3846.545294,3275.047278,150661.2532,807.5020313,45259.21128,176954.9297,2309.027664,51616.19509,622.930515,1225.38216,2871.537309,3863.483641,432.6883961,7202.903529,251.4611305,2105.420679,7652.770266,77257.77469,2940.685107,146612.143,968.0950417,47695.37763,2912.108734,2469.757863,3888020.617,87392.75337,60312.1114,782412,50.03528183,13128.65539,0,1668.489706,396.9896077,15982.34213,17631.31696,1045177.206,2766.870673,69439.73897,122347.3699,5145727.289,269.8690759,1164.470095,2409.358816,115479.2762,18469.74988,331231.6348,1313.719774,5164.753535,0,1295.948961,3741.244304,58004.61249,660.4031613,2834.015212,0,5958.815249,2483.29268,42942.22072,2794.38586,36145.88822,435474.7101,21239.77983,944874.7584,81361.80774,2359.926035,118.6579115,5332.360227,241989.0254,174.0762298,17144.36503,212.7665129,6430.257335,1196.088523,29666.60341,1285.48787,75268.48156,0,1274.350821,2024.157915,54837,978.5290589,18111.28474,1055571.806,50917.03318,79371.25583,3505963.215,0,1303.863121,1089.798349,17890,79257.17682,1011996.307,865.0790757,4021.187519,14782.24789,206766.2214,0,1066.030936,1987.788542,1632.182212,22879.71411,4649.381644,174186,37884,3422.090478,9452.740122,122532.2998,1116.668804,25084.0024,881.150626,23136.18247,211.525888,2941.372253,13528.9981,187067.9034,467.5905937,3216,821.4742259,7713.460059,0,504.3148723,225.9629445,1366.438406
M192-Hippo 1462,0,0,0,0,0,0,0,0,0,0,0,0,0,0,0,0,0,0,0,0,0,0,0,0,0,0,0,0,0,0,0,0,0,0,0,0,0,0,0,0,0,0,0,0,0,0,0,0,0,0,0,0,0,0,0,0,0,0,0,0,0,0,0,0,0,0,0,0,0,0,0,0,0,0,0,0,0,0,0,0,0,0,0,0,0,0,0,0,0,0,0,0,0,0,0,0,0,0,2772.464752,74307.79607,164872.7985,655391.6459,21855.63503,54239.77898,674153.257,3518.096935,16807.37046,3424.087924,125007.8863,68633.03232,516968.8885,383.3055047,793.1566625,0,6257.920088,0,840,1020,131335.3416,0,265.0045137,176785.2653,742.8045012,60725.92579,0,4307.953054,0,0,2005.337176,0,3677.510037,8652165.726,348.206087,23722.9591,0,1164.752629,4440527.964,11084.11766,961.8187458,45456.52216,43,310.1317454,989.0502775,680.8952198,55370.74605,850.795261,7879.103913,0,4889.082329,5469.084796,52844.76996,318.158694,3698.006317,236.3186536,266.6734893,30350239.79,0,83980.07477,37345.14834,163.5697408,4629.739552,257543.899,7918.97201,401011.2298,17441.39206,236111.0657,210.6597707,4062.294184,1281.942352,13687.27299,770.8810146,14201.15231,0,11489.30893,2769.383863,45879.14851,239552.1562,2840236,0,895.9815159,46974.01466,3060653.56,0,1958.844139,193.5737803,4902.619651,360656,0,3694.972991,706.872682,3812.597773,4463.664624,144525.3793,0,834.5860015,7958.038063,249439.9189,22018.49015,225542,938775.1511,12194440.92,320.625192,4294.909263,4070.157866,247256.5515,1485.951289,69076.73598,265352.0274,6001.421217,70753.40995,0,984.529654,389.1320306,6517.227668,627.3348746,8101.965976,0,3250.550399,5080.603959,88049.3396,6353.634018,220278.5877,1448.528808,52715.72575,3832.700617,2995.153386,7686214.846,169513.3326,84154.81176,1152653,32.12823867,18729.23597,226.8404663,2317.094103,1304.802885,25718.87287,32088.61917,1156170.094,2803.805049,142188.0267,191893.1313,8655356.867,0,1340.288146,3444.783375,129658.6208,25006.29872,336060.635,1973.13596,5806.786166,0,1988.144436,6253.654553,70349.62427,1171.783821,5295.129568,0,3023.835874,3547.512828,58573.27192,3652.266483,51710.93404,744807.792,36634.84348,1530253.198,128546.4515,8815.984059,152.7205663,7979.377853,369117.2754,715.361009,25437.02413,0,7885.609433,2947.172048,30002.85916,2619.166056,95342.63269,0,2383.408372,2116.61869,79610,1583.426531,20443.04697,1423595.572,90432.64123,123811.7765,4871499.686,96.04103795,2714.141635,1553.855139,21241,80563.55679,1162700.38,1610.695401,5673.987014,19694.78742,288596.1882,0,891.9895875,1482.147656,1596.843164,24084.37021,7027.306483,344671,60446,14874.50191,12318.55781,206549.1421,2509.136237,27483.55214,903.8761652,45933.39329,316.5059419,5210.385499,18270.34493,308679.9086,914.9180558,4620,651.2440206,9837.582131,24.94915035,622.0032937,0,1924.648891
blk9,0,0,0,0,0,0,0,0,0,0,0,0,0,0,0,0,0,0,0,0,0,0,0,0,0,0,0,0,0,0,0,0,0,0,0,0,0,0,0,0,0,0,0,0,0,0,0,0,0,0,0,0,0,0,0,0,0,0,0,0,0,0,0,0,0,0,0,0,0,0,0,0,0,0,0,0,0,0,0,0,0,0,0,0,0,0,0,0,0,0,0,0,0,0,0,0,0,0,1030.467585,327.0572017,3729.204024,5767.149511,2584.721549,1090.905966,3053.869483,8.045308319,316.6195071,0,331.6521999,0,619.798746,0,337.4053324,0,366.2644846,0,7,19,1610.090067,0,0,1267.233343,0,0,0,0,0,0,0,0,0,41931.9174,0,185.3582423,0,0,921.6466257,0,0,0,1,0,0,0,95.44438644,0,0,0,0,0,0,0,0,0,0,20505.92093,0,0,137.474051,0,0,664.1247661,0,396.7909509,846.3492232,3933.702974,0,154.6292387,0,206.9100514,0,0,0,0,0,74.51785459,0,259,0.947251112,0,0,3461.202105,0,0,0,0,696,0,0,0,0,106.0483638,0,0,0,0,0,0,86,1072.715434,10251.03909,0,0,0,0,0,0,125.0214616,0,0,0,0,0,0,0,0,0,0,0,0,2.353225361,0,0,0,0,0,9149.967369,0,0,12529,0,0,0,0,0,0,0,1143.411168,0,0,442.8420338,8283.542662,0,0,0,0,0,217.3885596,51.28909998,0,0,0,0,0,0,0,0,1512.81066,0,0,0,233.3167663,3866.656799,0,942.1620237,135.1490236,206.9937022,0,0,131.8720352,0,0,0,0,3.004111717,0,39.20975971,0,0,0.488572588,0,61,0,0,2503.102545,125.5381962,0,1340.498012,0,0,0,30,0,398.2713983,0,0,0,723.6972352,48.50691909,266.0364975,208.1899208,0,136.4037366,0,135,204,55.50081426,0,250.7675045,0,0,0,0,0.067861848,0,0,1298.542183,0,22,0,222.4317187,0,0,0,315.0546331
M193-Hippo 1463,0,0,0,0,0,0,0,0,0,0,0,0,0,0,0,0,0,0,0,0,0,0,0,0,0,0,0,0,0,0,0,0,0,0,0,0,0,0,0,0,0,0,0,0,0,0,0,0,0,0,0,0,0,0,0,0,0,0,0,0,0,0,0,0,0,0,0,0,0,0,0,0,0,0,0,0,0,0,0,0,0,0,0,0,0,0,0,0,0,0,0,0,0,0,0,0,0,0,6669.500261,152071.3318,491651.9609,1454765.98,50406.32705,145363.7182,2133957.418,10637.85276,52632.95989,13745.38236,452217.4278,243002.5591,2263516.924,695.4570065,2934.9364,0,20143.00555,0,1189,2453,562011.8766,448.9320457,1488.478455,920916.0391,3097.93858,176154.2281,381.7522956,18617.52901,1146.053938,504.2851578,4798.109783,0,6686.205665,12495499.45,909.0579869,33510.29639,0,982.3950264,6125711.484,16289.60995,1005.846065,43902.89929,633,0,908.0068265,1487.550678,63771.37573,1084.022673,9165.312875,0,10720.87301,7997.800054,85151.87442,158.4999163,5126.020604,1004.767869,273.9551286,31003021.81,0,76309.63492,80012.25389,129.5016766,5736.638246,359938.2726,11351.8148,487256.1874,20651.71368,328354.7262,709.1883305,4084.003086,857.5039492,16317.71881,275.1787832,21366.43056,357.54973,20267.81404,3762.010899,49404.45431,369159.2634,4794666,487.562664,66.46141996,64206.05102,4148147.688,138.7936401,3529.207521,301.3044414,5184.134463,742363,0,3616.065507,1909.472624,7262.434233,6417.673726,218069.7904,0,121.4860939,11367.9511,453351.3261,28915.79149,317732,1406908.169,22293277.76,830.2824941,8015.506096,10668.97781,506521.3728,3117.749084,115398.6895,590268.794,9733.903577,90467.31416,263.4663384,2994.188921,2615.372367,10496.49644,708.672719,17583.04982,0,5547.663261,13832.5954,196081.1494,9475.124254,494494.0601,2109.935998,100006.3123,1545.807975,3746.483425,12270857.4,216155.4835,165014.1484,4300100,63.8666386,39608.78362,310.6645361,2235.212234,1356.949324,42808.33954,51267.47949,1974279.482,5453.553812,221871.8944,297620.4971,17968003.34,0,2782.641545,8024.929701,247941.3503,50703.73206,777100.0299,4344.918159,12118.12421,169.5002806,2424.537494,9498.897364,144921.6719,305.5916336,11474.32199,287.4064975,4899.296284,5366.038477,101796.3416,8980.368035,139348.4488,1756237.527,62435.67212,2450756.102,289114.488,11988.95167,0,16954.45506,704760.3932,1079.702316,45778.02963,503.8751045,13536.4538,3416.828357,64790.73076,4568.338667,165531.6888,102.7910281,3123.086653,3984.315637,128367,1870.864869,35349.41519,2895792.949,124383.5147,239829.6566,8277060.898,16.98279325,5899.684642,2519.502761,41460,181555.2917,2297786.183,2296.765478,9254.986082,39103.29211,489075.7077,0,1429.463865,387.049374,4304.34103,73401.01534,15650.52726,577505,136255,28942.87527,24547.25296,333519.3043,3267.935751,59306.5461,2732.563648,81135.81494,625.6854882,9027.701221,38789.22513,579567.415,1394.129005,9995,1818.927038,19065.15688,0,1216.458704,249.1188568,2664.275633
M194-Hippo 1464,0,0,0,0,0,0,0,0,0,0,0,0,0,0,0,0,0,0,0,0,0,0,0,0,0,0,0,0,0,0,0,0,0,0,0,0,0,0,0,0,0,0,0,0,0,0,0,0,0,0,0,0,0,0,0,0,0,0,0,0,0,0,0,0,0,0,0,0,0,0,0,0,0,0,0,0,0,0,0,0,0,0,0,0,0,0,0,0,0,0,0,0,0,0,0,0,0,0,2973.39554,68967.69881,197847.2704,641511.4731,23189.78271,57953.31901,757760.6407,3995.471943,18196.41034,4270.311261,132345.4042,73892.90079,576073.9691,507.9854601,1430.494737,0,5206.118948,0,473,1050,109958.6844,0,598.4639461,262178.0527,822.4091129,49280.42389,145.8409399,3822.499301,564.241134,144.0583772,2195.728659,0,3299.042857,11857315.24,599.8149389,27125.45483,0,819.9134941,4356409.657,12822.08233,1075.80943,44654.13199,295,184.3752706,865.3153222,876.1243258,77836.84832,685.1491249,9306.038694,0,6290.654388,4511.043023,65415.98315,206.4408578,4031.161183,718.4946463,339.9471352,29242826.44,0,68755.52305,72757.01662,135.5157409,5160.733973,311582.7817,10470.44921,438221.681,21724.73818,214138.1833,338.7098903,4570.291341,904.0304529,15194.00458,205.4229361,10716.94543,302.2997691,9874.060995,2398.794538,38446.00123,248421.9818,3672555,282.287982,69.97016826,51667.41216,3367599.712,0,4395.202521,298.2708202,6871.51876,670190,0,1032.387353,1416.799509,2755.364236,3452.53358,157355.2901,0,885.9578875,6525.029976,268235.1711,16145.79858,210217,1100418.579,13550173.16,0,4343.763391,5405.146273,179785.4275,1531.362538,66591.86068,249805.6033,3617.46682,57352.56685,234.5288346,1989.770639,3994.264318,10511.95829,580.6427908,12271.38142,421.867796,3188.380938,9541.426583,98278.80046,4501.974156,218940.287,772.5040651,54485.51717,690.8797375,2827.167302,11113965.11,190437.5212,90689.75697,1974095,70.12078088,26606.59044,0,1036.48709,714.2155769,34960.84244,35829.74693,1644292.317,6344.074988,147661.1215,342972.3087,12061571.5,0,788.5468354,2403.135009,144362.3748,22374.82996,432064.8757,846.0269689,6518.124339,388.5240818,2104.589898,6145.894733,69302.32522,181.676718,8604.24934,186.6946889,3987.626409,3293.413606,50866.53634,6883.371012,70726.3211,956282.6803,37532.19691,1648900.323,85343.62755,7417.729878,0,10287.05736,434835.2198,282.7435657,28052.62516,335.1056844,5685.279763,1894.603092,27010.13098,3252.712501,132860.9438,0,1739.680004,2779.083642,90515,1380.67695,16460.01505,2204926.003,87649.25234,178555.5994,6607142.378,0,3161.969276,1163.577337,23231,101764.227,1423468.326,985.550694,5370.450845,26320.73491,296368.2678,126.2953223,1231.047175,889.9437887,2189.08138,37908.74159,8254.520026,362153,89909,102.4345101,15101.8378,187568.6585,2759.419141,32785.31293,1481.546945,54645.27399,467.317979,6143.260985,24965.51643,348830.3845,713.7453721,5765,1134.646142,10185.73701,0,1364.044664,240.6550865,1820.164455
M195-Hippo 1972,0,0,0,0,0,0,0,0,0,0,0,0,0,0,0,0,0,0,0,0,0,0,0,0,0,0,0,0,0,0,0,0,0,0,0,0,0,0,0,0,0,0,0,0,0,0,0,0,0,0,0,0,0,0,0,0,0,0,0,0,0,0,0,0,0,0,0,0,0,0,0,0,0,0,0,0,0,0,0,0,0,0,0,0,0,0,0,0,0,0,0,0,0,0,0,0,0,0,1710.475999,59316.05261,168510.1676,529909.6004,16066.39236,52057.73123,681714.5479,3743.563687,15450.45607,3785.640728,122955.2623,68729.77723,542400.9672,517.678592,1034.629599,0,4604.393046,0,365,1186,85443.98044,140.6446692,306.1367444,127077.4527,559.7476566,57342.62501,0,2596.746445,164.3882138,340.6352804,1188.12969,0,2464.25257,7579825.173,259.8853094,18820.29709,0,1061.284753,4516375.678,9822.866545,1170.66792,38568.37102,99,0,1215.728306,732.889766,46842.9423,385.5397333,7728.146679,127.5790919,2122.891338,4294.250713,53432.15639,272.4067955,3083.815361,197.8100285,263.9156927,31610734.17,0,87449.7742,34318.86644,127.6369002,4201.464237,186301.1332,8260.400913,290999.7961,16999.02179,227543.5552,156.9363648,3434.986875,1310.879468,14442.17203,163.5553221,12706.52062,344.0140943,10100.42635,2073.439626,35210.89428,200801.523,3703083,0,58.51704347,48659.02027,3105218.312,0,1161.702875,359.1646026,4864.556631,310110,0,845.0791704,473.839546,2281.430058,3541.897303,140028.6886,0,610.3834854,4395.04282,247247.1938,21662.5022,229186,968699.8543,12856458.05,267.3114194,4199.614012,4582.802746,229115.4732,1725.328345,67292.83107,215176.7273,448.4625024,68217.89897,38.38499968,1500.450027,4483.221032,6043.427778,537.102657,8415.775334,0,2056.778255,5695.663137,82456.76924,4212.204876,174221.324,0,60037.79301,2586.267652,3188.686399,5118202.64,130691.1686,81194.26277,1078452,43.7928868,17010.30306,0,1584.923393,663.8473412,19118.9877,26659.47105,1291684.829,3397.254298,121423.8391,176442.5946,9088808.965,0,752.1912735,2998.521916,110340.8647,27663.78949,360835.9149,1698.1313,7550.454805,122.6417439,1495.695975,4154.723797,72390.6387,1502.62657,6158.055376,117.3134974,3655.14062,3331.24548,48042.25306,2298.049864,39992.18767,619597.3266,26552.92712,1259158.249,105060.1691,7448.832357,61.48527222,8858.92266,320617.7789,813.8098601,25227.72375,288.7054202,5246.972423,1482.192847,29442.75872,2198.166568,96680.54885,0,1336.541092,1866.943166,95564,1055.965289,17746.80132,1098237.551,77760.22159,118120.2519,4066380.923,0,1619.033219,1763.794406,23665,79298.18648,1399637.474,1024.833154,4971.278357,17044.35594,286487.517,24.36952735,955.0948791,623.3287413,1764.926478,26290.51675,4762.906706,292951,59467,0,11263.11138,164892.7772,1240.668056,26339.94284,537.8625801,32337.04042,429.5184952,3725.190862,17739.62432,237724.2654,666.8690552,4939,840.4899812,8619.185627,0,582.5504492,186.4295572,1412.433534
blk10,0,0,0,0,0,0,0,0,0,0,0,0,0,0,0,0,0,0,0,0,0,0,0,0,0,0,0,0,0,0,0,0,0,0,0,0,0,0,0,0,0,0,0,0,0,0,0,0,0,0,0,0,0,0,0,0,0,0,0,0,0,0,0,0,0,0,0,0,0,0,0,0,0,0,0,0,0,0,0,0,0,0,0,0,0,0,0,0,0,0,0,0,0,0,0,0,0,0,101.74978,259.8536396,2204.54061,5976.86254,2044.825198,2283.905112,2755.826553,0,404.3549201,0,260.8810724,0,704.0305074,0,164.7586072,0,0,0,6,27,2003.046825,0,0,1729.907362,0,0,0,0,0,0,0,0,0,35494.83831,0,0,0,0,1226.204029,0,0,0,0,0,0,0,0,0,0,0,0,0,188.3202539,0,0,0,0,17044.53706,0,0,827.8918651,0,0,1189.519814,0,564.6382288,376.5596846,5447.420568,0,341.7145917,127.8119439,0,0,0,0,0,0,0,121.9476017,1204,0,0,0,4388.068124,264.5012976,0,0,1.367261163,1508,1.340769838,0,0,0.383124023,0,0,0,0,0,246.0259179,0,187,1914.416442,14465.63554,0,0,0,143.9079303,0,0,248.7919624,0,0,0,0,0,0,0,0,2.938618195,0,0,0,0,0,0,0,0,0,18207.91739,179.7822143,0,14236,176.2557843,0,0,0,0,0,0,2057.172131,0.992638223,96.68777921,0,14654.97095,155.4549336,0,0,0,0,214.8975146,0,0,0,0,0,0,0,0,0,1709.242167,0,0,0,116.7770482,5291.068044,0,1904.515801,0,357.6095002,0,0.160550339,543.9382132,0,0,0,0,0.205312744,0,0,95.35872206,0,0.273207305,0,2,0,0,4672.09692,40.52715451,0,2816.494146,0,0,0,35,0,546.4786615,0,0,278.5564664,1116.216846,0,298.5607808,0,0.948274,154.2574026,0,130,711,233.0547023,0,242.9175096,0,8.276132273,0,0,0,0,91.97775904,1330.979324,0,19,0,192.0061564,0,0,0,397.8965075
M196-Hippo 1973,0,0,0,0,0,0,0,0,0,0,0,0,0,0,0,0,0,0,0,0,0,0,0,0,0,0,0,0,0,0,0,0,0,0,0,0,0,0,0,0,0,0,0,0,0,0,0,0,0,0,0,0,0,0,0,0,0,0,0,0,0,0,0,0,0,0,0,0,0,0,0,0,0,0,0,0,0,0,0,0,0,0,0,0,0,0,0,0,0,0,0,0,0,0,0,0,0,0,1673.842014,46409.7257,168591.6939,445006.3534,15856.91376,50618.11687,648495.6148,3371.074244,14818.34499,3572.243213,115783.7617,69862.82991,450952.3194,276.9827907,906.8169581,0,3353.21733,0,450,643,54937.59043,0,0,89167.37703,236.4044439,32083.24555,98.17061881,2572.39063,214.9171968,0,1370.385995,0,2782.974991,7309488.057,674.3459451,18413.62123,0,1557.296804,3264438.194,10568.84149,1556.506561,59884.19705,125,201.5701804,1314.970764,550.9922524,56481.19958,396.5994885,8665.713407,0,3235.740596,4640.89278,57467.81494,300.2897557,3123.937317,397.1567052,243.9601204,31647938.45,0,64173.00886,39820.25294,23.75930741,4939.292277,322307.7189,8283.214365,420656.8814,20527.08439,245466.8568,344.6077093,3847.151389,1220.062529,13684.58757,556.4591433,16138.46405,384.1688886,12555.34389,1687.379699,33274.08981,194388.4458,2938240,149.3976094,258.8317436,50750.28046,1921604.187,91.1416531,2135.239499,792.8827674,4719.203465,357150,0,3737.030613,954.734524,4038.097022,3976.149281,150271.3048,0,1151.274926,4906.51875,268569.2991,14296.73064,215129,863856.9665,13766892.34,117.518824,3251.115613,5840.443011,252383.838,1074.662419,62700.2486,295150.4902,5173.197872,57083.17801,0,1547.601264,3534.345061,6663.571664,179.6398331,10458.32469,173.9440469,1900.06767,3959.995069,76745.19552,5512.139439,183362.7233,1699.391487,36363.08259,2058.206629,1943.64775,4558778.366,110543.3611,66841.71941,924907,97.45776995,22019.91862,2.978430979,742.5516632,398.2168533,22216.07015,30518.73045,1144736.547,3258.821156,117501.8031,178585.0005,9198167.458,0,1550.570948,2819.646004,106757.0513,24913.51626,232974.2638,1543.017794,4024.976124,0,1447.900468,4982.185492,68494.70495,588.3017672,6399.36732,0,4744.585574,3096.22472,45456.00709,2573.499855,45355.44167,518139.5489,31986.47226,1217471.376,107310.804,6420.305303,107.5994476,5773.532546,359280.2852,808.0905446,26668.66601,220.8048278,5030.032633,2539.332467,32520.7708,2205.887631,107515.5971,0,1730.382208,1966.794133,58210,1340.975389,14128.84749,1144612.72,78335.02156,105915.8075,4223386.034,0,2285.399542,1695.717303,14118,71898.20965,1176752.412,937.1444438,4400.047239,17585.30764,260592.0885,0,1094.116714,1004.781982,1308.141905,24962.68597,6328.812605,226831,45321,0,8777.393508,154305.3466,1170.896677,19441.25292,711.3806821,27718.15317,471.8257757,4203.510352,14310.66547,229525.2782,638.7919694,3356,448.3546824,6978.866988,19.4282775,699.5747486,199.8982031,1569.277142
M197-Hippo 1974,0,0,0,0,0,0,0,0,0,0,0,0,0,0,0,0,0,0,0,0,0,0,0,0,0,0,0,0,0,0,0,0,0,0,0,0,0,0,0,0,0,0,0,0,0,0,0,0,0,0,0,0,0,0,0,0,0,0,0,0,0,0,0,0,0,0,0,0,0,0,0,0,0,0,0,0,0,0,0,0,0,0,0,0,0,0,0,0,0,0,0,0,0,0,0,0,0,0,3975.436749,87620.1284,191693.8782,714223.407,24689.51251,58907.41642,765412.7422,3573.303499,17371.80385,3944.511889,136212.6461,79956.09356,629756.7708,745.3552213,1542.0062,0,5971.870021,8.716929462,579,990,142698.864,0,491.3773146,230873.6907,413.4718716,69880.83921,0,6113.078611,231.644101,190.1722149,3136.624959,0,4259.585247,9252915.416,452.1367164,23404.5155,0,1724.400825,4428447.126,11068.16523,1178.75119,49812.14332,0,0,874.1572599,1044.642647,69619.9699,829.7868856,7873.085151,0,8345.442002,6527.036974,79084.59291,424.1832464,3355.516968,583.4745571,282.2330214,33756440.67,0,76744.0751,52759.09479,0,5364.687924,287874.5852,8924.231766,373136.1862,15696.28465,216513.2146,241.3005716,3674.38345,1117.935236,13955.30648,724.4084792,24937.05177,288.2658247,13452.6851,2512.24905,42489.42149,282739.2431,4145746,215.9949834,527.8620049,62376.1897,3846757.384,387.2609267,1219.75539,716.1457812,5165.213206,501146,0,3560.998361,1004.286131,402.3315283,4503.503576,191385.0452,0,1132.21164,6030.822057,325600.1582,20008.25143,216729,1015356.379,14243523.09,460.5989471,4664.778182,5462.698022,286966.7423,2148.040583,107247.8474,424705.2562,4516.501303,69636.83173,0,2066.588485,4067.917092,6169.369933,0,11349.61337,162.3339795,2878.797638,7788.471052,115300.7196,8223.574962,275436.6026,2902.819792,60641.31907,2286.505412,3049.654234,8323909.614,160428.6626,94081.51109,1682704,0,27949.33584,0,1646.919756,720.4936818,25675.69909,36211.22666,1564808.092,4387.22918,162351.7403,257340.9961,9144641.95,0,1541.42096,4289.773409,164801.625,28258.56324,347256.7749,2416.548597,5736.092317,0,1845.048701,4309.204006,88627.83481,107.643419,6214.621801,305.6423692,3302.277431,3945.417791,62688.17653,4508.237294,67164.0043,905611.0655,33498.20716,1300190.394,172901.5474,7869.146648,78.06474851,11771.35913,531186.1984,766.4518047,34779.08426,221.0638674,6124.711472,2795.706666,42214.95312,2759.63949,112591.5342,180.8468828,2537.004054,2174.375811,83535,1813.828602,25487.20692,1628860.416,88972.90964,167052.1076,6091086.676,0,3495.760526,2570.641774,26085,87955.66599,1362072.685,1431.689891,4008.631009,16399.61751,303659.906,0,1508.995984,2689.006333,2376.15415,31766.05803,7312.092554,305723,63009,5144.811015,13389.60008,160311.423,1679.13976,29986.60029,1565.07103,50482.2787,375.7997439,5895.433573,19599.97264,275539.8312,670.7627321,4711,635.6829553,9121.832606,0,1075.185362,0,1794.737361
M198-Hippo 1975,0,0,0,0,0,0,0,0,0,0,0,0,0,0,0,0,0,0,0,0,0,0,0,0,0,0,0,0,0,0,0,0,0,0,0,0,0,0,0,0,0,0,0,0,0,0,0,0,0,0,0,0,0,0,0,0,0,0,0,0,0,0,0,0,0,0,0,0,0,0,0,0,0,0,0,0,0,0,0,0,0,0,0,0,0,0,0,0,0,0,0,0,0,0,0,0,0,0,1560.513018,50792.92514,164876.0343,487760.6965,17277.70665,51385.17018,630095.5375,3294.891396,14217.31457,3589.900473,117839.7902,61825.71219,468924.9801,360.2449826,545.8983368,0,3462.950377,0,459,626,65057.72213,0,157.4791795,115083.9298,134.1015831,35159.25097,32.5981611,3257.095867,144.4824894,182.3565802,1015.954241,0,3036.821782,8323416.823,615.6703951,21492.36481,0,818.4587055,4921210.538,10737.71125,959.4249982,57166.26327,27,0,765.2209139,868.1678778,63387.53181,308.0324005,7123.887687,189.8880171,5812.867437,3297.414552,59969.61478,416.8410127,4277.543969,277.1583727,0,30805911.93,143.8515095,81885.45577,50634.93271,172.0803846,5763.393538,369792.0042,8478.105208,464319.9759,16191.81611,223419.1102,160.1826607,4149.991697,1045.586079,14868.66673,167.9541868,12762.23229,265.3111259,9748.568812,2411.881979,31394.85115,192549.7324,3000938,0,0,40306.32617,2613079.832,0,2545.212184,447.056447,6500.824905,440354,0,3659.017117,260.5782993,2264.169467,3572.011297,154026.3438,0,1041.080167,8302.897284,308248.189,13961.36973,150054,812477.5341,12633494.82,146.8171358,4299.530047,6043.389284,198640.3438,2046.381708,81426.86763,250103.3338,4557.689582,53915.65426,221.0912874,1171.774297,4994.00948,4700.721586,82.92095331,8402.919228,0,2475.299045,4637.208209,91879.35301,5521.898858,240549.7217,1550.233942,50923.59715,2831.713681,1592.516881,7053423.704,175735.7406,76292.57477,1163282,39.8084122,23874.55551,0,1759.4447,682.4600284,19368.74713,39601.21187,1280666.507,3556.81107,155881.0808,189553.2066,8297579.182,84.21426389,1501.737537,2842.485945,155660.6324,21635.38913,257910.9528,1801.191184,6095.715356,202.4515008,1442.005705,2877.642274,68799.37873,2425.093363,7958.071983,0,5210.196886,2941.074235,46827.74361,2665.720477,47232.26673,674963.0485,33078.03688,1503531.789,137605.8859,10753.52926,0,8594.669088,384612.422,557.2668948,27964.26324,310.5052422,6468.914287,2308.809121,27185.38806,3253.595669,112302.5523,0,1435.866457,1290.290668,79045,1151.233369,16787.91406,1411306.631,77652.20974,138588.6582,6618202.921,3.190322578,2482.429982,2023.100179,22913,75712.3943,1131471.825,892.0252363,4398.284454,12985.99593,222897.5382,0,922.0813613,395.7411867,1747.110827,22486.89315,6624.034127,347443,54933,18104.06457,8367.823235,131267.8443,1431.789604,21280.44549,537.79554,44391.34808,0,3423.806169,16459.18056,192926.0285,655.3493244,3516,706.6074825,7817.878028,24.95376677,885.7039998,162.3375748,1500.271604
blk11,0,0,0,0,0,0,0,0,0,0,0,0,0,0,0,0,0,0,0,0,0,0,0,0,0,0,0,0,0,0,0,0,0,0,0,0,0,0,0,0,0,0,0,0,0,0,0,0,0,0,0,0,0,0,0,0,0,0,0,0,0,0,0,0,0,0,0,0,0,0,0,0,0,0,0,0,0,0,0,0,0,0,0,0,0,0,0,0,0,0,0,0,0,0,0,0,0,0,270.8951586,286.4888639,2295.998413,4670.648725,1566.16188,1302.756268,2694.851354,40.36722464,524.6803557,61.11338156,342.6173188,0,1022.183797,0,0,0,170.3012404,0,10,17,1754.019849,0,0,1051.63938,0,0,58.28163804,0,0,0,0,1.291461863,0.606106401,41824.09776,0,168.1558089,0,0,349.6330611,0,0,254.6171076,1,0,274.6574477,0,0,0,0,0,0,0,150.3949476,0,0,0,0,39000.89942,0,0,615.5474209,0,128.7256447,2769.12039,0,1985.969442,1552.193236,7416.708536,0,173.5811267,0,0,1.554975081,0,0,0,0,0,293.4446119,2907,0,1.213469396,0,3469.579982,0,0,0,0,2871,0,0,0,0,0,241.4464491,0,0,0,644.1870702,0,410,933.296139,32316.56212,0,0,0,408.0298953,123.0301773,0,1464.174299,0,0,0,199.9450682,0,103.1445932,0,0,0,0,0,0,0,0,0,0,0,0,22754.62958,223.3974872,0,30165,0,0,0,0,0,220.9975031,197.8212463,5319.496998,0,376.2464742,506.9840607,33363.21332,0,0,260.0297745,0,189.5776577,163.3028469,0,0,0,0,0,0,0,0,0,2170.305392,0,223.3699695,0,439.6047759,9916.459338,0,2603.493802,657.3840879,95.33494245,385.1021413,0,557.6249789,0,132.2663184,0,0,0,0,0,0,55.6327571,0,0,71,0,95.41996126,11258.5111,444.1005267,239.647925,5821.782142,0,0,155.4826655,25,0,1996.839848,0,0,56.7858888,2778.566242,0,577.038737,253.9398359,0,196.8066991,0,354,833,848.5878862,0,102.1931564,0,0,0,0,0,50.04792405,175.5723686,3004.918049,0,16,0,432.7768264,0,0,0,592.3591642
M199-Hippo1981,0,0,0,0,0,0,0,0,0,0,0,0,0,0,0,0,0,0,0,0,0,0,0,0,0,0,0,0,0,0,0,0,0,0,0,0,0,0,0,0,0,0,0,0,0,0,0,0,0,0,0,0,0,0,0,0,0,0,0,0,0,0,0,0,0,0,0,0,0,0,0,0,0,0,0,0,0,0,0,0,0,0,0,0,0,0,0,0,0,0,0,0,0,0,0,0,0,0,1976.932908,59244.56119,164696.1236,549536.7078,19231.10907,48980.49528,628306.5243,3237.88575,15103.96888,3359.616423,116396.7857,67246.49882,471029.5122,636.082,1185.053337,0,5358.590735,0,622,954,79132.55215,0,213.3242947,146712.7449,414.5778801,47818.46502,0,3939.94607,362.2513881,210.2659721,1619.06484,0,2413.743412,8401233.222,519.1859205,19502.02431,0,1045.342997,4306502.298,10621.66916,1079.369164,45546.18826,349,0,817.2624468,1129.353769,60727.49316,764.8564518,6466.577321,0,5217.899756,4600.010429,48645.9115,175.3591744,3502.01378,847.2936715,417.9281128,31724430.4,0,79708.73688,52502.15934,0,5787.256258,315306.3378,11030.98766,438634.7673,16958.72031,274614.5242,535.8647573,3145.853954,812.1033057,11727.64846,529.6599277,17095.1366,305.9100738,14620.95637,1740.16667,30437.89361,208509.4125,3373792,366.4869546,53.62314973,59923.70114,3375387.269,0,3723.812998,256.7549015,6700.081303,492514,0,4808.788999,304.1631082,4040.598328,3481.551768,165327.3216,0,1113.745592,6510.946358,279039.3349,14148.92186,181475,869540.7203,10365791.52,0,3300.919167,6586.157874,252127.5869,1365.158401,65330.10942,237730.9942,4548.372469,62907.96229,0,1346.147752,1669.428155,7577.510356,33.35012053,10209.88216,167.7983072,2675.978177,4855.889624,82228.92498,5569.13228,196453.5143,1653.884683,54848.19693,3878.947199,2055.628205,6833919.546,177314.0275,72124.00135,1680558,0,18628.91942,0,1217.593366,337.649286,20332.77499,36420.57627,1572000.145,2590.223899,174101.9166,205542.6044,9460553.101,0,1628.58708,3107.76019,150777.5605,25445.75091,364947.9834,980.6977614,6144.11678,288.1225721,1743.378141,2677.979942,57680.26244,593.1927932,7995.731074,254.6136001,3555.318927,4042.276447,53710.78723,3804.454444,61594.53697,721914.4079,27860.1984,1741693.842,146418.5034,10256.90166,0,11795.72955,491675.0384,341.7609544,33299.17651,111.2409592,5423.392591,2192.673391,29067.94516,3052.99607,114543.2285,0,1985.806444,2602.446124,81943,781.717028,19677.58815,1388182.486,69500.62423,126553.4427,7513955.859,0,3086.86045,1873.909587,16419,92675.78591,1096670.842,1645.866942,4687.832514,20424.06777,316879.7622,224.9583749,1454.031655,2164.370989,1770.500727,26185.7696,8989.542801,290846,60260,1663.923147,9910.167683,160568.0713,1496.30706,22047.82867,1338.196727,45331.56301,209.9101475,3656.904658,20995.76553,225402.011,890.7741276,4430,542.6828568,7265.917578,0,767.9954656,78.22057375,1905.039909
M200-Hippo 1982,0,0,0,0,0,0,0,0,0,0,0,0,0,0,0,0,0,0,0,0,0,0,0,0,0,0,0,0,0,0,0,0,0,0,0,0,0,0,0,0,0,0,0,0,0,0,0,0,0,0,0,0,0,0,0,0,0,0,0,0,0,0,0,0,0,0,0,0,0,0,0,0,0,0,0,0,0,0,0,0,0,0,0,0,0,0,0,0,0,0,0,0,0,0,0,0,0,0,2172.036296,46359.53912,182366.6398,564206.3692,19940.34293,58154.00778,642441.3398,3336.260316,14044.79582,3175.067964,112993.2417,56797.32264,510151.1587,432.9840582,817.2924783,0,4202.834207,0,485,680,71657.18872,0,281.632132,125076.5854,425.0699457,49067.18822,0,3331.98484,325.2630087,0,1425.347738,0,2767.715377,9128438.607,402.5742016,24102.61595,0,776.2083495,3409832.646,8548.171332,1200.375254,44514.22328,127,0,1098.803556,696.9543838,51264.62629,651.8234305,6555.905488,156.8644909,5849.475971,4213.897244,42501.83525,0,2681.850172,559.1186946,590.3291293,32854188.15,0,82706.35871,55128.68155,52.58493586,4170.135371,257002.5385,9174.425467,429963.9741,15120.42968,264994.6596,0,4584.571513,991.7368253,16323.78618,251.1623288,12152.86618,414.0836858,9254.066497,3243.029908,33711.77666,196839.3329,2651246,0,376.1340511,45638.36022,3463727.567,0,1435.671804,642.0477338,5349.889751,456145,0,2468.809524,893.4163902,2734.681589,4817.318764,122250.1249,0,728.6914829,5580.286135,284137.5738,22917.00097,185826,939011.8134,15522082.55,323.3596645,3503.047962,5097.072893,171766.4981,1141.465111,63613.4895,346305.5808,3329.259435,45337.41254,185.331436,2685.744106,2490.660197,7143.786791,141.283003,10690.918,0,2674.22051,5996.859455,82223.06352,6244.325696,226295.0841,811.5683025,46652.33752,1952.823648,2129.512753,6078374.179,123751.8536,84073.14187,1194639,134.0486742,19750.94103,0,1455.264325,481.4307691,27439.50334,32439.97445,1232805.861,2996.290377,144767.9161,177209.7445,8378343.394,243.6115214,876.7419696,1988.631435,103530.202,24814.70307,308943.9408,2062.485848,4721.936778,0,1187.941516,4819.920157,55738.29224,2484.7842,6036.48005,448.2915232,3195.879728,3135.018896,42776.24295,2777.676897,53979.10992,716517.9855,32919.8015,1358234.654,104722.8731,1189.044133,35.43228492,6954.864587,319204.7664,477.7884015,36995.01601,237.2633302,4210.643239,2181.571141,35602.13361,1962.810236,95407.27752,86.06424955,1526.717623,2432.109996,68246,176.127673,14973.30008,1287960.179,67105.06707,136309.6592,5808299.829,0,2752.811392,1631.494442,20834,89277.77794,1163130.936,912.0339759,2687.629287,26316.64768,328492.9693,0,1506.679954,1069.139288,1848.649068,26033.13913,6166.12571,255612,69495,3030.574038,9502.502252,172715.4146,1219.747605,24317.33715,813.7113391,45136.28238,237.385687,4976.24056,17378.98921,243330.4674,652.125563,4068,869.2705667,8474.343359,0,775.4531437,103.650192,2090.944997
blk12,0,0,0,0,0,0,0,0,0,0,0,0,0,0,0,0,0,0,0,0,0,0,0,0,0,0,0,0,0,0,0,0,0,0,0,0,0,0,0,0,0,0,0,0,0,0,0,0,0,0,0,0,0,0,0,0,0,0,0,0,0,0,0,0,0,0,0,0,0,0,0,0,0,0,0,0,0,0,0,0,0,0,0,0,0,0,0,0,0,0,0,0,0,0,0,0,0,0,306.9474726,571.9567097,3194.586834,7282.409092,875.5910264,1317.974118,1651.181767,24.81694393,384.2958826,0,240.1012192,246.7277861,860.7241356,0,0,0,111.0229777,0,0,14,2006.144701,0,0,991.8411197,0,0,0,0,0,0,0,0,0.559084559,39333.82902,0,0,0,0,1249.183002,0,0,0,0,0,0,0,0,0,256.6442662,0,0,0,290.6492021,0,0,0,0,13340.6014,0,0,302.4028601,0,0,2106.233043,0,1268.276768,828.1983978,5668.001955,0,189.6724927,0,0,0,0,0,0,0.364636928,0,249.0864693,1367,0,0,0,4679.116903,0,0,0,0,1358,0,0,0,0,0,0,0,0,0,0,0,133,1844.55678,18707.02719,0,0,0,201.9754215,0,0,224.5142735,0,0,111.4358617,243.4388717,0,0.489618276,0,0,0,0,0,0,0,163.7332198,0,0,0,0,14086.23984,362.1794734,0,19492,0,0,0,0,0,259.0213293,0,3562.987276,0,168.7311177,508.9843348,18664.31937,0,146.580717,0,0,0,58.82122133,52.20660176,0,0,1.084907304,0,0,0,0,0,2424.187983,0,0,0,254.4411663,5020.475191,0,1513.120421,179.9876519,0,122.1428213,0,337.1731033,0,0,0,0,0,0,0,0,2.362626155,0.736789198,0,106,0,0,6192.025979,147.0498157,0,3840.982773,0,0,0.690844176,29,0,885.5321752,0,60.13257844,348.6945503,1516.762725,0,133.5340233,26.45594259,0,0,0,344,124,228.5534161,0,716.0326944,0,0,0,0,0,0,0,1082.7906,0,42,0,265.6983921,0,0,39.31179837,413.0457683
M190-200bQCHippo4,0,0,0,0,0,0,0,0,0,0,0,0,0,0,0,0,0,0,0,0,0,0,0,0,0,0,0,0,0,0,0,0,0,0,0,0,0,0,0,0,0,0,0,0,0,0,0,0,0,0,0,0,0,0,0,0,0,0,0,0,0,0,0,0,0,0,0,0,0,0,0,0,0,0,0,0,0,0,0,0,0,0,0,0,0,0,0,0,0,0,0,0,0,0,0,0,0,0,1605.346449,51780.73279,173127.083,424232.3838,15151.57565,55787.73021,669379.0979,3689.124229,15549.50234,3951.919973,124993.2023,68452.71651,475073.9631,332.116461,1016.755777,0,3772.662698,0,353,429,51912.84003,0,134.6637475,112530.3206,441.8901132,39491.55924,0,2314.765731,0,0,1105.993846,0,2674.599862,6803371.894,0,18555.67433,0,1412.275795,3856725.385,9585.498506,1046.933988,51493.24456,99,0,535.8824122,955.9729828,51352.30536,277.6636625,6875.288361,0,3775.540132,4016.182727,48320.01562,316.4008637,3320.136988,0,0,30427936.77,0,76227.26136,46734.28266,0,4359.648489,260661.944,7856.008624,396389.2159,12817.51946,222491.4587,459.6266351,4399.158719,1208.017347,11011.47515,719.0307052,12851.76074,470.7600831,13949.27811,2417.362537,23834.50879,179986.4594,2549430,0,0,39257.01833,2697238.869,0,2370.211138,299.3387688,4778.795992,404073,0,3465.336636,437.3210724,2367.257946,3701.871529,133774.7612,0,678.7180787,4703.936941,207467.5854,17397.08932,196729,829441.1909,10404823,0,2490.847371,4110.038668,212153.8997,1775.723901,71590.92077,206083.748,3012.619093,56417.91207,0,1751.508435,278.9421851,5122.093062,219.2098228,10274.13266,0,1628.608424,4677.77275,66625.71403,4746.387202,179900.4582,995.2519631,46283.76933,2349.660085,771.2896926,5676842.74,138952.0224,60219.90021,1115271,0,18248.04934,0,1903.644354,806.4790001,18516.95463,33189.74181,1332733.073,4351.731331,157228.5495,182428.6591,8517706.98,0,1097.095264,2134.300966,118461.8485,14113.69622,251610.5137,828.7316946,4005.290335,0,832.2807502,3627.990096,40728.72602,181.5807378,4866.990449,0,4071.137719,1962.462236,37678.05045,2738.976393,42070.71956,582051.0849,26437.58791,1258955.184,80370.57936,3929.525976,40.74342903,8391.681491,295861.3646,458.9237503,25978.52309,0,4225.524456,1602.170874,20469.85043,2219.600322,72925.29585,0,422.7941086,1313.937384,64096,997.16861,10937.51965,1012510.462,69553.52545,98606.5978,3526195.565,0,1438.286445,1539.600279,17002,60686.26579,873391.5733,675.0392978,3758.488083,12540.32975,204408.7693,0,949.6740261,852.3992134,1495.79263,22735.09556,6404.18086,234226,45626,8246.088199,7814.61578,106751.8647,756.787533,15474.92338,750.7137451,24883.67494,204.0054974,3146.291572,12197.23282,170379.1363,391.9309176,3271,897.3006563,6567.260561,61.70560651,498.2955024,171.071613,1609.509794
M190-200bQCHippo5,0,0,0,0,0,0,0,0,0,0,0,0,0,0,0,0,0,0,0,0,0,0,0,0,0,0,0,0,0,0,0,0,0,0,0,0,0,0,0,0,0,0,0,0,0,0,0,0,0,0,0,0,0,0,0,0,0,0,0,0,0,0,0,0,0,0,0,0,0,0,0,0,0,0,0,0,0,0,0,0,0,0,0,0,0,0,0,0,0,0,0,0,0,0,0,0,0,0,2247.153295,46933.83866,166191.5964,449874.6799,15127.98102,54817.97896,725212.558,3400.753242,11818.31582,3301.168499,128280.9593,58364.96692,446956.904,463.9175838,817.6992346,0,3496.139522,0,507,579,64104.82838,0,0,94660.34191,156.6113492,35837.66084,0,1880.171509,0,0,1148.177301,0,2373.826132,6657731.867,570.4856059,14657.83343,0,1100.014605,2924351.349,7454.843007,706.8684556,36559.71368,137,0,955.5359395,762.1065409,50097.03995,318.9377037,6094.509316,0,4472.188353,3396.803502,53630.3087,0,2756.889797,334.2396539,149.2446744,24705854.93,0,47550.84778,47794.43582,102.4287049,4350.16288,269581.6021,7629.366725,326735.0358,14908.84972,152888.8591,150.9347088,2994.530218,1126.312259,12315.01358,0,11647.70171,353.493039,6451.314015,1867.104487,24214.28597,146177.6968,1746112,161.3613078,0,38382.32952,2368878.908,0,3026.883583,417.8193414,4106.169594,385690,0,3247.208739,1093.56261,2180.172564,2069.666677,107171.8738,0,453.7982297,4446.747151,152991.968,13841.33965,152774,676988.0548,10826031.76,0,3195.096843,3500.81564,190299.574,620.3862621,64012.7873,114490.7806,2736.654957,46574.36054,0,843.0760189,2342.87704,4034.383977,0,7812.482792,398.5901731,1343.67867,4085.994215,65366.00898,2815.470391,156803.3234,605.3883661,33887.52235,1363.024337,1901.827083,4418091.516,108401.7525,46314.42654,1014703,0,16213.27703,0,1403.854362,434.4974317,19166.21297,31573.23405,1181446.197,2874.435338,129615.2522,192897.895,5860733.587,0,568.115404,1661.945288,69575.68764,8565.502018,134775.0713,190.6683605,1906.578858,0,802.5116409,1846.71348,29395.25759,158.5354501,2745.977109,176.455493,2827.269887,2108.09412,34331.64169,2360.278739,42688.14724,489435.7529,24025.62935,920698.6828,72418.0026,5423.499822,239.7187857,4625.188447,239190.2395,267.7224785,19519.5829,194.1958031,4743.006221,949.2852402,13540.49221,2007.591493,60213.69376,0,561.7558252,1238.878895,45133,785.5468392,9201.681573,845443.8894,41091.63347,76244.90253,2306777.112,0,1414.445868,1373.784551,12527,45238.68883,659806.6892,470.198489,3481.528867,11007.29283,165747.1717,0,804.0553574,609.4443021,1010.599086,16731.40643,3606.432641,179055,31251,404.2224181,5817.775229,79611.83064,749.887871,13262.44611,562.6546137,15050.2812,146.0034474,2543.45911,9631.294346,154829.0141,446.2061994,2328,284.7250275,6368.611022,68.9587861,671.6581844,174.3973791,1270.133852
