Sample,C1P d18:1/C16:0 Results,Cer d16:1/C25:1(-H20) Results,Cer d16:1/C25:1 Results,Cer d16:1/C26:0(-H20) Results,Cer d16:1/C26:0 Results,Cer d16:1/C26:1(-H20) Results,Cer d16:1/C26:1 Results,Cer d18:0/C23:1(-H20) Results,Cer d18:0/C23:1 Results,Cer d18:0/C25:1(-H20) Results,Cer d18:0/C25:1 Results,Cer d18:0/C26:0(-H20) Results,Cer d18:0/C26:0 Results,Cer d18:0/C26:1(-H20) Results,Cer d18:0/C26:1 Results,Cer d18:1/C14:1(-H20) Results,Cer d18:1/C14:1 Results,Cer d18:2/C18:1(-H20) Results,Cer d18:2/C18:1 Results,Cer d18:2/C20:1(-H20) Results,Cer d18:2/C20:1 Results,DHCer d16:1/C16:0(-H20) Results,DHCer d16:1/C16:0 Results,DHCer d18:1/C14:0(-H20) Results,DHCer d18:1/C14:0 Results,DHCer d18:2/C18:1(-H20) Results,DHCer d18:2/C18:1 Results,GM3 d16:1/C14:0 Results,GM3 d16:1/C16:0 Results,GM3 d16:1/C18:0 Results,GM3 d16:1/C20:0 Results,GM3 d16:1/C22:0 Results,GM3 d16:1/C24:0 Results,GM3 d16:1/C24:1 Results,GM3 d18:1/C14:0 Results,GM3 d18:1/C20:0 Results,GM3 d18:2/14:0 Results,GM3 d18:2/16:0 Results,GM3 d18:2/18:0 Results,GM3 d18:2/20:0 Results,GM3 d18:2/22:0 Results,GM3 d18:2/24:0 Results,GM3 d18:2/24:1 Results,MHCer d16:1/C16:0(-H20) Results,MHCer d16:1/C16:0 Results,MHCer d16:1/C20:0(-H20) Results,MHCer d16:1/C20:0 Results,MHCer d16:1/C22:0(-H20) Results,MHCer d16:1/C22:0 Results,MHCer d16:1/C22:1(-H20) Results,MHCer d16:1/C22:1 Results,MHCer d16:1/C23:0(-H20) Results,MHCer d16:1/C23:0 Results,MHCer d16:1/C23:1(-H20) Results,MHCer d16:1/C23:1 Results,MHCer d16:1/C24:0(-H20) Results,MHCer d16:1/C24:0 Results,MHCer d16:1/C24:1(-H20) Results,MHCer d16:1/C24:1 Results,MHCer d16:1/C26:0(-H20) Results,MHCer d16:1/C26:0 Results,MHCer d18:0/C16:0(-H20) Results,MHCer d18:0/C16:0 Results,MHCer d18:0/C16:1(-H20) Results,MHCer d18:0/C16:1 Results,MHCer d18:0/C22:1(-H20) Results,MHCer d18:0/C22:1 Results,MHCer d18:1/C16:1(-H20) Results,MHCer d18:1/C16:1 Results,MHCer d18:1/C18:1(-H20) Results,MHCer d18:1/C18:1 Results,MHCer d18:1/C20:1(-H20) Results,MHCer d18:1/C20:1 Results,MHCer d18:2/C16:0(-H20) Results,MHCer d18:2/C16:0 Results,MHCer d18:2/C16:1(-H20) Results,MHCer d18:2/C16:1 Results,MHCer d18:2/C20:0(-H20) Results,MHCer d18:2/C20:0 Results,MHCer d18:2/C22:1(-H20) Results,MHCer d18:2/C22:1 Results,MHCer d18:2/C25:0(-H20) Results,MHCer d18:2/C25:0 Results,SM C30:1 Results,SM C34:0 Results,SM C36:0 Results,SM C38:0 Results,SM C38:2 Results,SM C40:0 Results,SM C42:0 Results,SM d18:0/C16:0 Results,SM d18:0/C18:0 Results,SM d18:0/C20:0 Results,SM d18:0/C22:0 Results,SM d18:0/C24:0 Results,SM d18:1/C12:0 Results,SM d18:2/C20:0 Results,Sphd16:1 Results,Sphd18:2 Results,Sphd18:1-D7 (ISTD) Results,Sphd18:1 Results,Sphd18:0 Results,Sphd18:0-D7 (ISTD) Results,SM C24:1 (ISTD) Results,SM d18:1/C6:0 (ISTD) Results,C1P d18:1/C8:0 (ISTD) Results,MHCer d18:1/C8:0 (ISTD)(-H20) Results,MHCer d18:1/C8:0 (ISTD) Results,Cer d18:1/C8:0 (ISTD)(-H20) Results,Cer d18:1/C8:0 (ISTD) Results,SM C32:2 Results,SM d18:2/C14:0 Results,GM3 d18:1/C16:0 Results,SM C32:1 Results,SM d16:1/C16:0 Results,SM d18:1/C14:0 Results,SM C34:2 Results,SM d18:2/C16:0 Results,GM3 d18:1/C18:0 Results,MHCer d18:1/C14:0(-H20) Results,MHCer d18:1/C14:0 Results,Cer d18:2/C14:0(-H20) Results,Cer d18:2/C14:0 Results,DHCer d18:1/C16:0(-H20) Results,DHCer d18:1/C16:0 Results,DHCer d18:2/C16:0(-H20) Results,DHCer d18:2/C16:0 Results,SM C34:1 Results,SM d16:1/C18:0 Results,SM d18:1/C16:0 Results,SM C36:2 Results,SM d18:2/C18:0 Results,MHCer d18:1/C16:0(-H20) Results,MHCer d18:1/C16:0 Results,Cer d16:1/C16:0(-H20) Results,Cer d16:1/C16:0 Results,Cer d18:1/C14:0(-H20) Results,Cer d18:1/C14:0 Results,Cer d18:2/C16:0(-H20) Results,Cer d18:2/C16:0 Results,DHCer d18:1/C18:0(-H20) Results,DHCer d18:1/C18:0 Results,Cer d18:1/C16:1(-H20) Results,Cer d18:1/C16:1 Results,GM3 d18:1/C22:0 Results,GM3 d18:1/C24:1 Results,SM C36:1 Results,SM d16:1/C20:0 Results,SM d18:1/C18:0 Results,MHCer d18:1/C18:0(-H20) Results,MHCer d18:1/C18:0 Results,Cer d18:1/C16:0(-H20) Results,Cer d18:1/C16:0 Results,Cer d18:0/C16:0(-H20) Results,Cer d18:0/C16:0 Results,Cer d16:1/C18:0(-H20) Results,Cer d16:1/C18:0 Results,Cer d18:1/C18:1(-H20) Results,Cer d18:1/C18:1 Results,Cer d18:2/C18:0(-H20) Results,Cer d18:2/C18:0 Results,DHCer d18:1/C22:1(-H20) Results,DHCer d18:1/C22:1 Results,DHCer d18:1/C20:0(-H20) Results,DHCer d18:1/C20:0 Results,GM3 d18:1/C24:0 Results,DHCer d18:2/C24:1(-H20) Results,DHCer d18:2/C24:1 Results,DHCer d18:2/C22:0(-H20) Results,DHCer d18:2/C22:0 Results,SM C38:1 Results,SM d16:1/C22:0 Results,SM d18:1/C20:0 Results,SM C40:2 Results,SM d16:1/C24:1 Results,SM d18:1/C22:1 Results,SM d18:2/C22:0 Results,SM C42:3 Results,SM d18:2/C24:1 Results,MHCer d18:1/C20:0(-H20) Results,MHCer d18:1/C20:0 Results,MHCer d18:1/C22:1(-H20) Results,MHCer d18:1/C22:1 Results,Cer d16:1/C20:0(-H20) Results,Cer d16:1/C20:0 Results,MHCer d18:2/C24:1(-H20) Results,MHCer d18:2/C24:1 Results,Cer d18:1/C18:0(-H20) Results,Cer d18:1/C18:0 Results,Cer d16:1/C22:1(-H20) Results,Cer d16:1/C22:1 Results,MHCer d18:2/C22:0(-H20) Results,MHCer d18:2/C22:0 Results,Cer d18:0/C18:0(-H20) Results,Cer d18:0/C18:0 Results,SM C41:2 Results,SM d18:1/C23:1 Results,SM d18:2/C23:0 Results,SM C39:1 Results,SM d16:1/C23:0 Results,DHCer d18:1/C22:0(-H20) Results,DHCer d18:1/C22:0 Results,Cer d18:1/C20:1(-H20) Results,Cer d18:1/C20:1 Results,DHCer d18:1/C24:1(-H20) Results,DHCer d18:1/C24:1 Results,Cer d18:2/C20:0(-H20) Results,Cer d18:2/C20:0 Results,Cer d18:2/C22:1(-H20) Results,Cer d18:2/C22:1 Results,MHCer d18:1/C23:1(-H20) Results,MHCer d18:1/C23:1 Results,DHCer d18:2/C24:0(-H20) Results,DHCer d18:2/C24:0 Results,MHCer d18:2/C23:0(-H20) Results,MHCer d18:2/C23:0 Results,SM C42:2 Results,SM d18:1/C24:1 Results,SM d18:2/C24:0 Results,SM C40:1 Results,SM d16:1/C24:0 Results,SM d18:1/C22:0 Results,Cer d18:2/C23:1(-H20) Results,Cer d18:2/C23:1 Results,DHCer d18:1/C23:0(-H20) Results,DHCer d18:1/C23:0 Results,MHCer d18:0/C24:1(-H20) Results,MHCer d18:0/C24:1 Results,MHCer d18:1/C22:0(-H20) Results,MHCer d18:1/C22:0 Results,MHCer d18:0/C22:0(-H20) Results,MHCer d18:0/C22:0 Results,MHCer d18:1/C24:1(-H20) Results,MHCer d18:1/C24:1 Results,MHCer d18:2/C24:0(-H20) Results,MHCer d18:2/C24:0 Results,Cer d18:1/C20:0(-H20) Results,Cer d18:1/C20:0 Results,Cer d18:0/C20:0(-H20) Results,Cer d18:0/C20:0 Results,Cer d16:1/C24:1(-H20) Results,Cer d16:1/C24:1 Results,Cer d18:1/C22:1(-H20) Results,Cer d18:1/C22:1 Results,Cer d18:0/C22:1(-H20) Results,Cer d18:0/C22:1 Results,DHCer d18:1/C24:0(-H20) Results,DHCer d18:1/C24:0 Results,Cer d16:1/C22:0(-H20) Results,Cer d16:1/C22:0 Results,MHCer d18:1/C25:1(-H20) Results,MHCer d18:1/C25:1 Results,Cer d18:2/C24:1(-H20) Results,Cer d18:2/C24:1 Results,Cer d18:2/C22:0(-H20) Results,Cer d18:2/C22:0 Results,SM C41:1 Results,MHCer d18:1/C23:0(-H20) Results,MHCer d18:1/C23:0 Results,SM C43:2 Results,SM d18:1/C25:1 Results,SM d18:2/C25:0 Results,MHCer d18:0/C23:0(-H20) Results,MHCer d18:0/C23:0 Results,Cer d18:1/C23:1(-H20) Results,Cer d18:1/C23:1 Results,Cer d16:1/C23:0(-H20) Results,Cer d16:1/C23:0 Results,MHCer d18:1/C26:1(-H20) Results,MHCer d18:1/C26:1 Results,MHCer d18:0/C24:0(-H20) Results,MHCer d18:0/C24:0 Results,Cer d18:2/C25:1(-H20) Results,Cer d18:2/C25:1 Results,Cer d18:2/C23:0(-H20) Results,Cer d18:2/C23:0 Results,SM C42:1 Results,SM d18:1/C24:0 Results,MHCer d18:1/C24:0(-H20) Results,MHCer d18:1/C24:0 Results,Cer d18:0/C24:1(-H20) Results,Cer d18:0/C24:1 Results,Cer d18:1/C24:1(-H20) Results,Cer d18:1/C24:1 Results,Cer d18:1/C22:0(-H20) Results,Cer d18:1/C22:0 Results,Cer d18:0/C22:0(-H20) Results,Cer d18:0/C22:0 Results,SM d18:1/C23:0 Results,Cer d16:1/C24:0(-H20) Results,Cer d16:1/C24:0 Results,Cer d18:2/C24:0(-H20) Results,Cer d18:2/C24:0 Results,MHCer d18:1/C25:0(-H20) Results,MHCer d18:1/C25:0 Results,Cer d18:2/C26:1(-H20) Results,Cer d18:2/C26:1 Results,SM C43:1 Results,SM d18:1/C25:0 Results,Cer d18:1/C23:0(-H20) Results,Cer d18:1/C23:0 Results,Cer d18:1/C25:1(-H20) Results,Cer d18:1/C25:1 Results,Cer d18:0/C23:0(-H20) Results,Cer d18:0/C23:0 Results,MHCer d18:1/C26:0(-H20) Results,MHCer d18:1/C26:0 Results,Cer d18:2/C25:0(-H20) Results,Cer d18:2/C25:0 Results,Cer d18:1/C26:1(-H20) Results,Cer d18:1/C26:1 Results,SM C44:1 Results,SM d18:1/C26:0 Results,Cer d18:1/C24:0(-H20) Results,Cer d18:1/C24:0 Results,Cer d18:0/C24:0(-H20) Results,Cer d18:0/C24:0 Results,Cer d18:2/C26:0(-H20) Results,Cer d18:2/C26:0 Results,Cer d18:0/C25:0(-H20) Results,Cer d18:0/C25:0 Results,Cer d18:1/C25:0(-H20) Results,Cer d18:1/C25:0 Results,Cer d18:1/C26:0(-H20) Results,Cer d18:1/C26:0 Results
blk1,0,0,0,0,0,0,0,0,0,0,0,0,0,0,0,0,0,0,0,0,0,0,0,0,0,0,0,0,0,0,0,0,0,0,0,0,0,0,0,0,0,0,0,0,0,0,0,0,0,0,0,0,0,0,0,0,0,0,0,0,0,0,0,0,0,0,0,0,0,0,0,0,0,0,0,0,0,0,0,0,0,0,0,0,0,0,0,0,0,0,0,0,0,0,0,0,0,139,61.02684317,10689.98642,3494.682142,291,3740.361419,7549.865337,0,533.0735438,0,481.7827969,222.0144553,1056.997139,113.5547066,0,5,2081.289593,0,0,5452.51785,0,60.93257517,0,0,0,0,0,296.9090718,0.856458023,0,161675.2378,0,0,122.0967038,0,0,458.9145799,0,0,0,134.2338263,0,1491.269616,0,597.5882399,0,414,0,0,13628.98245,38.44866172,0,0,319.4813416,1287.708184,15265.89454,0.384543216,0,0,364.6184565,0,0,0,140,0,0,0,0,0,0,2,0,0,10449.85285,0,1.623008359,4305,0,0,0,2368.53049,0,0,140.5554323,0,0,0,202.7559288,0,0,460.7274838,4503.582876,0,0,0,0,0,74,1458.980142,0,244.8045806,1660.150072,0,0,0,0,0,0,0,0,104.7447322,0,0,0,0,0,0,0,0,63072.46742,461.2031248,158.5359317,38452,0,0,0,0,0,218.2721252,0,0,219.9884743,1794.941436,0,0,0,6234.558507,0,145.8557277,412.8578054,363.1810988,0,0,0,0,0,0,0,0,0,0,0,1602.926849,0,199.8776533,0.297578732,556.5865286,0,548.3126823,14401.78959,0,719.2774408,698.1052538,28.04958688,0,0,0,0,0,0,0,0,0,37.22289079,15,77.98451802,1.312500042,0,0,16198.15629,84.32874324,0,1432.228425,0,45,362.7332773,1162.282497,490.8279804,1130.053848,0,75.08358378,30.06593614,0,25.51359041,0,646.4901834,100.5126062,39,0,0,1294,191.2707854,38.68082955,289.008918,0,0,0,28,0,0,0,0,0,0,590.5299403,0,47.24356844,1608.512075,0,14,0,0,0,0,0,302.230333,0,706.6852392
blk2,0,0,0,0,0,0,0,0,0,0,0,0,0,0,0,0,0,0,0,0,0,0,0,0,0,0,0,0,0,0,0,0,0,0,0,0,0,0,0,0,0,0,0,0,0,0,0,0,0,0,0,0,0,0,0,0,0,0,0,0,0,0,0,0,0,0,0,0,0,0,0,0,0,0,0,0,0,0,0,0,0,0,0,0,0,0,0,0,0,0,0,0,0,0,0,0,0,84,585.1363327,11201.01965,9705.012772,0,4180.36559,10124.57004,26.84940566,0,0,590.4282112,240.9270431,1013.169925,0,0,10,1960.940195,0,0,3666.69015,0,21.29658308,186.3376328,0,0,0,0,187.9719821,0,0,105029.5982,0,417.3523566,496.1529246,25.6757451,0,331.0977235,0,188.756801,0,0,0,1208.618227,0,145.5002595,89.60063969,857,0,0,7005.985094,0,0,0,292.7036769,1047.282676,10872.1089,0,156.5696168,40.51517397,0,0,0,0,2,0,0,1.438257217,1.132212489,0,0,1,0,0,5772.045469,0,0,2102,0,0,0,766.2359513,0,0,1.443843865,0,0,0,408.8716669,0,0,589.3779691,2533.056787,0,0,0,0,0,129,767.9548731,0,0,990.6538138,154.9880803,0,0,0,0,0,0,0,67.29414776,0,0,0,0,0,0,0,0,47359.44765,0,0,35610,60.48437437,0,0,0,0,0,1.456056625,247.2831636,0,1309.667235,0,0,0,5594.426654,0,0,256.6932789,201.7766925,182.444209,76.99124665,0,0,0,0,0,0,0,0,19.97875019,1895.506185,0,99.70375396,0,361.5802551,0,319.4099808,9170.068131,0,811.6922243,997.4256859,0,0,0,116.450588,0,0,0,0,73.36868734,0,0,32,1.045943098,0,0,0,7867.72695,41.07462707,0,741.6972897,37.75484164,37,135.9409284,1252.980239,0,1857.710302,0,10.96032278,337.2384572,0,0,0,279.2030982,0,85,0.535650293,2.148874819,431,202.0401976,0,101.7430224,0,0,37.75807323,30,0,0,2.91258969,78.1227761,0,0,517.5578553,0,0,1703.062989,0,23,0,0,0,0,0,0,0,333.3398321
blk3,0,0,0,0,0,0,0,0,0,0,0,0,0,0,0,0,0,0,0,0,0,0,0,0,0,0,0,0,0,0,0,0,0,0,0,0,0,0,0,0,0,0,0,0,0,0,0,0,0,0,0,0,0,0,0,0,0,0,0,0,0,0,0,0,0,0,0,0,0,0,0,0,0,0,0,0,0,0,0,0,0,0,0,0,0,0,0,0,0,0,0,0,0,0,0,0,0,172,253.4518205,15341.99002,13191.58164,506,4827.152399,11413.91825,0,117.1336765,0,650.9065134,156.3116285,1209.755534,149.3122577,0,15,1901.326125,0,0,3553.888299,0,0,326.07099,0,0,0,0.574418537,309.3132657,0,0,94199.4199,0,334.3334471,577.1414694,0,0,0,0,0,0,183.4848361,155.7164682,935.5873386,0,233.0833161,0,641,0,0,4863.180218,0,0,0,241.1252259,709.9863828,10243.504,0,282.0601354,0,0,0,0,0,80,0,0,0,0,0,0,1,0,0,4046.538588,0,0,663,0,0,0,2575.776185,0,0,0,0,0,0,488.8815994,0,0,0,2386.241433,0,0,0.397610207,0,0.469128319,0,428.9813862,0,0,692.7534168,0,0,0,1.843309992,0,0,0,0,0,0,0,0,0,0,0,0,0,38845.3505,0,0,27268,55.03324647,0,0,0,0,0,0,0,0,1287.323375,0,0,0,4243.397053,0,0,0,283.8061217,0,0,0,0,0,145.7174753,0,0,0,19.64156722,0,1698.098086,0,0,132.6066825,137.6126004,0,169.3783934,6532.018573,0,473.4613758,867.3441391,0,0,0,0,0,0,0,0,0,0.515803549,0,63,0,0,0.904748072,0,4151.877284,0,18.40640773,246.2041072,0,31,0,841.1691098,0,258.6986044,0,40.11848045,151.072037,0,346.5456186,0,237.0001527,97.45072865,25,11.3821446,0,1010,344.7955023,49.72237216,0,0,0,67.28328749,1,100.2893878,0,25.03629659,19.04571467,0,0,187.6017133,0,0,422.200789,19.61891536,57,0,0,0,0,0,0,0,243.4450695
SL std mix1,0,0,0,0,0,0,0,0,0,0,0,0,0,0,0,0,0,0,0,0,0,0,0,0,0,0,0,0,0,0,0,0,0,0,0,0,0,0,0,0,0,0,0,0,0,0,0,0,0,0,0,0,0,0,0,0,0,0,0,0,0,0,0,0,0,0,0,0,0,0,0,0,0,0,0,0,0,0,0,0,0,0,0,0,0,0,0,0,0,0,0,0,0,0,0,0,0,81,602.5873729,175941.4264,2169.353362,78,47087.51035,864351.2141,4154.759692,13746.43675,3999.867857,147482.1382,69362.73386,676437.0792,0,0,72,1828.430564,0,0,2657.615857,0,40.4617507,0,0,0,0,0,491.0884954,0,0,125633.3659,0,399.6509436,2038.222828,0,0,250.011468,0,366.8696299,0,0,0,1159.102657,0,267.62067,119.9877333,72,0,0,25940.52356,206.5027955,0,0,395.9845436,2385.567085,29985.68316,0,658.0025524,214.0424503,163.6359433,0,129.6393693,0,263,0,0,0,0,0,0,1,0,1.998445459,14707.19023,0,0,8718,0,0,0,8837.203171,0,0,438.3960759,0,124.6552428,0,528.7218828,0,0,787.1873925,8172.806466,0,1.841700587,0,0,0,46,3695.242329,0,0,6992.677322,202.3763783,0,0,0,0,0,392.9876114,0,470.1035172,0,101.3082466,0,0,0,0,0,0,66663.21123,0,117.1199559,32847,106.0960081,0,0,0,0,0,72.8489592,0,0,1292.552365,0,120.8912931,120.8532177,1981.851352,0,208.0346534,237.7502807,1653.191905,0,0,0,158.7557216,0,0,1.148288366,187.3796934,0,368.0750277,0,2357.597569,0,0,0,419.4912078,208.4273183,1290.530041,16467.46488,346.4901349,1076.636586,2164.025482,25.54710349,0,0,0,0,0,111.1065033,0,0,0,0,30,22.15713582,0,0,0,46438.84045,0,116.3405782,925.0014234,0,58,0,3315.772765,589.5979442,8234.566208,41.33191206,444.3213522,206.2960624,137.3847346,956.6230272,0,204.8380934,0,420,0,0,1725,476.3578838,0,1704.139058,19.43846961,0,0,15,0,0,0,0,0,0,1530.798651,0,343.5619206,4674.602609,0,27,87.655281,0,0,0,0,410.721559,0,718.5380081
SL std mix2,0,0,0,0,0,0,0,0,0,0,0,0,0,0,0,0,0,0,0,0,0,0,0,0,0,0,0,0,0,0,0,0,0,0,0,0,0,0,0,0,0,0,0,0,0,0,0,0,0,0,0,0,0,0,0,0,0,0,0,0,0,0,0,0,0,0,0,0,0,0,0,0,0,0,0,0,0,0,0,0,0,0,0,0,0,0,0,0,0,0,0,0,0,0,0,0,0,21,137.6102188,170313.6754,2072.990617,7,46756.17529,777376.575,4126.2837,13114.20459,4403.339763,146774.8125,75328.73411,522601.061,261.9328305,0,82,1281.029807,0,0,3003.204382,0,26.11601948,0,0,0,0,0,0,0,0,134700.7138,0,551.3116773,44.35881094,1.825409418,0,364.315586,0,177.7356548,0,171.4960074,0,1473.183021,0,57.49987655,0,141,0,0,14169.15816,104.4825544,0,0,408.980353,1085.82732,22331.94883,101.0433093,476.5027865,0,412.1618449,0.63511875,117.2481251,0,213,113.0526292,0,0,0,182.8120062,0,4,0,0,9109.667789,0,0,3324,0,0,0,362.1443689,0,0,0,0,0,0,297.3895546,0,0,683.9934637,6543.13385,0,0,0,0,0,310,1978.724159,0,0,2470.444074,175.6294441,0,143.1132908,0,0,4.564684672,0.705821916,200.1187093,0,0,0,1.467716085,0,0,0,0,0,50736.89072,0,0,45787,35.04826289,0,0,0,0,0,0,138.0463453,0,753.5968149,0,0,0,1012.578114,0,103.6222745,0,1542.968055,0,161.2267563,0,212.8257095,0,0,110.6910088,0,0,191.4971336,0,3470.43673,0.464128576,0,39.39018508,186.6062024,204.2002718,836.6062654,15255.82348,0.475219187,336.7110317,1765.73523,0,0,0,0,0,0,0,0,0,27.71789117,0,59,0,0,0,0,39712.21042,127.6409636,0,602.2775932,0,18,228.3457817,2460.533346,252.2112397,6763.840858,0,218.290812,105.1881619,70.58434045,181.1287121,0,694.1134682,0,52,3.228851915,0,1054,31.10048621,208.6689237,1567.914525,0,0,0,2,0,170.1664453,0,0,12.80685983,0,346.4554166,22.18493557,131.7464685,5516.732745,21.84747605,197,0,0,0,0,0,293.302393,0,809.5710498
blk6,0,0,0,0,0,0,0,0,0,0,0,0,0,0,0,0,0,0,0,0,0,0,0,0,0,0,0,0,0,0,0,0,0,0,0,0,0,0,0,0,0,0,0,0,0,0,0,0,0,0,0,0,0,0,0,0,0,0,0,0,0,0,0,0,0,0,0,0,0,0,0,0,0,0,0,0,0,0,0,0,0,0,0,0,0,0,0,0,0,0,0,0,0,0,0,0,0,108,117.0205876,11677.85561,10020.32071,48,6064.920003,9943.207098,0,707.7832113,0,603.9646521,297.6829397,1455.721409,360.488483,0,25,965.7813703,0,0,2589.709621,0,0,201.5856146,0,0,0,0,0,0,0,83469.69719,0,369.2702763,542.7707172,0,127.0845223,173.4180608,126.5547525,143.1645761,0,0,0,1221.978322,0,105.1112664,0,402,0,0,4854.093164,0,0,0,233.8893167,612.9500558,11407.97254,0,184.6670257,0,0,0,0,0,43,116.3849634,0,0,0,0,0,2,0,0,4545.734367,0,0,2612,0,0,0,991.3895531,0,0,1.584262613,0,0,0,0,0,4.860078519,294.5331515,3397.352898,0,0,0,0,2.186148106,12,384.5349329,0,0,883.4759516,0,0,0.548966621,0,0,0,0,0,0,0,0,0,0,0,0,0,0,49844.66998,278.0600499,0,30150,0,0,0,0,0,0,0,0,0,1160.636905,0,0,0,2472.600973,0,0,0,391.6472031,0,0,0,0,0,142.2628393,0,0,0,162.3059212,0,768.5888397,0,0,0,203.8023799,0,495.0069366,7251.36698,0,290.3392045,670.8807651,0,0,110.3507785,0,0,0.256512593,0,0,0,0,0,39,0,0,0,0,8105.686506,0,71.81268152,700.4384492,0,23,0,1310.680917,0,1321.826692,0,0,0,0,100.0492452,0,424.978437,0,49,0,0,875,325.4208124,0,143.8621485,0,0,18.85064884,15,0,0,0,0,0,0,392.9207224,0,0,1133.887183,0,29,22.31377306,0,0,0,0,116.7328323,0,356.071294
M290-samblk1,0,0,0,0,0,0,0,0,0,0,0,0,0,0,0,0,0,0,0,0,0,0,0,0,0,0,0,0,0,0,0,0,0,0,0,0,0,0,0,0,0,0,0,0,0,0,0,0,0,0,0,0,0,0,0,0,0,0,0,0,0,0,0,0,0,0,0,0,0,0,0,0,0,0,0,0,0,0,0,0,0,0,0,0,0,0,0,0,0,0,0,0,0,0,0,0,0,261,105.5124664,173186.5728,1891.552303,51,51323.60978,681145.3822,3271.489041,7955.7064,3859.930409,117126.9754,63516.36014,535438.4424,48062.05505,0,10,1673.552419,0,0,3272.520381,0,0,0,0,144.5206101,0,0,0,0,0,105143.3539,0,605.7073127,2142.296566,0,0,527.6179036,0,982.4174629,0,212.0330856,257.1380587,1733.585088,0,255.6912121,0,50,0,92.44612393,26418.20522,0,0,0,0,2074.230247,31716.0817,100.7036744,137.8126014,0,0,0,381.7879386,0,541,0,0,0,0,214.2224705,0.673582117,16,0.298388436,1.26785188,13339.19224,0,0,8896,0,0,0,7154.858285,0,0,293.3025579,0,68.22805786,0,730.3803393,1.778200751,1.522776997,648.8097824,9781.684172,0,0,0,0,166.1134101,22,3209.273378,0,0,7442.400772,199.6675037,0,420.2859483,0,0,0,0,230.669397,399.7137052,0,0,0,0,0,0,0,0,45730.94708,0,0,41859,0,202.6151853,117.617222,0,0,0,0,0.45510153,0,399.5613058,0,0,0,977.7182608,0,0,77.24913972,1979.237474,0,203.2362069,39.2790276,0,0,0,0,0,0,305.913755,244.7289485,8048.264868,11.93305027,0,77.06670876,97.20903139,93.94523353,606.6535523,18928.44624,0,282.9897627,1028.56917,0,156.1738641,0,0,0,0,0,281.9716995,126.9796683,0,0,8,87.54796508,0,0,0,45400.20856,40.86589342,0,1170.832835,0,26,0,4588.56586,130.6314171,10484.43585,0,231.6999681,496.6008265,146.4650668,1529.282075,0,772.693553,0,42,83.19077177,33.98030261,1888,297.9395842,0,1853.092255,0,116.9977967,19.28892661,11,0,0,0,280.1653041,0,99.16052858,827.1230777,0,435.842072,6066.244393,133.7199703,84,25.01741618,0,0,0,0,599.8941805,0,973.2259733
M291-samblk2,0,0,0,0,0,0,0,0,0,0,0,0,0,0,0,0,0,0,0,0,0,0,0,0,0,0,0,0,0,0,0,0,0,0,0,0,0,0,0,0,0,0,0,0,0,0,0,0,0,0,0,0,0,0,0,0,0,0,0,0,0,0,0,0,0,0,0,0,0,0,0,0,0,0,0,0,0,0,0,0,0,0,0,0,0,0,0,0,0,0,0,0,0,0,0,0,0,204,25.96790413,143519.2985,2518.201451,163,47506.23142,612299.5,3002.410756,7257.074123,3450.241903,105823.3339,55985.18134,485871.372,32583.87916,0,36,1519.186405,0,0,2339.36544,0,9.884589298,104.4453684,0,0,0,0,384.7204653,0,0,102418.0282,0,340.7267129,1651.797327,0,0,484.1441694,0,945.0695958,0,262.0133802,197.5229733,1428.412471,0,163.9527456,0,122,0,0,42293.63154,0,0,121.4212787,0,1424.085828,24944.68659,0,208.8021655,134.3643761,162.0055926,0,607.4255343,0,464,150.0097925,0,1.708029989,0,0,0,12,2.25994322,0,18691.22489,0,0,6711,0,0,0,8163.491583,0,205.3420364,0,0,0,0,194.0638846,0,0,885.6158201,8859.417975,0,0,0,0,0,43,3507.012485,0,215.8217074,10858.51468,0,0,0,0,0,0,0,0,637.026274,0,0,37.56117537,0,0,0,0,0,44324.25151,0,0,54195,112.1930334,0,32.19551091,0,0,103.9611367,0,0,0,1103.3594,0,0,0,1903.911426,0,0,166.7434652,1900.021019,0,179.7051348,0,0,0,379.7626094,99.88761508,0,0,428.9390217,0,8129.847739,0,0,0,558.293112,330.9073105,1513.706688,9736.957501,0,414.4313509,96.07264313,0,0,0,0,0,0,0,280.0790611,0,0,0,33,0,0,0,284.6963449,52018.39742,233.9536295,0,1167.701695,0,72,311.8483621,4507.023475,700.678785,6279.189557,0,190.2588153,42.05641915,0,1420.753571,0,537.4482497,0,37,0,0,213,73.743229,24.20445337,1884.631107,0,128.2184817,80.66128059,53,176.5190719,35.21935451,0,0,0,0,492.7144121,0,823.6454132,7041.284306,107.733647,20,0,0,0,27.71056502,0,497.318032,45.60062947,939.4801949
blk7,0,0,0,0,0,0,0,0,0,0,0,0,0,0,0,0,0,0,0,0,0,0,0,0,0,0,0,0,0,0,0,0,0,0,0,0,0,0,0,0,0,0,0,0,0,0,0,0,0,0,0,0,0,0,0,0,0,0,0,0,0,0,0,0,0,0,0,0,0,0,0,0,0,0,0,0,0,0,0,0,0,0,0,0,0,0,0,0,0,0,0,0,0,0,0,0,0,30,567.8898061,9889.948954,7360.722163,138,3860.057389,9259.402937,0,699.0205702,0,558.5861546,140.8060748,1065.397229,357.4545077,0,8,1991.157766,0,0,2244.869032,0,5.081037626,0,0,0,0,0,112.5988818,0,0.784689311,85883.07623,0,303.7739068,639.9349706,0,0,282.3987959,0,232.7476094,0,316.9307586,0,981.5037798,0,59.01705541,0,480,0,0,10344.40662,31.97402953,0,0,0,1245.467628,15022.24883,0,229.074481,0,0,0,0,0,128,0,0,0,0,1.139262172,0,0,0,0,7150.745675,0,0,1173,0,0,0,1764.98921,0,0,336.4391519,0,0,0,329.2656792,0,2.255462206,281.393672,3184.365876,0,0,0,0,0,26,1859.373702,0,0,1532.79237,0,0,4.016580341,0,0,0,0,0,0,0,0,0,0,0,0,0,0,38898.16835,195.100221,0,30002,0,0,0,0,0,0,0,0,0,950.1100753,0,0,120.4521355,5119.075758,0,0,0,627.187739,0,0,0,0,0,103.3281867,0,90.83014653,0,0,0,1676.513705,0,0,254.2198117,0,0,586.0325301,7884.772778,0,490.5450279,366.1248285,0,0,0,0,0,4.428812825,0.4652539,0,0,0,142.1599979,14,0,1.155216743,28.7781133,0,9743.374923,0,97.48614917,982.7490879,27.90580333,29,0,647.4913256,109.2940165,2470.559509,129.1870716,0,322.0614018,0,257.4271922,0,615.3004929,0,48,20.1773141,0,1415,181.4964863,0,105.3336201,0,0,0,25,117.5315945,0,0,0,0,54.85085547,399.5791128,0,64.16985767,1809.210055,0,14,0,0,0,108.8520492,12.49183557,225.8432949,0,397.943277
M279-291QCLiver1,0,0,0,0,0,0,0,0,0,0,0,0,0,0,0,0,0,0,0,0,0,0,0,0,0,0,0,0,0,0,0,0,0,0,0,0,0,0,0,0,0,0,0,0,0,0,0,0,0,0,0,0,0,0,0,0,0,0,0,0,0,0,0,0,0,0,0,0,0,0,0,0,0,0,0,0,0,0,0,0,0,0,0,0,0,0,0,0,0,0,0,0,0,0,0,0,0,4767,33307.73454,171344.5579,482914.6337,9462,52486.10015,689405.2388,3849.103329,16522.63492,4976.121175,177121.5573,58385.25531,494930.4393,7490.397857,0,3612,119146.0559,222.7554736,240.1789503,298810.1113,1245.994898,672.6855499,0,424.8417568,0,1010.145227,211.1654837,24245.07309,0.878311316,512.6542009,19003057.57,0,47394.91099,60919.72244,139.5334313,1310.572457,54117.01267,0,963.7395486,0,2111.751555,1280.672065,18714.49625,0,4118.912231,0,307,3481.945628,3967.509948,1560133.997,0,5834.162678,220.1403179,11395.65839,20257.2496,319112.8695,381.5720677,4924.033856,0,318.2507644,0,3157.763333,553.4680953,11469,116.6838555,3219.491965,242.1175152,7194.710542,5318.794374,0,1614,0,1460.310278,1780980.504,0,4562.86238,1729196,495.2169717,2176.646623,1881.204749,2179443.09,1419.134237,1808.811874,56241.96241,0,18293.77964,0,2460.839651,0,6867.700736,25946.66701,246964.1781,0,895.1711074,306.266791,9189.41814,172.6178604,2739,999518.2163,0,397.2579256,570271.0375,0,494.1657983,56142.66372,567.8870777,5361.96184,839.0811324,45418.24604,1216.361063,23303.69371,915.3080504,13025.85518,122.3888101,1749.448101,0,2244.643298,0,3228.851204,19199371.93,44074.58589,1590.618841,15541955,0,23584.53607,177.7019872,2016.123759,0,22554.93869,0,7528.543705,7662.581809,368317.4816,0,8586.820841,7200.748601,268561.2188,573.3639469,5663.575508,11215.33164,141196.2667,745.7215812,2217.278847,1093.534968,19985.02484,8877.347324,144883.3262,661.9560776,2485.206665,747.2022786,57767.09747,1301.918932,18384.18675,158.9958569,4112.127208,18417.18008,228203.7337,15582.30908,233943.4427,7125352.33,7476.215954,193352.0065,231461.3187,514.2902205,161.394796,0,5056.962399,3083.44921,42699.38732,1188.457947,7062.527356,172.1057612,1292.269173,132.2494753,4718,180.5898101,1724.653683,4135.509425,72822.11235,9216472.661,23725.16629,9846.467066,253362.714,3592.464391,39217,167477.3153,1901729.37,115442.4545,1533434.13,1878.886864,28061.23343,959.0541266,693.8363232,12001.49303,12709.94055,177322.6177,567.7706265,15193,39.09545335,681.8838103,472793,1611.130048,52352.38624,807830.8935,2069.91179,19368.90067,913.3873079,11260,65.19241018,1947.630531,574.9445449,4741.575806,353.1000796,3868.48867,19697.81591,55.06758917,63538.29676,979179.8923,1249.256273,17877,44.42317961,363.9099815,0,1016.236952,5028.992223,64316.25229,569.013012,6744.673465
M279-291QCLiver2,0,0,0,0,0,0,0,0,0,0,0,0,0,0,0,0,0,0,0,0,0,0,0,0,0,0,0,0,0,0,0,0,0,0,0,0,0,0,0,0,0,0,0,0,0,0,0,0,0,0,0,0,0,0,0,0,0,0,0,0,0,0,0,0,0,0,0,0,0,0,0,0,0,0,0,0,0,0,0,0,0,0,0,0,0,0,0,0,0,0,0,0,0,0,0,0,0,5168,31675.66774,172917.7904,479756.4416,9201,52825.84684,712165.1266,3610.236933,14015.04899,4765.803814,175005.3313,62177.24553,491212.3586,8354.486392,0,3472,95527.35121,0,0,282259.5171,874.5140349,797.4345907,0,196.3525637,0,829.7769768,209.3037453,22226.74105,0,867.4181628,17266947.5,0,43193.88759,50469.27778,0,1649.26923,63592.62359,305.8131003,813.98809,0,1403.646058,1142.176433,16150.28006,0,3123.588734,0,681,2555.679631,2419.275115,1316494.723,0,4798.261341,408.4660793,10949.29213,20818.03214,253553.7883,810.0110871,4059.268764,49.99582515,0,0,2290.362311,233.7126075,8473,132.2959703,2909.147267,148.3956083,6509.608624,5195.593962,0,1565,3.248371,1480.837109,1669435.801,350.0181967,4585.326972,1479752,0,2815.788165,1045.334593,1846962.23,1887.639319,1436.530292,60530.12414,184.288263,14820.4979,0,2458.955716,0,3787.955416,13046.60668,226712.0581,0,895.4691218,422.2282338,6634.610674,1043.694924,4126,470929.4828,0,392.0651709,615938.5708,0,533.759277,50798.71526,400.4331576,4681.366795,174.4378403,50317.47,561.7934468,19979.83481,531.5997089,9386.949949,0,3049.164795,0,1469.109128,0,2305.851682,19784432.81,43920.88063,593.6664109,11418861,256.0748017,25571.96904,0.769651913,1824.542946,0,16339.13807,0,6367.444493,11719.53681,326472.6024,0,5597.608049,7023.500949,282595.5948,0,4668.933351,12378.56807,147282.9392,899.1509613,2544.34232,1219.445897,14252.30539,7280.197508,138777.1834,414.5804558,1997.962297,348.0753201,55939.08935,857.4811766,17375.48412,159.2233554,2044.376641,10608.69648,246978.6253,13597.13139,211003.0408,6732983.155,5520.682338,170024.9144,217919.8766,346.0527949,0,0,3204.771127,2471.126245,39558.57952,336.9365552,4605.214794,335.9597188,1359.805699,80.10481476,4349,0,1205.944249,4055.679186,57260.95829,7871342.551,18870.42511,7773.406009,273291.9846,3295.554897,31320,131157.2842,2052844.476,95678.86621,1215364.996,2654.510929,27592.98868,1087.803567,1000.593029,12170.64963,11780.90034,164909.0084,659.4445091,15775,97.66620958,1068.750361,460004,2618.166118,50834.6223,614611.5321,1620.055067,19613.58431,1017.964439,12451,168.6020761,1368.556967,275.3548583,4234.758127,274.4161022,2684.736989,18822.80683,250.6966408,55318.0873,826529.9644,1587.016844,14714,0,402.8970543,0,1348.462991,4099.417645,63535.25219,437.2968565,6485.265221
M279-291QCLiver3,0,0,0,0,0,0,0,0,0,0,0,0,0,0,0,0,0,0,0,0,0,0,0,0,0,0,0,0,0,0,0,0,0,0,0,0,0,0,0,0,0,0,0,0,0,0,0,0,0,0,0,0,0,0,0,0,0,0,0,0,0,0,0,0,0,0,0,0,0,0,0,0,0,0,0,0,0,0,0,0,0,0,0,0,0,0,0,0,0,0,0,0,0,0,0,0,0,4693,37510.75166,185933.7231,489448.2952,9600,58579.45624,770290.4345,3693.24661,10887.93125,4903.416661,178090.4337,69331.56934,456587.9745,7157.672402,0,3295,108104.1563,162.7435979,274.5701417,296763.4964,985.7919389,705.4546092,0,0,0,970.6674767,357.8320392,22569.51055,0,468.825601,17841032.47,96.54457815,43686.25577,40736.5201,0,2147.867758,50893.51379,0,965.7137316,161.8062301,1161.60261,1255.54691,18121.38979,0,2465.248062,0,340,965.888416,1287.195931,906031.1562,0,2453.689178,229.6128895,12783.80366,20702.29518,257582.4146,196.9132232,3146.877649,0,614.3405676,0,1442.997479,191.6750302,7284,0,2881.955882,0,4412.485643,3544.701391,0,711,0,1201.284127,1311300.516,0,3484.395442,1264330,117.272698,1841.586674,902.1304743,1299548.016,635.5903992,544.8162118,34613.70141,0,11381.51801,0,2141.596335,0,4898.725713,13432.49779,180833.7576,0,758.625921,219.8331775,8396.072581,249.5372051,2852,635423.999,218.5210836,218.9313367,430454.8503,264.9222239,580.9892262,33133.96063,0,3152.507839,522.5983901,35119.8489,695.2815347,13670.74226,396.3503784,8063.543996,0,2042.927344,0,1216.504332,0,1410.765346,12722654.2,30899.98371,291.0217316,8601852,0,21724.60645,167.1386994,2182.60773,0,13375.96169,0,4328.492913,11789.2868,288204.7522,0,3746.695769,6353.156208,368323.9743,0,2599.147679,7165.2596,69095.07928,143.6429895,1202.932973,850.2041436,9066.406189,4825.529612,66706.058,687.7641939,1048.077293,371.7114504,34680.8125,319.4439055,10939.53545,97.00923387,3593.796462,12336.14586,208234.4019,13929.40968,201683.9869,5538120.093,4604.542435,182015.5973,171490.1652,398.063637,120.3055723,11.07733933,2631.707698,1246.513913,25698.84613,559.8701178,3336.891108,221.0638198,836.2938001,0,2893,0,890.2190068,2905.329105,44394.25537,5779621.293,15140.44156,6061.167366,175469.0323,2956.475406,25361,85729.93345,1636190.847,90290.42594,1050103.074,1851.120175,19063.42778,624.6806223,810.9183691,7706.516627,9852.190304,138483.7572,466.4038233,14714,0,784.4945132,398025,1700.345286,30972.98549,419111.7523,1173.429866,13868.06983,566.6421973,8317,0,1412.118803,345.2783918,3452.316338,142.7643281,3125.763153,16685.62748,84.00482369,58677.44705,704249.9204,1168.289942,11732,0,395.9146544,0,753.4706128,3773.167902,44267.04306,473.3275596,5136.811122
blk8,0,0,0,0,0,0,0,0,0,0,0,0,0,0,0,0,0,0,0,0,0,0,0,0,0,0,0,0,0,0,0,0,0,0,0,0,0,0,0,0,0,0,0,0,0,0,0,0,0,0,0,0,0,0,0,0,0,0,0,0,0,0,0,0,0,0,0,0,0,0,0,0,0,0,0,0,0,0,0,0,0,0,0,0,0,0,0,0,0,0,0,0,0,0,0,0,0,107,182.675302,8938.217595,8349.588946,48,3441.31565,8407.742972,0,440.5245436,0,548.4826724,331.9824205,1077.451194,269.9917645,0,31,2177.843735,0,0,3102.996646,0,0,0,0,0,0,0,362.2260638,0,37.26586969,101701.7873,0,175.9286974,555.342391,0,0,298.6660765,0,0,0,114.5140897,282.0432042,853.1403496,0,230.1065539,0,71,0,0,10919.21611,0,0,0,0,1154.34011,16781.339,0,0,0,367.0576446,0,0,170.1202421,6,294.1646786,0,0,0.286548004,2.021322598,0,1,0,0,7741.67065,0,0,2125,0,0,0,2908.76382,0,0,0,0,0,0,0,0,0,445.9450565,2242.211519,0,0,0,0,218.4773118,25,175.3164122,0,0,2310.177785,75.08201412,0,1.194428407,1.381661381,0,0,0,0,0,0.619135995,0,0,0,0,0,0,17.30771842,68708.76405,161.7998382,0,69958,0,0,0,0,0,0,2.254981054,0,201.9203747,2246.902047,0,0,0,5535.266572,88.79644844,172.7617708,0,0,126.3320514,0,0,0,0,33.0123849,0,0,0,0,1.236157934,1744.741274,0,226.673597,39.92251397,291.1830601,343.6971931,613.4796333,15616.27269,0,334.0617634,752.6526584,0,0,0,178.3461718,0,0,0,130.8432212,0,0,118.731439,41,0,0.950101036,0,109.5585865,14784.08589,127.6250383,0,1408.655054,23.34613063,2,132.9910072,2253.709458,0,3940.479651,0,0,34.16786437,198.4782302,584.4186426,0,635.2502115,0,90,0,0,2207,260.9740198,0,387.8654284,0,0,0,39,0,0,110.9975555,0,0,0,40.83080227,0,0,2530.496324,0,76,0,0,0,0,0,367.5903853,56.13683231,422.1635613
M279-Liver 1462,0,0,0,0,0,0,0,0,0,0,0,0,0,0,0,0,0,0,0,0,0,0,0,0,0,0,0,0,0,0,0,0,0,0,0,0,0,0,0,0,0,0,0,0,0,0,0,0,0,0,0,0,0,0,0,0,0,0,0,0,0,0,0,0,0,0,0,0,0,0,0,0,0,0,0,0,0,0,0,0,0,0,0,0,0,0,0,0,0,0,0,0,0,0,0,0,0,6543,45281.07196,165042.6314,497800.9116,6303,49177.74682,686472.0797,3522.453708,16407.74222,4407.571359,170959.5278,59823.74474,484939.3936,10602.9218,0,3754,116491.6477,195.263536,0,371886.0403,1068.878286,877.9401787,0,0,0,1119.736987,279.0423069,18825.08018,0,783.798631,12831524.32,0,40412.64956,30951.96031,0,1052.292459,34288.74581,0,761.3272464,0,477.0693373,826.0685786,14973.88364,0,2123.770518,0,507,2908.131979,2165.99141,1216326.252,0,4092.493226,0,3773.525073,17502.78331,194818.3196,335.4920461,4213.620384,0,247.142888,0,1388.717875,98.21224886,5212,104.4760301,3660.970399,0,4930.47209,4262.494661,0,1084,0,1183.89164,2341214.656,481.5787056,5589.754372,3672295,255.2141081,4871.836035,2956.112356,2101149.896,2045.951425,1459.759164,57433.5165,766.3741286,34040.79975,202.2005917,2901.820438,326.0569437,7713.216521,11444.71324,122958.7246,101.8210951,2483.858228,0,16557.77889,273.6688401,2754,1485032.041,170.008861,742.0450098,1186599.958,0,171.0937577,52971.599,0,2152.723235,209.3345086,42726.54794,2586.699105,32115.61102,2563.65472,25814.96677,0,5161.471481,0,1338.002392,187.5948822,3305.322372,17552824.52,39990.67155,2192.777264,22048804,646.7510935,60549.51597,0,2587.020334,0,15012.91526,109.0778107,6880.623451,13268.59756,548996.6571,122.9142441,10665.28329,6336.567439,266959.2119,135.5343436,7709.949263,18123.47985,223756.7174,588.9484663,4416.906662,1768.787337,22682.01891,26702.98006,384793.6873,560.6192741,4842.410073,265.4352685,48204.46419,2421.966836,41625.63969,0,2271.04485,19140.33363,296849.8331,40363.22094,488503.3949,8312869.494,4369.206696,174963.0933,167359.0331,244.6228193,162.4115124,129.2216016,3626.32857,3905.664717,51167.99914,923.5044173,11389.24311,106.0780812,1468.33378,379.7112525,5465,0,1224.479177,5150.753144,105054.5233,13632138.71,35139.55167,9740.048372,386584.2567,3142.430029,35854,138929.0178,2453815.187,226255.6161,3242358.117,4420.44302,52482.77808,252.9834099,1555.151081,20539.06648,23268.30451,307583.1333,748.5252589,12439,0,663.7416473,509168,2446.457188,56409.44576,856361.9598,1273.081156,14792.57878,1103.229956,14031,93.25685346,1088.553691,524.1176165,7960.92098,0,2714.545075,17467.47098,32.56899597,99350.02478,1334300.319,1669.190044,21119,0,116.9603527,0,1099.306904,4791.844848,62965.35111,476.3628382,5157.267999
M280-Liver 1461,0,0,0,0,0,0,0,0,0,0,0,0,0,0,0,0,0,0,0,0,0,0,0,0,0,0,0,0,0,0,0,0,0,0,0,0,0,0,0,0,0,0,0,0,0,0,0,0,0,0,0,0,0,0,0,0,0,0,0,0,0,0,0,0,0,0,0,0,0,0,0,0,0,0,0,0,0,0,0,0,0,0,0,0,0,0,0,0,0,0,0,0,0,0,0,0,0,8529,64087.52213,180280.5858,804912.9205,10855,53573.93306,833327.6495,4282.917582,20749.39131,6553.462191,227005.3716,74483.56672,560248.6274,9546.413879,0,5298,124617.94,0,210.9380289,502013.967,1373.69813,1134.068634,0,358.1604228,123.8667118,963.0775824,146.4826768,23510.9075,0,561.9885149,17607044.98,0,44134.35818,33919.34939,0,1183.452788,43839.35152,0,1304.700714,159.3700438,1048.018705,1429.677723,18109.32354,0,2405.476678,0,915,2340.601908,3604.072309,1176292.331,0,3459.032906,0,3513.278409,21090.0341,252513.9631,394.0052001,1894.14725,0,0,293.281602,3799.48765,686.8905248,7406,148.0815878,4062.18436,0,9121.281281,6558.304083,0,2579,0,1946.867071,1992865.876,67.10118587,6174.708351,3008614,163.2923302,5225.021556,2112.825437,2334229.681,2516.822218,1715.390687,80449.24132,1379.874938,44285.69651,0,2861.082663,0,7717.001696,13622.40579,174666.5692,0,2248.977476,498.6674806,14745.70317,162.6874443,2576,1406412.779,124.4714119,860.4496537,882297.8707,0,988.9112722,68221.74235,310.6054471,4908.006488,482.6716019,50381.04772,1408.30431,28027.26722,2228.668625,29133.78374,41.58491747,4126.065314,0,3093.858376,0,2372.489102,21788816.44,46720.19853,2504.580963,19644858,0,52666.02671,188.6063383,3748.790735,0,16173.68,0,4985.989864,15148.31023,633667.3582,427.654914,15335.52937,10532.92012,455170.2447,0,8189.659966,16802.96746,221326.9204,362.3985779,2720.592873,1754.875961,26431.27417,18698.71026,281433.9476,266.4531567,4549.362672,750.7977437,62578.55098,1509.373598,29552.10957,32.60166624,2895.261601,23098.43155,346082.5626,26340.82136,454269.52,6897186.558,7400.226685,210593.7069,197912.5865,248.7175145,129.8422852,0,4954.440285,5256.124847,68393.09448,461.3964253,8106.960484,75.92408948,1318.823646,342.0216127,8976,0,2784.042495,6277.096269,94373.10466,14013579.37,40242.41779,15509.32038,427602.1925,4586.712166,41861,168108.4605,1985128.528,198350.6471,2461043.036,4335.509467,45399.64709,965.5437731,732.8433934,18746.64385,20973.00971,300174.6016,972.3184422,15824,162.4319888,758.2822256,566973,3152.767902,67623.73987,805408.8062,1188.072569,16672.72763,1428.677783,14902,24.35150351,1774.504405,261.502433,7981.629672,134.4567,3297.657473,20483.80688,36.16407882,104264.6511,1267431.819,2562.405606,23034,55.64733809,646.9530945,251.693957,1232.424919,5976.793038,67779.34003,343.4442124,5864.082251
M281-Liver 1460,0,0,0,0,0,0,0,0,0,0,0,0,0,0,0,0,0,0,0,0,0,0,0,0,0,0,0,0,0,0,0,0,0,0,0,0,0,0,0,0,0,0,0,0,0,0,0,0,0,0,0,0,0,0,0,0,0,0,0,0,0,0,0,0,0,0,0,0,0,0,0,0,0,0,0,0,0,0,0,0,0,0,0,0,0,0,0,0,0,0,0,0,0,0,0,0,0,6236,44003.08691,206760.9781,534851.8541,5706,60275.71657,819629.5092,4028.537866,18596.65429,5881.787897,197068.4941,70122.17431,550680.2484,9150.653362,0,2387,80546.39219,0,184.1654125,348542.1202,1059.043779,666.9844658,0,141.2236174,0,816.4634166,242.1880465,20495.37822,0,576.0732168,12206221.79,0,33015.53489,33756.84516,0,792.2425762,33685.09552,0,892.8389446,0,1247.034031,1316.328223,18170.81862,0,2338.718229,0,201,1974.928193,2467.028173,1016653.264,0,2245.974801,177.9531006,3793.667421,16970.36459,287351.84,498.594862,4391.161466,0,523.0918389,0,2587.485677,357.7308893,7353,0,3393.092257,266.4771659,5521.930657,3572.231222,0,1145,0,1497.002404,2265101.442,767.575797,5167.31839,2394353,0,3072.531639,2877.133375,1788237.978,990.8637744,1584.782106,62404.95894,530.3863342,21953.5326,174.2816618,2543.636316,127.5008842,2551.164001,11960.57954,146367.0969,105.6876159,1496.432896,287.5729647,10102.67262,477.4179574,1828,1054773.793,161.6783619,658.7113803,1162435.407,0,509.171262,43676.86768,0,3634.976675,873.885319,41303.43669,2687.970035,25164.16168,1128.979036,16097.03238,91.9442456,3649.540815,0,2082.453001,0,1924.261829,13650482.41,32107.66782,63.61860995,18997266,48.32454356,42586.80534,284.3192783,1984.214354,184.2648621,15779.85414,185.4542157,3137.279952,12202.58374,456449.0367,0,6972.778781,6087.541248,248715.1879,0,4434.254021,16985.00415,195054.8019,476.8084661,3895.665765,1039.712846,23576.98616,15837.68788,241270.9122,141.2670547,4720.43675,930.378106,46817.76087,2395.651457,31533.27629,0,1774.575933,17091.32112,255597.1911,29169.87973,422169.4723,6180584.141,3731.02947,121267.9706,161546.9309,106.6147928,84.14907858,0,2012.938885,3473.043422,44773.7383,978.064033,10353.62733,0,472.6976686,236.7136883,7090,0,1068.236944,5536.487686,85399.31168,13645587.49,32511.64147,9624.730874,277388.0925,3815.234592,37877,152236.3074,2660694.111,212795.429,2990741.746,4424.402789,44690.39456,695.6562283,2106.784448,23379.17612,16688.81287,239093.7021,483.4831121,8401,0,553.4267303,408893,1813.711934,63442.88543,833522.2105,1035.363702,14888.97373,881.7498577,13901,36.79730391,1504.75364,664.6223173,4948.741651,0,3439.08981,29613.26894,0,98435.78837,1481199.617,2267.661152,24163,0,221.0203021,57.4804355,1187.037003,4430.398795,56021.75809,547.3089272,4688.255984
blk9,0,0,0,0,0,0,0,0,0,0,0,0,0,0,0,0,0,0,0,0,0,0,0,0,0,0,0,0,0,0,0,0,0,0,0,0,0,0,0,0,0,0,0,0,0,0,0,0,0,0,0,0,0,0,0,0,0,0,0,0,0,0,0,0,0,0,0,0,0,0,0,0,0,0,0,0,0,0,0,0,0,0,0,0,0,0,0,0,0,0,0,0,0,0,0,0,0,162,477.5754533,8986.592949,5956.281195,68,3301.079247,7771.018349,0,311.3963067,3.60036907,452.3891355,162.6965881,1233.187665,294.3499115,0,10,1848.733708,0,0,2436.518086,0,0,84.34768823,0,0,0,0.791956316,425.1074372,0,0,79571.52447,0,349.6357622,22.06175598,0,147.2754426,411.7966592,0,0,0,0,240.9688914,835.9742702,0,162.6731781,0,402,0,0,8553.142589,0,0,0,468.4449972,1057.052825,13208.40357,0,125.7534851,0,0,0,0,0,4,0,2.076240349,0,2.456602383,0,0,2,0,0,6539.640914,219.7360819,0,5761,0,0,0,1433.56744,0,0,2.055191249,0,0,0,51.66184142,0,0,192.6890874,4191.573616,0,0,0,0,0,176,1581.763322,0,0,2070.08504,185.0722365,0,0,0,0,0,0,0,0,0,0.92962553,0,0,0,0,0,0,79775.43951,0,0,59232,0,113.4677502,0,0,0.520496087,0,0,0,0,1339.657557,0,0,0,4844.692187,0,174.0730268,0,755.0795308,29.42564933,0,0,0,0,377.3999524,0,0,0,0,0,2283.75418,0,0,0,0,0,563.6604196,13855.52827,0,664.5108302,273.4841507,0,0,0,0,0,0,0,0,0,0,0,2,0,0,0,0,20127.6101,0,0,1518.688457,0,86,0,2308.539376,53.35671236,2456.290452,70.56545982,0,0,0,156.4832693,0,582.6478102,0,32,0,8.062917632,1571,0,0,190.3296693,0,0,151.3384367,58,0,0,0,0,0,0,108.8243352,0,0,3002.626116,0,213,0,26.9555638,0,0,0,268.960212,7.110406489,378.6156548
M282-Liver 1463,0,0,0,0,0,0,0,0,0,0,0,0,0,0,0,0,0,0,0,0,0,0,0,0,0,0,0,0,0,0,0,0,0,0,0,0,0,0,0,0,0,0,0,0,0,0,0,0,0,0,0,0,0,0,0,0,0,0,0,0,0,0,0,0,0,0,0,0,0,0,0,0,0,0,0,0,0,0,0,0,0,0,0,0,0,0,0,0,0,0,0,0,0,0,0,0,0,5384,42346.5487,187788.3075,519243.5011,6957,47657.13217,755193.7278,3449.05267,17054.00878,5648.775615,201294.5688,65374.61892,499593.7003,7825.746578,0,2588,90740.80423,0,0,299191.1718,1000.493205,818.7590991,0,0,0,777.8429918,363.8369903,15891.69455,35.3697593,783.1145679,13075500.74,0,34453.78782,29959.30695,0,832.6614083,32911.22748,0,616.7989991,0,911.3507282,1420.20513,16347.79924,0,2617.454424,0,1268,2227.938305,2461.391525,1165000.77,0,3499.583238,0,3291.983655,16284.36964,224116.7795,251.999056,3065.376512,0,178.9620729,0,1656.990635,0,6353,2.144284369,4310.701541,0,6611.74577,3673.429129,0,1047,0,1643.422286,2312080.393,131.3572305,5284.145643,2869637,123.1737579,5883.32338,2279.750984,1556810.557,951.6990294,1914.682984,63525.0488,798.2223898,31602.73332,240.1736376,2117.346712,0,5709.087147,8939.697974,133165.6093,171.478331,1866.698814,580.5157457,11335.84116,259.4027279,2014,1017168.433,563.8872445,1361.709866,933157.493,0,0,49088.94851,0,2667.553782,525.5045857,32927.46725,1878.83959,24569.06822,693.733309,19930.21754,0,4528.896949,0,1205.406141,0,2510.613638,15042717.01,38871.02739,1286.593072,17359363,229.8082894,49131.82527,0,3092.779127,0,15182.1894,0,3063.019819,16086.40994,485679.0897,0,10031.15094,6309.494511,235222.0058,203.8371761,5898.075144,19565.71809,186600.9797,371.481836,3884.50617,1562.637897,18143.22445,16542.02702,275865.836,676.1134678,3904.354964,876.0391693,39993.34499,3064.379592,33556.46939,64.30456383,2352.667547,13101.07596,267593.5663,36900.32586,429753.8222,6266148.768,4024.502466,152202.7156,148836.3665,37.05931139,294.1787197,222.4930816,3112.144261,3263.554678,40201.49214,742.5583895,8133.102894,156.7889641,396.1134061,269.802286,7185,0,1141.153383,3874.689213,80909.21327,11903724.09,26932.63261,11226.27184,342984.4398,2449.272299,35773,128776.4104,1838061.79,214112.3789,2544396.879,3681.86509,52724.22281,749.8935255,1116.273962,16450.41414,20797.67192,251570.3677,1010.603607,10827,55.27761139,471.0315037,394192,2513.862005,52639.15118,794958.9337,829.5146415,13656.86477,671.6879745,11248,35.83366353,1256.744557,364.9885136,5158.170791,279.6716872,2547.965524,15915.43929,152.9021843,89972.95755,1165484.157,1762.463198,20173,0,223.4231599,0,1031.474656,3790.539037,48738.47228,511.2173942,4318.179899
M283-Liver 1464,0,0,0,0,0,0,0,0,0,0,0,0,0,0,0,0,0,0,0,0,0,0,0,0,0,0,0,0,0,0,0,0,0,0,0,0,0,0,0,0,0,0,0,0,0,0,0,0,0,0,0,0,0,0,0,0,0,0,0,0,0,0,0,0,0,0,0,0,0,0,0,0,0,0,0,0,0,0,0,0,0,0,0,0,0,0,0,0,0,0,0,0,0,0,0,0,0,6499,39207.07119,182653.7442,600489.4401,10567,53729.05922,755437.2955,3433.471164,18836.74389,5182.29945,197434.2427,60640.23442,558422.1212,9903.512878,0,5019,169667.3793,224.9927488,0,635391.6891,1596.727975,1143.030367,35.99626542,319.0763766,0,1112.740343,409.1581483,21829.08507,0,677.7617908,15647856.45,0,46343.06301,32321.88942,0,1360.667934,44960.50711,0,698.5651548,0,925.1475415,683.3401747,16406.64118,0,2535.009681,0,652,4694.707577,3202.721991,1211626.028,0,4425.460781,182.1585537,3425.769059,22102.80996,201953.3035,0,3106.253809,0,0,0.515153111,1713.664276,523.93472,6067,0,4293.863705,127.9865735,5211.506106,5616.496411,0,116,0,1192.602309,2835623.858,106.0510753,6493.948779,3467610,0,4413.106651,1950.918151,2178835.627,2131.330712,2246.341391,76722.83345,1216.256678,41340.34937,333.3586512,2925.385188,1.131057379,8339.844634,10838.77808,132223.6483,0,1672.056057,561.2123918,20817.66838,0,2688,1341837.896,471.904504,738.4193525,1215348.622,127.1313456,742.6320329,74721.71122,400.4900868,3463.36438,419.6866029,57469.33308,642.9028844,32517.7865,2961.582827,32961.27671,0,4865.586881,170.5192694,2686.086136,262.8909029,4202.20775,24432828.91,44379.80782,2296.982431,24525755,317.5508124,53292.64633,0,3027.921251,633.2299395,19037.05723,0,7766.067371,18259.74137,637351.9807,262.299557,13826.40064,11132.11138,423262.118,628.0369448,10119.71387,17678.66387,210196.228,671.820795,3863.190338,1810.694267,25222.6473,21761.60805,271171.8965,190.4776096,6361.446232,835.6435448,67634.85617,1740.322852,33836.2738,0,3210.126739,21217.21254,475729.2044,33290.78498,511757.104,7605419.85,6396.050268,243585.1837,194413.3945,33.69274227,245.307828,0,5342.037038,3131.837627,69799.27115,714.5713952,9995.180423,157.7638568,1636.056996,424.3719426,9427,87.2122484,2123.407617,5354.813281,92487.10077,18161350.02,44859.27327,16077.2369,521137.7973,2923.817072,56176,165626.3771,2307054.404,217861.9631,2723510.565,5331.844892,45487.83521,1043.804232,1599.659554,18284.1637,22484.80611,355737.3205,1268.041687,19071,0,418.4637877,523561,3230.35742,62689.62436,845697.4245,1294.347391,18485.53432,1085.143975,12451,18.28361692,1553.760972,405.0471027,6622.819589,310.7326606,3247.803465,24933.2815,156.5426917,104899.2021,1587029.285,2449.820051,25699,0,164.8451727,176.5583089,992.6306428,4979.681757,63377.77428,336.04007,5603.35618
M284-Liver 1972,0,0,0,0,0,0,0,0,0,0,0,0,0,0,0,0,0,0,0,0,0,0,0,0,0,0,0,0,0,0,0,0,0,0,0,0,0,0,0,0,0,0,0,0,0,0,0,0,0,0,0,0,0,0,0,0,0,0,0,0,0,0,0,0,0,0,0,0,0,0,0,0,0,0,0,0,0,0,0,0,0,0,0,0,0,0,0,0,0,0,0,0,0,0,0,0,0,4267,32872.78671,199482.0497,610804.5025,11451,57541.14046,798882.7201,3921.241548,18225.55042,5692.19784,198382.8244,62351.70584,552604.1519,5668.316861,5.225650301,4186,128753.8801,0,214.5910049,297819.4298,754.7371222,1095.364436,0,679.0570887,0,1376.041252,221.7021144,19398.35468,0,691.6810024,24401595.86,0,53744.01666,104124.5572,0,1604.284973,77408.30721,221.91137,1383.011442,198.3019247,1931.051423,1302.97622,20888.28967,0,4165.369294,0,1636,4367.035836,4376.383844,2862988.267,0,7540.904616,630.657449,17428.2669,20221.40726,322932.4563,455.7804596,4627.802501,0,0,0,4730.208388,1254.536518,22730,0,2138.15271,0,6099.397695,6277.908396,0,1652,0,740.0120288,1504493.934,0,3677.225963,854441,0,639.5363769,282.2501914,1824270.066,1244.504577,1406.078995,76701.70627,0,12580.50539,0,1434.86687,0,5019.543574,26110.61396,444467.9304,0,201.1706241,136.5209584,4234.761878,793.5984907,4533,452399.8224,512.6494443,225.8600765,332771.7855,0,314.9800834,35603.37864,244.3734393,4408.769739,314.4549127,44564.70169,1855.710891,18772.04837,0,2026.749714,291.7787878,3929.646907,0,1428.920583,0,3667.588041,24530299.88,44510.20764,1734.339121,5662985,0,17535.71972,0,1280.295875,0,16938.18512,0,8214.873216,7378.977694,331432.2673,0,5805.778548,10883.24481,335764.1334,151.6243455,4858.183155,7621.778808,103858.8143,579.8799775,2150.52752,539.4811281,10147.27996,3306.335986,50631.19547,783.3336274,801.3239914,411.869022,51184.34071,220.2000056,8994.51536,409.8113357,5258.86963,14849.17888,200570.6979,7198.676483,101750.2149,6836573.546,7154.467044,224785.6975,310633.6065,287.9546137,0,0,5830.12237,2019.096996,28874.2485,624.7026428,4996.453975,76.41443034,936.9969259,207.0909717,4082,98.40059123,1745.081743,4606.470044,52877.83672,9448362.371,21713.60363,9907.21733,355070.2193,3536.01444,36280,130933.3249,1904729.903,54424.16088,772352.7775,1657.7903,15552.99149,0,788.2755883,7091.00643,9698.043621,120369.9241,1328.263021,25478,0,722.942476,591920,1262.37335,52345.91239,684772.0616,1475.047188,26209.78278,1046.262867,12579,110.7083809,1989.908844,208.480131,4887.783233,258.4136999,3352.474665,41074.42551,40.83603659,46947.96583,630086.7184,1130.735671,9752,0,402.6261579,0,1037.586126,5422.804096,68996.21184,565.4548873,6763.300134
blk10,0,0,0,0,0,0,0,0,0,0,0,0,0,0,0,0,0,0,0,0,0,0,0,0,0,0,0,0,0,0,0,0,0,0,0,0,0,0,0,0,0,0,0,0,0,0,0,0,0,0,0,0,0,0,0,0,0,0,0,0,0,0,0,0,0,0,0,0,0,0,0,0,0,0,0,0,0,0,0,0,0,0,0,0,0,0,0,0,0,0,0,0,0,0,0,0,0,167,12.68072776,8859.201782,6232.750439,61,3203.524757,7732.310602,0,361.7217226,34.26222284,533.7211826,314.7569542,1103.753065,247.176534,0,0,1918.659256,0,0,1653.331954,0,15.8140223,0,0,0,0,0,183.1279623,0,0,86639.66855,0,177.8217254,218.5396455,0.688118305,0,603.709799,0,0,0,118.6935776,0,495.031156,0,242.1022489,0,424,0,0,5205.879965,0,0,0,475.5714127,1200.669518,16117.12295,0,317.4521294,0,0,0.345453103,0,0,36,0,0,0,0,0,0,1,0,0,5737.687981,0,0,2337,1.994519136,0,0,947.1354111,0,0.548799968,74.41542963,0,0,0,241.4729245,0,0,300.8204715,4497.02095,0,0,0,0,0,0,962.1684082,0,0,1662.961204,0,0,0,0,0,0,0,0,0,0,0,0,0,0,0,0,0,68828.51879,0,0.173978078,52641,43.1598475,0,0,0,0,0,0,0,254.5345436,1397.282449,0,0,403.8823155,4514.205462,0,205.3623927,0,0,274.5611905,0,0,0,0,0,0,0,0,0,0,1432.097883,0,0,0,747.6964767,0.390348585,367.0749624,19018.27896,0,1212.291984,622.0338156,0,134.5888526,0,0,0,146.7056117,0,0,0,0,0.213347173,55,0,0,0,0,16118.37673,106.7893295,198.9076307,1509.122045,0,134,108.377179,2275.451457,416.8861117,4016.234103,0,118.1530975,37.59287535,19.58886955,396.6155041,0,473.0431888,1.56555041,164,0,0,1486,175.7220875,0,486.6567383,0,0,0,2,0,0,0,0,0,0,381.4762206,0,66.44980896,3311.778163,0,11,0,0,0,0,0,292.9300963,0,544.6502409
M285-Liver 1973,0,0,0,0,0,0,0,0,0,0,0,0,0,0,0,0,0,0,0,0,0,0,0,0,0,0,0,0,0,0,0,0,0,0,0,0,0,0,0,0,0,0,0,0,0,0,0,0,0,0,0,0,0,0,0,0,0,0,0,0,0,0,0,0,0,0,0,0,0,0,0,0,0,0,0,0,0,0,0,0,0,0,0,0,0,0,0,0,0,0,0,0,0,0,0,0,0,3553,18231.47644,174609.9054,336316.8823,12520,49047.87358,650129.405,3208.064582,15280.3837,4857.38262,159547.1541,58995.28136,512018.6284,8382.156885,0,4041,113286.7412,0,133.1302324,306369.3022,901.4749148,1273.90632,141.0606048,302.272814,0,886.7655996,304.546219,20773.02373,0,988.5612231,23548533.37,0,53934.8387,79414.65942,132.1899217,1884.178179,70117.44787,0,976.4735931,233.1598728,1916.197854,1370.250314,15842.53358,0,3138.597549,0,87,4199.04383,3321.184694,2281754.401,95.10818704,7178.750659,386.0717097,13100.58969,19390.17464,288765.6555,252.5990783,3882.232313,0,551.7581714,321.2104636,2770.53826,954.0261394,12428,0,2268.581964,0,6199.857373,4941.005326,0,565,0,453.7057696,1310934.372,0,4452.336091,713142,352.9832172,516.1973731,689.9677427,2017602.25,1425.964863,1850.813775,53860.49743,124.0497525,9524.699116,159.3406665,1809.155385,162.0742193,3682.536441,32882.25518,446112.9122,281.2589384,202.1492856,0,3880.433053,1169.721969,5528,387275.4629,233.9813253,264.5519588,488842.4432,194.2352496,413.9212803,38733.90916,373.3037882,3505.680145,645.9302317,50419.91526,204.0187045,16332.71754,145.8887622,1490.747831,0,3099.428828,0,1286.574759,0,4396.45156,20590433.81,39341.46051,364.0301544,6615025,183.6196275,16937.47621,0,1375.398562,128.6941717,17265.90885,0,5232.091495,6234.457137,285511.316,266.4365934,5497.306068,7764.159018,328400.3991,366.5252603,3031.879448,7317.404185,96745.58247,491.1779958,2345.940779,576.0975446,9807.413699,2594.358792,42074.89173,533.3965489,585.0743784,639.2087845,59972.0936,321.9604404,10412.45486,228.5704853,2704.096698,10400.36824,164758.5201,5689.046195,87470.28095,7550751.251,5624.691135,236471.3373,288249.3937,62.53815443,0,0,4390.074821,1599.567409,23874.81209,456.6845942,5238.680016,165.772005,1171.315264,0,5303,0,1557.593706,4063.481557,50492.7003,8473223.081,20774.19339,11591.49385,310169.5423,2961.207084,38259,104821.0403,1796312.373,55637.56614,764109.1471,1620.324697,14746.14022,2065.312401,550.0480246,8966.85888,7474.572358,122294.9525,807.6975755,16892,88.58184199,981.0889022,553576,1668.688076,43944.14574,594201.5307,1685.752323,27768.02741,1390.480126,10003,0,1804.071627,167.0511055,4933.11388,383.297973,3815.825278,28039.44115,77.25615456,46468.35789,604715.0252,1007.140397,7961,0,306.0872275,0,1254.386415,5252.618976,60782.17999,603.4940194,6549.215304
M286-Liver 1974,0,0,0,0,0,0,0,0,0,0,0,0,0,0,0,0,0,0,0,0,0,0,0,0,0,0,0,0,0,0,0,0,0,0,0,0,0,0,0,0,0,0,0,0,0,0,0,0,0,0,0,0,0,0,0,0,0,0,0,0,0,0,0,0,0,0,0,0,0,0,0,0,0,0,0,0,0,0,0,0,0,0,0,0,0,0,0,0,0,0,0,0,0,0,0,0,0,5335,40460.84619,160405.9199,613104.5766,14627,44355.72773,661488.5075,2917.338644,15774.32581,5047.253568,187664.9806,57457.21078,472580.1313,10709.20582,0,3296,156448.9836,0,387.6177489,378340.8408,999.1304046,950.6345539,123.8155161,686.0583066,0,1194.516388,763.9397559,43896.6666,0,407.8409714,26033197.5,0,69121.49613,80424.45922,0,1912.193986,69024.56833,245.5933765,1828.517028,193.4911157,4029.783623,1010.398445,17344.03645,0,4332.832622,0,545,2936.427491,3580.543464,2183321.891,0,3712.969061,425.5225799,16883.72449,35031.82804,486426.2495,707.3159311,7709.726629,0,421.8366968,148.569174,2361.859105,599.5855127,16635,44.27970502,4668.613345,332.8414734,11466.45905,5528.135882,0,2305,0,1984.481457,1753011.8,0,4155.329159,1103346,0,881.9327588,845.7777514,2627895.264,1359.829792,2076.203581,67249.28093,235.25149,9269.545697,0,1534.773198,0,3744.359277,36137.98747,419176.0373,0,560.8860381,0,4375.179179,1095.046052,6593,1117298.71,616.9545772,446.5157842,415148.3216,249.8177781,674.2143182,85979.62889,293.5792593,7969.518756,1297.58121,87767.44647,1470.735815,23834.95272,0,6745.5198,205.8722524,5680.457545,0,2955.595685,0,2344.28335,21258190.29,39622.63698,0,9082445,0,15333.2843,0,2623.872536,0,31123.21632,205.6523039,6034.293253,9933.212125,332163.1097,0,7255.965765,8229.972173,306095.0744,170.8884701,4969.026812,12707.15763,232206.1982,734.6169429,3213.143479,1450.351617,18396.039,6414.938759,89210.38718,1460.066972,2533.508737,1111.492253,90960.18131,963.7503272,10224.35497,50.27329649,4744.434966,15870.1201,297105.3792,10392.59158,157756.0583,9152359.481,7885.430115,317212.2038,359661.1917,305.1102325,138.9585174,0,5669.280424,3900.412069,53517.69713,393.5462956,7151.101553,218.8112298,1415.832179,574.6782743,7611,480.2206412,4667.662424,6865.813553,96927.35934,9152294.663,28739.99274,14312.41929,392705.4638,3171.722777,47641,185504.1684,3057033.429,108012.7251,1073162.517,2996.330599,20602.42803,908.4487285,887.3823829,12117.31646,12894.99871,193098.4794,1462.571911,28228,153.4361434,1294.107275,728026,1751.678863,86914.60959,1131020.569,2984.849713,34217.63964,2056.137478,13461,286.2610115,2785.996117,564.5421852,9327.730148,256.7877278,4674.807742,41245.52592,99.14966534,66604.4396,1095370.723,1726.32804,17954,0,1000.864572,0,1716.717818,9140.512546,106555.243,723.2229932,10140.93397
M287-Liver 1975,0,0,0,0,0,0,0,0,0,0,0,0,0,0,0,0,0,0,0,0,0,0,0,0,0,0,0,0,0,0,0,0,0,0,0,0,0,0,0,0,0,0,0,0,0,0,0,0,0,0,0,0,0,0,0,0,0,0,0,0,0,0,0,0,0,0,0,0,0,0,0,0,0,0,0,0,0,0,0,0,0,0,0,0,0,0,0,0,0,0,0,0,0,0,0,0,0,6420,40298.96051,179516.804,655207.4259,16106,50709.46665,732580.2508,3567.208763,17020.55925,5702.043844,191372.652,58928.59049,496734.861,7106.41114,0,4089,181581.8947,447.4182813,341.5376573,504031.8887,1106.321715,1499.68281,0,1090.568111,166.3830526,1557.252234,222.7329829,39656.48155,0,533.8058261,28837810.71,132.9127985,71165.8993,94056.67985,0,2041.187765,71738.8777,0,903.1435084,269.6318886,2470.574186,1438.236325,21003.0309,0,5697.878093,0,1240,3551.042292,3482.551633,3292122.613,0,8297.465007,602.7948627,18028.97673,32670.77526,412876.6692,548.2752179,3655.298335,0,491.8043828,464.4013579,4846.346553,1217.209531,15352,0,4814.752,119.7778621,11432.73519,5011.002448,0,408,0,779.7275474,1800269.804,237.1758976,4743.749398,1171808,0,1017.579369,455.0117369,2635848.688,1753.395947,650.9517397,43262.7204,0,11956.75394,322.0658435,2404.005009,0,4381.185876,43477.63418,526280.6643,0,682.6273492,289.1360316,6868.399131,451.4606625,4962,1086319.087,290.23919,809.9865103,420003.7548,0,817.0019656,58975.5198,595.5223056,6719.090266,1045.675067,79499.21918,2261.460117,23297.48788,211.997848,5404.549276,0,3253.802383,0,3242.117416,45.68857254,4035.168274,28359665.62,56351.40346,693.173048,7405767,132.1822546,20671.88003,355.2661066,2416.261084,239.1176528,28576.78515,168.3519669,4907.025105,12489.67135,372337.6025,451.4285877,6969.661892,13858.7438,403358.8986,0,6487.561536,16912.33862,169559.4095,1109.312112,3156.896089,2364.457479,16762.43727,4274.656391,73487.2309,887.7646009,1977.334459,648.7771025,96493.87018,419.2689867,10370.54068,187.1049653,4766.887409,19876.8939,317411.5804,13245.49473,154735.4469,8191816.138,8656.989517,267666.9204,408172.5863,202.6303905,160.8895074,0,6207.27652,3355.391752,52932.1716,1198.305308,8896.658361,378.3689404,1345.367462,170.1238354,0,186.8405515,3522.407063,7197.770204,114088.2718,9602623.935,27591.47907,13033.78925,407401.6626,4341.554699,46615,210972.9855,3083689.868,124145.4268,1398955.453,2997.392919,26412.15238,1121.946375,444.6747218,9755.670258,13133.76801,207898.3257,1285.015569,26950,0,1291.476184,603081,2245.864828,82672.36493,1261923.529,2817.244645,51461.49322,2208.157675,17382,136.9537161,2493.065457,431.928615,10180.47323,361.9069232,4563.46769,33633.53155,111.1487051,78563.63925,1061707.01,1668.890725,19699,0,581.9473575,348.4639817,1485.857633,7669.775532,107516.9503,1077.492125,10130.13538
blk11,0,0,0,0,0,0,0,0,0,0,0,0,0,0,0,0,0,0,0,0,0,0,0,0,0,0,0,0,0,0,0,0,0,0,0,0,0,0,0,0,0,0,0,0,0,0,0,0,0,0,0,0,0,0,0,0,0,0,0,0,0,0,0,0,0,0,0,0,0,0,0,0,0,0,0,0,0,0,0,0,0,0,0,0,0,0,0,0,0,0,0,0,0,0,0,0,0,198,681.7136151,8107.597408,6639.364747,350,3690.111857,7438.861134,0,408.839636,0,484.7633186,301.4552214,1042.2925,0,0,15,2199.860474,0,0,2435.194057,0,133.7138876,29.37960775,163.7827506,0,0,0,0,0,0,78824.84878,0,303.1523956,78.96108722,0,46.00102977,346.4018552,140.5595065,0,0,196.4352763,0,756.0777178,0,163.4587923,0,521,0,0,11562.0348,0,92.10484715,0,100.531105,1005.002388,11475.99613,0,0,0,188.7785553,0,0,0,268,0,0,0,0,0,1.560515824,0,0,0,8371.230036,0,0,3907,0,0,0,1304.061785,0,1.179962818,132.3630552,0,177.0741061,0,0,0,0,404.5585047,4901.623967,0,0,0,0,0,2,809.5358568,0,0,1829.721928,0,0,0,0,0,0,0,134.7911882,0,0,0,0,0,0,0,0,0,67269.88027,317.7303838,0,58399,37.82706396,0,0,0,0,0,0,0.941768569,104.0328596,2218.995064,0,0,0,5273.13734,32.85011227,112.127161,0,0,0,1.945636053,0,0,0,0,0,0,0,271.1578839,0,1898.928606,0,168.252485,0,225.6968992,0,540.1556978,21767.00924,0,572.4622254,676.5098043,0,0,0,0,0,0,0,0,45.48541211,0,0,181,0,0,2.354313296,0,22674.10198,96.15131817,0,1534.185133,0,35,300.9931038,3187.829863,337.1882202,4380.981456,0,63.92298208,255.7927341,0,159.0033255,86.66460273,109.0901048,0,113,0,0,1330,0,0,946.5985571,0,0.931532897,0,50,0,0,0,0,0,0,169.7840034,0,609.5490956,3336.98505,0,46,0,0,0,0,0,380.1430142,68.02808384,310.1265064
M288-Liver1981,0,0,0,0,0,0,0,0,0,0,0,0,0,0,0,0,0,0,0,0,0,0,0,0,0,0,0,0,0,0,0,0,0,0,0,0,0,0,0,0,0,0,0,0,0,0,0,0,0,0,0,0,0,0,0,0,0,0,0,0,0,0,0,0,0,0,0,0,0,0,0,0,0,0,0,0,0,0,0,0,0,0,0,0,0,0,0,0,0,0,0,0,0,0,0,0,0,5568,29378.03964,179276.4608,541563.3371,14221,50288.34193,774843.1073,3496.316719,15200.18313,5218.404121,167852.868,65724.27057,499094.9508,7087.64964,0,4960,156543.341,245.2788997,391.7504067,400732.6297,1254.802095,1692.474921,103.7945251,628.3878001,0,1611.353252,449.3865515,43845.86214,0,555.6130742,24310166.37,0,71434.05417,86969.09909,240.8525623,1901.72419,80270.12218,0,1632.672214,0,1805.763503,1350.027749,15789.87851,0,7006.501783,0,1069,4433.519994,3739.593068,3127034.38,0,8698.478434,779.8363294,20839.16441,24220.90499,345010.2349,392.0428937,3631.839602,0,572.8374484,251.8320529,5534.908334,227.0840189,15342,0,4670.97604,120.6112207,11431.15632,4939.119639,0,388,0.809590469,1704.745529,1649258.358,171.3215964,3839.975945,945709,226.3819608,1161.88863,735.7445052,3583904.491,679.8123505,1448.412508,81757.57826,781.9506228,13089.69,145.143637,2073.845364,0,3410.347653,26817.68749,638581.7577,0,775.1873269,175.1676028,4549.698849,658.1256888,8023,1065673.879,170.9954727,362.7684167,432125.3467,0,1445.852797,73341.56335,389.2255823,6324.041212,1186.052638,71066.94464,1771.778944,19958.6392,309.1192793,4489.113961,0,5189.233321,0.767839297,1732.852367,0,2652.380497,23588144.44,71090.95521,307.0977494,7936869,83.07348564,22806.29487,0,2649.710168,290.823819,26097.42141,0,8126.678913,12640.12658,308488.6138,0,5147.391293,16732.19326,433976.9682,98.46442106,5601.290297,12175.70815,217475.5818,1057.869354,3246.645706,1394.504708,19460.35563,4902.357076,72729.36811,761.8797111,1935.271381,1316.352846,106027.1315,1051.786003,11712.11793,95.43604084,4886.440019,16509.43329,307794.9208,10437.79314,103446.0874,9186568.872,8808.145263,325797.9896,427763.5524,797.1970584,0,258.1188547,6499.424606,2961.335829,47097.43072,794.6604749,7361.55595,166.6951627,2751.280169,290.7195684,7961,0,2723.989543,5571.754193,76322.835,11329687.34,32483.65703,14695.34979,541265.061,4574.810189,54945,222567.164,3114369.015,82780.66733,1209381.843,2307.49097,19664.66782,1827.805681,503.8059176,13722.14158,9850.519031,149038.4134,1580.340093,25599,0,1297.399427,724898,4273.025483,102558.9257,1205133.436,2578.428491,39772.28947,1532.959021,16483,65.07904787,2694.309471,173.7015951,7259.456211,513.6290049,5828.311693,31186.43683,0,76274.94497,932499.7305,1708.635661,16999,0,406.8719381,193.9485017,1545.086288,7510.489474,105964.4543,774.131481,9471.29387
M289-Liver 1982,0,0,0,0,0,0,0,0,0,0,0,0,0,0,0,0,0,0,0,0,0,0,0,0,0,0,0,0,0,0,0,0,0,0,0,0,0,0,0,0,0,0,0,0,0,0,0,0,0,0,0,0,0,0,0,0,0,0,0,0,0,0,0,0,0,0,0,0,0,0,0,0,0,0,0,0,0,0,0,0,0,0,0,0,0,0,0,0,0,0,0,0,0,0,0,0,0,7093,36248.64143,163812.7746,613732.485,15118,46560.66747,630731.8868,3114.352576,15518.62368,4871.520296,178220.5061,62285.34754,483340.2944,5855.298286,0,7141,221108.3466,0,386.2317442,482180.0131,1518.887401,1467.681403,0,729.0443872,0,1344.899563,327.0701449,33834.79907,0,357.8625274,29848716.71,184.5832101,73007.59514,62270.08743,0,1653.088235,74950.58608,0,1534.786152,218.9307792,2162.417193,1498.55401,17761.90798,120.0252753,4744.771508,0,135,4932.506658,3886.668503,3028668.023,216.7147513,6998.926544,357.1000192,17082.56482,23226.60921,248081.9312,399.2940762,3327.724662,0,0,147.049766,1836.322007,882.5570029,11257,0,3289.859688,0,7803.958831,7209.790016,0.356105332,1258,0,703.5470077,2032132.628,0,5773.232733,1118071,222.8608719,864.4346934,158.3358809,3122608.131,2373.350886,2013.809627,59046.77536,321.7254181,11059.50098,134.1196108,1460.943277,0,6119.335444,27014.71595,334430.7969,0,233.1279805,177.7534131,6578.067014,952.8553255,6750,1391846.231,550.2482687,739.3500771,634327.7647,133.923698,522.1234485,58951.9224,758.7702228,4064.233798,376.137413,65144.26405,1329.520409,18746.54438,129.6201694,3999.699576,272.0518134,5240.190203,0,2020.202493,2.183869773,3957.065824,29404491.97,68207.0372,835.0846585,8180572,0,19672.09589,0,1863.294911,119.591254,21506.62274,292.7664621,7331.254272,11463.79899,411736.4686,0,5991.074909,12277.65028,403791.214,0,5877.184723,11959.33693,149039.3407,622.6305872,3284.050945,1644.678645,19562.96123,5387.673253,73678.85853,0,927.8149704,653.9364842,64845.30711,789.2628737,12654.27997,27.01439629,5488.143148,16317.68514,280205.2155,10100.13307,133844.0501,10647881.32,10213.27147,349209.8302,412284.4017,251.6060464,0,306.868017,5856.232422,2275.021973,36631.00438,696.6073273,8629.629208,173.2617027,2122.691363,207.9280521,7001,107.0647464,2531.034675,5876.075922,86700.23299,11191929.07,35372.43445,14733.80042,564764.8385,5490.60199,50066,213979.3563,3529044.486,85655.43354,1055323.918,1847.096377,18471.73859,1774.223735,578.203143,10896.19455,11656.78501,207203.317,1196.613101,30423,0,1196.756284,808656,2361.00559,82316.31109,986107.9507,2841.14647,36861.20385,2040.808354,17625,0,2977.134321,511.5874776,5847.732277,566.5090925,5442.612701,30218.66289,66.24399204,90953.33945,1105130.634,1084.549114,13895,0,966.03318,192.8144583,1848.473253,7167.187895,98865.97183,800.0810132,10576.52343
blk12,0,0,0,0,0,0,0,0,0,0,0,0,0,0,0,0,0,0,0,0,0,0,0,0,0,0,0,0,0,0,0,0,0,0,0,0,0,0,0,0,0,0,0,0,0,0,0,0,0,0,0,0,0,0,0,0,0,0,0,0,0,0,0,0,0,0,0,0,0,0,0,0,0,0,0,0,0,0,0,0,0,0,0,0,0,0,0,0,0,0,0,0,0,0,0,0,0,82,252.146474,7945.504922,8208.894157,90,4142.201458,7953.047939,0,353.6701889,0,515.7803106,213.982707,1161.15944,406.166922,0,67,2295.807893,0,0,2202.252317,0,0,0,0,0,0,0.976653755,0,0,0,92099.58287,0,404.1632268,292.0041628,0,0,339.9391077,0,319.1207302,0,188.7685208,0,488.3571933,0,262.3317444,0,605,0,1.949862663,3686.630163,0,0,0,0,1365.380718,15821.32775,0,598.5508537,0,0,0,0,0,89,0,0,2.194270834,0,0,0,0,0,0,14596.49676,0,0,7060,0,0,0,2600.379305,0,0.060453409,0,0,0,0,279.3645881,0,0,639.3504943,3988.131156,0,0,0,0,0,17,1361.88028,0,0,1527.322889,166.7552528,0,113.280271,0,0,0,0,0,0,0,0,0,0,0,0,0,0,86719.38459,190.3548699,0,85548,145.6789133,0,4.285291699,0,0,0,0,0,47.26868502,1866.11702,0,0,0,4570.986132,0,0.121491711,0,169.7713156,0,68.85612892,0,0,0,376.5086016,0,0,0,0,0,2738.281756,0,0,143.0393777,168.4258441,0,1010.181298,19603.4527,0,356.3045022,749.5989116,0,0,0,0,0,42.68406194,0,0,0,0,0,45,88.42548125,2.45855283,0,96.38805815,26953.6236,0,0,1702.620968,0,2,89.9250584,3655.815337,86.89745536,2913.758018,235.3446536,0,150.1706697,0,402.6040595,0,443.78849,0,212,0,37.55838239,858,0,0,882.6569829,0,0,9.498699062,23,0,119.8163232,0,0,37.94118659,0,761.2231065,0,238.8518029,2651.038652,0,39,0,0,0,0,0,385.0887441,28.76461638,273.7424496
M279-291QCLiver4,0,0,0,0,0,0,0,0,0,0,0,0,0,0,0,0,0,0,0,0,0,0,0,0,0,0,0,0,0,0,0,0,0,0,0,0,0,0,0,0,0,0,0,0,0,0,0,0,0,0,0,0,0,0,0,0,0,0,0,0,0,0,0,0,0,0,0,0,0,0,0,0,0,0,0,0,0,0,0,0,0,0,0,0,0,0,0,0,0,0,0,0,0,0,0,0,0,4550,34411.62296,177674.8712,511640.1291,8864,54285.07317,668568.2445,3625.829947,16733.87389,5242.629238,180749.6437,61860.10949,512045.7322,7608.615163,0,3580,111929.6602,237.5356982,283.823435,357522.546,854.4374907,1109.689542,0,469.2521059,0,1619.525538,321.7730743,22207.59945,0,613.1145891,21453346.02,0,47004.31675,50862.99001,0,1178.831661,48166.80377,0,1185.876003,0,1730.53763,1217.086248,17938.03806,0,2859.428913,150.9940993,847,3175.04705,3021.74304,1654386.376,0.563099867,5290.98159,229.9438639,12783.39426,24284.58819,315435.6112,697.2667655,3554.184608,0,0,323.4659696,3554.530782,460.2043511,10849,0,4632.198563,0,8050.458118,4006.973509,0,1777,0,1346.29589,1592228.404,0,4154.133783,2052785,252.5792316,1237.086861,1491.602782,1934253.465,1049.03688,1566.747776,63722.83454,602.3336168,18745.71483,159.2858356,1736.891431,0,5204.593203,24212.57801,278568.9795,0,1213.751995,207.5818937,5939.765039,127.8753385,4691,921559.4312,1267.216001,0,722710.3801,191.1815004,571.5187887,49308.11993,0,3804.101304,110.307846,51718.56224,973.2935721,19145.22206,1173.237656,12456.7678,129.0909182,3478.137408,0,1815.407594,0,1328.531686,21256006.63,41198.01056,1154.144153,11312369,177.5545225,27473.28971,0,1828.191236,0,18130.72186,0,3971.241957,11478.31434,366381.4543,0,7745.311455,9404.523555,293206.9878,294.1831223,6196.031614,12730.03114,136352.8207,507.4836028,3073.207699,819.9495157,15353.24962,9294.503871,126134.7219,783.9641818,1689.939215,654.9150244,63993.53259,1175.877669,16667.54419,76.15199386,4676.456083,15352.1817,228908.8474,15792.46925,229922.4526,7241493.577,4951.926168,224104.0363,239286.9015,444.0843618,145.1318854,191.9785465,4814.123615,2784.831802,40437.70958,666.0123835,7624.755888,54.679313,1519.021228,0,5241,0,1225.575527,5266.638732,64412.66082,8628393.608,18554.98049,9821.541071,252301.7321,3638.72759,38851,137472.9238,1991363.34,118631.5586,1542892.65,2800.915489,28861.12555,320.7609475,1498.027329,11182.41552,12579.02148,225847.7605,487.2146069,16819,0,594.4573974,527485,1848.640605,50900.20799,703228.5154,2108.727758,21912.36422,1399.531313,12385,91.66564042,1223.400175,271.7020465,4642.151148,241.441476,3340.174545,19164.2924,83.5579722,70845.98743,868661.7622,1514.629665,16992,0,279.6072329,52.68827558,896.3324891,4728.918577,68052.49268,401.3818052,6792.781342
M279-291QCLiver5,0,0,0,0,0,0,0,0,0,0,0,0,0,0,0,0,0,0,0,0,0,0,0,0,0,0,0,0,0,0,0,0,0,0,0,0,0,0,0,0,0,0,0,0,0,0,0,0,0,0,0,0,0,0,0,0,0,0,0,0,0,0,0,0,0,0,0,0,0,0,0,0,0,0,0,0,0,0,0,0,0,0,0,0,0,0,0,0,0,0,0,0,0,0,0,0,0,4917,34239.29112,180018.4358,490258.3934,9708,55737.02471,719270.3705,3402.849848,6514.245366,4775.691497,168404.8721,60436.71479,496346.0014,8063.71502,0,3419,111963.2728,0,167.0795763,291364.3163,683.1804434,640.0648892,8.617117491,195.6267792,0,635.0218083,326.6067566,24004.66878,0.715772261,557.3975212,18779660.16,0,51605.80745,49181.11038,0,1731.969071,55908.35282,92.176914,644.0029166,106.6322814,2066.903476,1399.558021,16106.09244,0,3921.892392,0,1020,1281.0174,1311.497807,1011546.905,0,3143.275159,433.3573584,13342.19308,25778.50278,258767.7014,640.6379429,3640.187317,0,0,0,1891.188754,786.9139898,5751,102.5591394,3102.250465,0,5360.39065,4577.662999,0,1561,0,1072.669905,1310626.499,466.6991783,3646.499769,1253289,0,2198.444793,1095.334556,1495750.317,1997.04452,226.8898403,45368.09223,345.7802636,11956.92974,0,1662.582042,0,4436.855611,14409.239,208317.2229,0,560.6062404,0,9772.636974,497.3432673,4482,738391.1446,280.3489141,452.3924746,550446.2646,0,243.0820487,46173.58273,0,2557.931116,155.5120655,46636.99826,1615.497728,13327.97635,1155.957773,7676.1196,0,2814.182346,0,523.8681799,0,856.1802672,15775694.73,32325.86847,778.2782136,10008342,0,29145.46053,0,1744.908636,224.5341189,16279.15313,0,6227.206895,10058.99629,380698.163,0,6838.057873,6227.503603,256167.5947,336.1758086,3494.165744,6819.353894,86991.18833,163.4464112,1113.546864,607.7501384,10680.65487,4989.607854,83356.94801,342.2090798,571.6086555,373.0563183,46656.79998,719.1368327,11208.33283,217.3285613,3411.820519,12574.51355,202571.4213,14389.17325,201422.9102,5573345.001,4933.383002,198915.5527,185326.4372,442.084255,0,161.4682053,3164.565494,2225.676098,29494.15961,672.4740973,5196.769496,0,1003.082941,0,4834,0,1227.84064,2891.805436,53333.88449,7553928.519,21190.36146,7800.270347,204311.4308,2567.553402,28882,114895.9693,1597309.019,78726.17716,1264290.554,1848.039783,25236.50603,776.0618669,362.2765485,9577.333863,12299.29176,180549.0217,107.4042958,14341,0,697.2266987,437607,2114.806362,40162.08392,560822.8595,1527.077624,17320.79544,591.4118649,8608,236.3470262,1174.131678,299.3709788,3778.191482,0,2500.237523,15209.40769,0,65139.45288,772290.6483,777.8779385,12404,0,179.243112,178.0772143,1221.858734,4143.414663,54236.15091,501.1602802,4964.192196
