Sample,C1P d18:1/C16:0 Results,Cer d16:1/C22:1(-H20) Results,Cer d16:1/C22:1 Results,Cer d16:1/C23:0(-H20) Results,Cer d16:1/C23:0 Results,Cer d16:1/C25:1(-H20) Results,Cer d16:1/C25:1 Results,Cer d16:1/C26:0(-H20) Results,Cer d16:1/C26:0 Results,Cer d16:1/C26:1(-H20) Results,Cer d16:1/C26:1 Results,Cer d18:0/C20:0(-H20) Results,Cer d18:0/C20:0 Results,Cer d18:0/C22:1(-H20) Results,Cer d18:0/C22:1 Results,Cer d18:0/C23:0(-H20) Results,Cer d18:0/C23:0 Results,Cer d18:0/C23:1(-H20) Results,Cer d18:0/C23:1 Results,Cer d18:0/C25:0(-H20) Results,Cer d18:0/C25:0 Results,Cer d18:0/C25:1(-H20) Results,Cer d18:0/C25:1 Results,Cer d18:0/C26:0(-H20) Results,Cer d18:0/C26:0 Results,Cer d18:0/C26:1(-H20) Results,Cer d18:0/C26:1 Results,Cer d18:1/C14:1(-H20) Results,Cer d18:1/C14:1 Results,Cer d18:2/C20:1(-H20) Results,Cer d18:2/C20:1 Results,Cer d18:2/C25:1(-H20) Results,Cer d18:2/C25:1 Results,Cer d18:2/C26:0(-H20) Results,Cer d18:2/C26:0 Results,DHCer d16:1/C16:0(-H20) Results,DHCer d16:1/C16:0 Results,DHCer d18:1/C14:0(-H20) Results,DHCer d18:1/C14:0 Results,DHCer d18:1/C22:1(-H20) Results,DHCer d18:1/C22:1 Results,DHCer d18:2/C16:0(-H20) Results,DHCer d18:2/C16:0 Results,DHCer d18:2/C18:1(-H20) Results,DHCer d18:2/C18:1 Results,DHCer d18:2/C22:0(-H20) Results,DHCer d18:2/C22:0 Results,GM3 d16:1/C14:0 Results,GM3 d16:1/C16:0 Results,GM3 d16:1/C18:0 Results,GM3 d16:1/C20:0 Results,GM3 d16:1/C22:0 Results,GM3 d16:1/C24:0 Results,GM3 d16:1/C24:1 Results,GM3 d18:1/C14:0 Results,GM3 d18:1/C20:0 Results,GM3 d18:2/14:0 Results,GM3 d18:2/16:0 Results,GM3 d18:2/18:0 Results,GM3 d18:2/20:0 Results,GM3 d18:2/22:0 Results,GM3 d18:2/24:0 Results,GM3 d18:2/24:1 Results,MHCer d16:1/C16:0(-H20) Results,MHCer d16:1/C16:0 Results,MHCer d16:1/C20:0(-H20) Results,MHCer d16:1/C20:0 Results,MHCer d16:1/C22:0(-H20) Results,MHCer d16:1/C22:0 Results,MHCer d16:1/C22:1(-H20) Results,MHCer d16:1/C22:1 Results,MHCer d16:1/C23:0(-H20) Results,MHCer d16:1/C23:0 Results,MHCer d16:1/C23:1(-H20) Results,MHCer d16:1/C23:1 Results,MHCer d16:1/C24:0(-H20) Results,MHCer d16:1/C24:0 Results,MHCer d16:1/C24:1(-H20) Results,MHCer d16:1/C24:1 Results,MHCer d16:1/C26:0(-H20) Results,MHCer d16:1/C26:0 Results,MHCer d18:0/C16:1(-H20) Results,MHCer d18:0/C16:1 Results,MHCer d18:0/C22:1(-H20) Results,MHCer d18:0/C22:1 Results,MHCer d18:1/C14:0(-H20) Results,MHCer d18:1/C14:0 Results,MHCer d18:1/C18:1(-H20) Results,MHCer d18:1/C18:1 Results,MHCer d18:1/C20:1(-H20) Results,MHCer d18:1/C20:1 Results,MHCer d18:2/C16:1(-H20) Results,MHCer d18:2/C16:1 Results,MHCer d18:2/C22:1(-H20) Results,MHCer d18:2/C22:1 Results,MHCer d18:2/C24:0(-H20) Results,MHCer d18:2/C24:0 Results,MHCer d18:2/C25:0(-H20) Results,MHCer d18:2/C25:0 Results,SM C34:0 Results,SM C36:0 Results,SM C38:0 Results,SM C40:0 Results,SM C42:0 Results,SM d18:0/C16:0 Results,SM d18:0/C18:0 Results,SM d18:0/C20:0 Results,SM d18:0/C22:0 Results,SM d18:0/C24:0 Results,Sphd16:1 Results,Sphd18:2 Results,Sphd18:1-D7 (ISTD) Results,Sphd18:1 Results,Sphd18:0 Results,Sphd18:0-D7 (ISTD) Results,SM C24:1 (ISTD) Results,SM d18:1/C6:0 (ISTD) Results,C1P d18:1/C8:0 (ISTD) Results,MHCer d18:1/C8:0 (ISTD)(-H20) Results,MHCer d18:1/C8:0 (ISTD) Results,Cer d18:1/C8:0 (ISTD)(-H20) Results,Cer d18:1/C8:0 (ISTD) Results,SM C30:1 Results,SM d18:1/C12:0 Results,SM C32:2 Results,SM d18:2/C14:0 Results,GM3 d18:1/C16:0 Results,SM C32:1 Results,SM d16:1/C16:0 Results,SM d18:1/C14:0 Results,SM C34:2 Results,SM d18:2/C16:0 Results,GM3 d18:1/C18:0 Results,Cer d18:2/C14:0(-H20) Results,Cer d18:2/C14:0 Results,MHCer d18:2/C16:0(-H20) Results,MHCer d18:2/C16:0 Results,DHCer d18:1/C16:0(-H20) Results,DHCer d18:1/C16:0 Results,SM C34:1 Results,SM d16:1/C18:0 Results,SM d18:1/C16:0 Results,MHCer d18:1/C16:1(-H20) Results,MHCer d18:1/C16:1 Results,SM C36:2 Results,SM d18:2/C18:0 Results,MHCer d18:0/C16:0(-H20) Results,MHCer d18:0/C16:0 Results,MHCer d18:1/C16:0(-H20) Results,MHCer d18:1/C16:0 Results,Cer d16:1/C16:0(-H20) Results,Cer d16:1/C16:0 Results,Cer d18:1/C14:0(-H20) Results,Cer d18:1/C14:0 Results,Cer d18:2/C16:0(-H20) Results,Cer d18:2/C16:0 Results,Cer d18:1/C16:1(-H20) Results,Cer d18:1/C16:1 Results,DHCer d18:1/C18:0(-H20) Results,DHCer d18:1/C18:0 Results,Cer d18:2/C18:1(-H20) Results,Cer d18:2/C18:1 Results,GM3 d18:1/C24:1 Results,GM3 d18:1/C22:0 Results,SM C36:1 Results,SM d16:1/C20:0 Results,SM d18:1/C18:0 Results,SM C38:2 Results,SM d18:2/C20:0 Results,MHCer d18:1/C18:0(-H20) Results,MHCer d18:1/C18:0 Results,Cer d18:1/C16:0(-H20) Results,Cer d18:1/C16:0 Results,Cer d18:0/C16:0(-H20) Results,Cer d18:0/C16:0 Results,MHCer d18:2/C20:0(-H20) Results,MHCer d18:2/C20:0 Results,Cer d16:1/C18:0(-H20) Results,Cer d16:1/C18:0 Results,Cer d18:1/C18:1(-H20) Results,Cer d18:1/C18:1 Results,Cer d18:2/C18:0(-H20) Results,Cer d18:2/C18:0 Results,DHCer d18:1/C20:0(-H20) Results,DHCer d18:1/C20:0 Results,GM3 d18:1/C24:0 Results,DHCer d18:2/C24:1(-H20) Results,DHCer d18:2/C24:1 Results,SM C38:1 Results,SM d16:1/C22:0 Results,SM d18:1/C20:0 Results,SM C40:2 Results,SM d16:1/C24:1 Results,SM d18:1/C22:1 Results,SM d18:2/C22:0 Results,SM C42:3 Results,SM d18:2/C24:1 Results,MHCer d18:1/C20:0(-H20) Results,MHCer d18:1/C20:0 Results,MHCer d18:1/C22:1(-H20) Results,MHCer d18:1/C22:1 Results,Cer d18:1/C18:0(-H20) Results,Cer d18:1/C18:0 Results,Cer d16:1/C20:0(-H20) Results,Cer d16:1/C20:0 Results,MHCer d18:2/C24:1(-H20) Results,MHCer d18:2/C24:1 Results,MHCer d18:2/C22:0(-H20) Results,MHCer d18:2/C22:0 Results,Cer d18:0/C18:0(-H20) Results,Cer d18:0/C18:0 Results,SM C41:2 Results,SM d18:1/C23:1 Results,SM d18:2/C23:0 Results,SM C39:1 Results,SM d16:1/C23:0 Results,DHCer d18:1/C24:1(-H20) Results,DHCer d18:1/C24:1 Results,DHCer d18:1/C22:0(-H20) Results,DHCer d18:1/C22:0 Results,Cer d18:1/C20:1(-H20) Results,Cer d18:1/C20:1 Results,Cer d18:2/C22:1(-H20) Results,Cer d18:2/C22:1 Results,Cer d18:2/C20:0(-H20) Results,Cer d18:2/C20:0 Results,MHCer d18:1/C23:1(-H20) Results,MHCer d18:1/C23:1 Results,DHCer d18:2/C24:0(-H20) Results,DHCer d18:2/C24:0 Results,MHCer d18:2/C23:0(-H20) Results,MHCer d18:2/C23:0 Results,DHCer d18:1/C23:0(-H20) Results,DHCer d18:1/C23:0 Results,SM C42:2 Results,SM d18:1/C24:1 Results,SM d18:2/C24:0 Results,SM C40:1 Results,SM d16:1/C24:0 Results,SM d18:1/C22:0 Results,Cer d18:2/C23:1(-H20) Results,Cer d18:2/C23:1 Results,MHCer d18:0/C24:1(-H20) Results,MHCer d18:0/C24:1 Results,MHCer d18:1/C22:0(-H20) Results,MHCer d18:1/C22:0 Results,MHCer d18:0/C22:0(-H20) Results,MHCer d18:0/C22:0 Results,MHCer d18:1/C24:1(-H20) Results,MHCer d18:1/C24:1 Results,Cer d18:1/C20:0(-H20) Results,Cer d18:1/C20:0 Results,Cer d18:1/C22:1(-H20) Results,Cer d18:1/C22:1 Results,Cer d16:1/C24:1(-H20) Results,Cer d16:1/C24:1 Results,DHCer d18:1/C24:0(-H20) Results,DHCer d18:1/C24:0 Results,Cer d16:1/C22:0(-H20) Results,Cer d16:1/C22:0 Results,MHCer d18:1/C25:1(-H20) Results,MHCer d18:1/C25:1 Results,Cer d18:2/C24:1(-H20) Results,Cer d18:2/C24:1 Results,Cer d18:2/C22:0(-H20) Results,Cer d18:2/C22:0 Results,SM C41:1 Results,MHCer d18:1/C23:0(-H20) Results,MHCer d18:1/C23:0 Results,SM C43:2 Results,SM d18:1/C25:1 Results,SM d18:2/C25:0 Results,MHCer d18:0/C23:0(-H20) Results,MHCer d18:0/C23:0 Results,Cer d18:1/C23:1(-H20) Results,Cer d18:1/C23:1 Results,MHCer d18:1/C26:1(-H20) Results,MHCer d18:1/C26:1 Results,MHCer d18:0/C24:0(-H20) Results,MHCer d18:0/C24:0 Results,Cer d18:2/C23:0(-H20) Results,Cer d18:2/C23:0 Results,SM C42:1 Results,SM d18:1/C24:0 Results,MHCer d18:1/C24:0(-H20) Results,MHCer d18:1/C24:0 Results,Cer d18:0/C24:1(-H20) Results,Cer d18:0/C24:1 Results,Cer d18:1/C24:1(-H20) Results,Cer d18:1/C24:1 Results,Cer d18:1/C22:0(-H20) Results,Cer d18:1/C22:0 Results,Cer d16:1/C24:0(-H20) Results,Cer d16:1/C24:0 Results,Cer d18:0/C22:0(-H20) Results,Cer d18:0/C22:0 Results,SM d18:1/C23:0 Results,Cer d18:2/C24:0(-H20) Results,Cer d18:2/C24:0 Results,MHCer d18:1/C25:0(-H20) Results,MHCer d18:1/C25:0 Results,Cer d18:2/C26:1(-H20) Results,Cer d18:2/C26:1 Results,SM C43:1 Results,SM d18:1/C25:0 Results,Cer d18:1/C23:0(-H20) Results,Cer d18:1/C23:0 Results,Cer d18:1/C25:1(-H20) Results,Cer d18:1/C25:1 Results,MHCer d18:1/C26:0(-H20) Results,MHCer d18:1/C26:0 Results,Cer d18:2/C25:0(-H20) Results,Cer d18:2/C25:0 Results,SM C44:1 Results,SM d18:1/C26:0 Results,Cer d18:1/C26:1(-H20) Results,Cer d18:1/C26:1 Results,Cer d18:1/C24:0(-H20) Results,Cer d18:1/C24:0 Results,Cer d18:0/C24:0(-H20) Results,Cer d18:0/C24:0 Results,Cer d18:1/C25:0(-H20) Results,Cer d18:1/C25:0 Results,Cer d18:1/C26:0(-H20) Results,Cer d18:1/C26:0 Results
blk1,0,0,0,0,0,0,0,0,0,0,0,0,0,0,0,0,0,0,0,0,0,0,0,0,0,0,0,0,0,0,0,0,0,0,0,0,0,0,0,0,0,0,0,0,0,0,0,0,0,0,0,0,0,0,0,0,0,0,0,0,0,0,0,0,0,0,0,0,0,0,0,0,0,0,0,0,0,0,0,0,0,0,0,0,0,0,0,0,0,0,0,0,0,0,0,0,0,0,0,0,0,0,0,0,0,0,0,0,0,130,109.9537992,5923.239525,7052.223284,728,1836.334133,4413.673442,0,239.0905972,0,424.8479117,145.091275,1022.374518,193.9674231,0,0,0,15,2115.9549,0,0,1532.100603,0,0,0,0,0,0,0,356.9685363,68714.42762,0,0,0,0,215.5521191,0,27.07267891,1152.523191,0,900.1323825,0,141.9875467,0,0,0,294.3986142,0,603.9922295,0,0,0,0,0,0,9141.918128,0,0,323.1423461,0,0,179.7862263,645.9949362,10942.17472,0,0,0,0,0,0,1.515744147,0,0,381,0,0,0,0,0,4656.745334,0,0,2211,0,0,0,1030.245968,0,0,0,0,0,0,3974.343934,0,301.1464215,0,2.056827169,0,0,228.6007532,47,399.8289318,0,0,423.93314,0,0,0,0,0,0,0,0,0.375712963,0,0,0,0,0,0,0,0,0,0,25339.4628,0,0,18369,27.39443459,0,0,0,0,0,0,1334.664918,0,0,0,7551.001597,0,493.6737917,0,159.4906371,0,0,0,0,0,1887.939807,0,3.704023762,0,144.4235784,109.8600428,0,5156.916866,0,638.3174957,334.0279327,0,0,0,172.1698704,0,0,0,0,0,52,0,0,4633.401809,0,15.49874599,856.5461733,0.229035156,74,0,2527.72246,156.3540437,2301.393186,0,86.04615513,0,0,0,0.426184406,271.0547948,3.722620101,7,0,0.538801113,654,0,0,149.7843423,0,0,77.22921294,0,1.021530053,0,0,0,0,0,317.5423078,1379.974757,0,28,0,153.2670951,0,251.4295163
blk2,0,0,0,0,0,0,0,0,0,0,0,0,0,0,0,0,0,0,0,0,0,0,0,0,0,0,0,0,0,0,0,0,0,0,0,0,0,0,0,0,0,0,0,0,0,0,0,0,0,0,0,0,0,0,0,0,0,0,0,0,0,0,0,0,0,0,0,0,0,0,0,0,0,0,0,0,0,0,0,0,0,0,0,0,0,0,0,0,0,0,0,0,0,0,0,0,0,0,0,0,0,0,0,0,0,0,0,0,0,75,485.6663728,6122.226082,11303.84467,303,2271.116265,6034.870697,0,116.5161768,0,532.696017,0,903.1090258,76.43472973,0,345.0968295,0,14,1703.479873,0,0,1133.84126,0,0,0,0.195466082,0,0,0.649509414,0,59381.85269,0,245.9436723,118.3381726,175.3515842,375.7216337,0,179.3071083,1957.608922,0,1444.844682,0,0,0,0,0,0,0,721.7119385,0,165.2898182,0,0,0.487005648,0,3689.022928,0,0,74.35906074,0,118.8796767,446.6816288,718.4629272,8896.398014,0,224.5880411,0,0,0,0,0,0,0,148,0,0,0,0,6.506140432,2617.346154,0,0,484,0,164.8819187,0,1219.636739,0,0,0,0,0,0,1512.086339,0,10.29419851,0,0,0.648974066,0,0,128,190.2660554,0,0,603.3870748,79.76695213,0,0,0,0,0,0,2.877408201,0,0,0,0,0,0,0,0,0,0,0,18325.96831,115.6750098,0,13609,0,0,0,0,0,261.3733112,0,1170.128005,0,0,321.0674359,7305.494796,0.936810735,171.7012561,0,0,0,0,0,0,0,518.0715845,0,0,1.641966497,190.194328,0,176.3897876,2594.416822,0,650.5520232,353.415996,113.3495311,0,0.569382858,0,1.635205002,2.346550671,0,1.543022526,2.757527825,1,0,0,1963.615616,0.925400835,1.019734332,440.0224941,0,30,0,1234.14741,0,467.0215874,127.519656,72.19430806,85.12083965,0,174.3120262,0,0,0,0,0,0,430,213.5500025,0,193.6743806,0,0,148.647554,0,0,0,0,54.14473574,0,0,0,836.6511091,0,21,0,96.13161687,0,230.7822355
blk3,0,0,0,0,0,0,0,0,0,0,0,0,0,0,0,0,0,0,0,0,0,0,0,0,0,0,0,0,0,0,0,0,0,0,0,0,0,0,0,0,0,0,0,0,0,0,0,0,0,0,0,0,0,0,0,0,0,0,0,0,0,0,0,0,0,0,0,0,0,0,0,0,0,0,0,0,0,0,0,0,0,0,0,0,0,0,0,0,0,0,0,0,0,0,0,0,0,0,0,0,0,0,0,0,0,0,0,0,0,205,194.7081642,6273.000478,12384.14208,87,2891.828626,6363.447371,0,0,0,508.4091752,0,971.0148887,0,0,130.0202198,0,40,2033.758898,0,0,1020.622972,0,0,0,0,0,97,0,0,58097.75078,0,172.9157658,0,205.7149481,454.7882533,0,0,2126.280509,0,868.3976855,0,186.4840704,0,36.67296245,0,329.9668476,0,668.2627175,0,0,0,0,1.875312996,0,6489.028653,0,0,234.93663,0.736244513,0,348.844736,390.2776961,6572.037264,0,0,0,0.803350766,0,130.7410373,0,0,0,79,0,0,0,0,0,2285.659564,0,0,1189,0,0,24.33014632,1035.235248,0,0,228.7204215,0,0,0,1686.928993,0,0,0,0,0,0,0,35,0,0,0,507.9286422,197.4291733,0,0,0,0,0,0,0,0,0,0.528062122,0,0,0,0,0,0,0,0,14064.71468,1.800076769,1.775972079,12000,0,69.42490408,0,0,0,0,0,1135.551026,0,0,0,4546.64642,0,510.4493757,0,2.247399399,0.968777843,0,0,0,0,716.8022267,0,160.872216,0,0,0,99.01066696,3790.310845,0,356.9456874,621.9488955,0,0,0,28.09525732,0,0,185.4631967,0,0,47,0,0,2263.573254,0,0,188.6006264,0,3,0,986.4591378,0,832.6205703,0,0,0.163254708,0,0,70.2661952,0,0,55,0,0,70,350.0116761,0,187.1043283,0.300409729,0,0,0,0,87.9590947,199.1292296,0,0.155983097,0,0,469.6989562,26.0607442,13,0,0,4.868640949,0
SL std mix1,0,0,0,0,0,0,0,0,0,0,0,0,0,0,0,0,0,0,0,0,0,0,0,0,0,0,0,0,0,0,0,0,0,0,0,0,0,0,0,0,0,0,0,0,0,0,0,0,0,0,0,0,0,0,0,0,0,0,0,0,0,0,0,0,0,0,0,0,0,0,0,0,0,0,0,0,0,0,0,0,0,0,0,0,0,0,0,0,0,0,0,0,0,0,0,0,0,0,0,0,0,0,0,0,0,0,0,0,0,24,592.3295122,201087.1529,908.3768063,58,58358.40639,968872.1912,4336.125766,15362.57391,4741.779063,156344.7979,87350.08263,710079.8903,80.0201103,0,169.0107602,0,71,1647.298324,0,0,1318.631714,0,0,0,0,0,57,0,286.5058694,55042.39684,0.717821039,0,0,0,373.1352442,0,0,26.05779922,0,1135.649638,0,255.0963465,0,204.3813949,0,0,0,0,0,33.21239468,0,0,0,0,14258.55398,0,0,535.2005091,0,0,0,1608.595238,16833.7484,0,405.1405441,0.518725172,0,35.63096958,191.2783187,0,143.9826275,0,129,0,0,0,0,0,9296.511355,0,0,5291,0,0,0,2516.528418,0,111.4191795,0,0.937776282,0,949.3738834,8186.422898,0,293.8614366,0,165.3389489,0,0,0,0,1296.102618,0,0,2575.410597,350.5991211,0,0,0,316.9226922,0,153.2124617,0,0,0,0,114.9525883,0,0,0,0,0,0,0,29617.50999,0,0,30750,0,0,0,41.57582081,0,0,0,2379.300786,0,0,0,7732.43087,0,1154.847559,0,226.0942863,0,146.1634955,0,386.7092735,173.906436,2712.263492,2.895389563,179.9011088,0,155.1177808,0,35.7534239,10998.61435,0,1020.36191,437.5201894,0,0,0,0,0,0,0,0,0,43,0,0,38091.11732,263.2272325,0,2869.113033,81.23102134,14,501.0196269,8369.767755,309.9874269,6927.892124,0,1069.224159,0,0,350.6871468,0,259.350175,0,41,0,51.90218929,1442,275.817145,256.3267534,1450.177501,0,0,0,0,82.86520274,0,278.5542606,0,0,0,496.8045308,7445.167141,0,107,153.4960911,317.2207664,0,885.2807345
SL std mix2,0,0,0,0,0,0,0,0,0,0,0,0,0,0,0,0,0,0,0,0,0,0,0,0,0,0,0,0,0,0,0,0,0,0,0,0,0,0,0,0,0,0,0,0,0,0,0,0,0,0,0,0,0,0,0,0,0,0,0,0,0,0,0,0,0,0,0,0,0,0,0,0,0,0,0,0,0,0,0,0,0,0,0,0,0,0,0,0,0,0,0,0,0,0,0,0,0,0,0,0,0,0,0,0,0,0,0,0,0,209,55.85942371,187038.8039,2565.16441,19,56794.62651,892716.3813,4531.358836,14626.83613,3945.455136,159257.5319,79630.06143,630754.8103,236.6882505,0,155.9626142,0,7,1338.972933,0,0,843.9119068,0,0,0,0,0,26,0,296.5761271,61640.39028,0,118.8977613,0,0,506.9600316,0,180.9749903,455.1402263,0,1008.838049,0,166.8465166,0,321.9696885,0,334.9005096,0,84.96126441,2.931249267,34.08245693,0,0,0,0,4294.560059,0,0,669.6520118,0,0,928.7948202,1142.186795,12093.06113,0,376.2068166,0,0,0,0,0,0,0,186,0,0,0,0,0,2183.011563,0,0,4239,0,0,0,1572.798108,0,0,0,0,0,895.9049709,5670.962682,0,333.4008145,0,0,0,0,103.1779461,57,1443.851398,0,0,3453.410016,0,0,0,0,0,0,0,0,0.958289911,0,0.407618294,0,0,0,0,0,0,0,0,22117.02734,0,0.75181892,35249,111.9596444,0,0,178.9801432,0,125.6876887,0,1570.410953,0,87.14496581,0,8107.071541,0,582.9104396,0,0,0,0,13.30722639,124.732981,0,4864.200769,0,20.64489935,176.9875006,325.3792062,0,0,7749.387338,0,596.2524942,145.5862105,40.20463527,0,0,0,0,0,0,110.4341102,0,25,0,0,17423.47716,117.007571,154.7732963,3216.53868,0,139,55.22896664,3714.670105,406.2192068,4774.540526,0,491.3230283,0,0,153.7376293,0,394.5810393,0,195,0,0.196942207,1704,226.0688713,0,1514.141547,0,0,270.0420241,0,0,0,741.0400895,0,0,0,101.186248,5125.346726,0,29,0,529.4794794,0,562.2036075
blk6,0,0,0,0,0,0,0,0,0,0,0,0,0,0,0,0,0,0,0,0,0,0,0,0,0,0,0,0,0,0,0,0,0,0,0,0,0,0,0,0,0,0,0,0,0,0,0,0,0,0,0,0,0,0,0,0,0,0,0,0,0,0,0,0,0,0,0,0,0,0,0,0,0,0,0,0,0,0,0,0,0,0,0,0,0,0,0,0,0,0,0,0,0,0,0,0,0,0,0,0,0,0,0,0,0,0,0,0,0,38,321.4498892,7958.883218,6775.957961,90,3045.889286,5040.965644,0,659.1259812,0,465.3340669,0,1084.348709,0,0,0,0,15,2026.438835,0,0,1104.11937,0,0,0,0,0,26,0,394.1195769,66848.12483,0,126.5827525,0,0,169.270124,0,0,1572.562445,36.65100578,1038.899039,0,0,0,8.726964444,0,263.0832276,0,595.4363033,0.551775572,94.68706939,0,0,0,0,5872.461764,0,0,575.6539946,0,0,460.5870843,1057.291161,6902.312077,0,0,0,0,0,0,0,0,0,73,0,0,0,0,0,1740.266073,0,0,880,0,0,0,2512.559851,0,0,0,0,0,342.8888143,2051.34776,0,0,0,0,0,0,434.2599884,45,348.9024725,0,0,161.4864381,0,0,0,0,0,0,0,0,0,0,2.04480673,0,0,0,0.724463582,0,0,0,0,26241.77731,0,0,23077,0,0,0,0,0,0,0,2310.44831,0,0,0,6912.193283,0,242.5618526,0,0,0,0,0,0,0,1416.824352,0,0,0,0,0,150.6962149,5956.17389,0,705.8297343,624.3846167,0,0,0,0,0,48.93796172,0,0,0,63,0.620534643,0,3721.675416,0,0.368616611,707.2051385,0,37,0,2245.868796,0,1727.446204,0,0,0,0,0,15.83279281,0,139.2706991,224,0,0,491,99.35926692,0,214.1848099,0,0,0,0,0,145.4436113,48.17457159,31.65218015,0,0,0,625.9560283,0,15,0,263.0509702,0,354.5102092
M225-samblk1,0,0,0,0,0,0,0,0,0,0,0,0,0,0,0,0,0,0,0,0,0,0,0,0,0,0,0,0,0,0,0,0,0,0,0,0,0,0,0,0,0,0,0,0,0,0,0,0,0,0,0,0,0,0,0,0,0,0,0,0,0,0,0,0,0,0,0,0,0,0,0,0,0,0,0,0,0,0,0,0,0,0,0,0,0,0,0,0,0,0,0,0,0,0,0,0,0,0,0,0,0,0,0,0,0,0,0,0,0,190,486.6132738,128122.6724,5566.388722,454,39675.05957,521239.7428,2663.441449,4496.372865,2764.727785,97217.82162,50074.26519,415702.1101,0,0,46084.387,1.709829107,18,2016.505474,0,0,1427.001321,0,0,0,0,0,3,0,391.814849,52444.26315,0,119.801625,0,0,1148.71719,0,34.62907967,71.00345968,0,1158.354561,0,663.3498149,0,512.7311968,0,353.1444522,0,0,0,276.1536635,0,0,0,0,19683.50358,0,0,533.751714,0,0,207.1600914,980.5967337,17385.52106,0,0,0,0,125.8110357,0,0,0,0,756,0,0,0,0,0,6873.603545,0,0,4813,0,1.277995506,0,4248.264291,0,0,0,0,0,338.3552095,5678.170436,0,30.81435554,0,252.7280455,0,0,66.64770655,167,3871.605144,0,0,5136.784489,0,0,0,0,0,0,0,0,0,0,206.1311516,0,0,0,0,0,0,0,0,19410.24159,0,0,10156,0,171.9226291,0,0,0,0,0,2540.975227,0,0,271.7421196,5178.344463,69.96888299,2058.452307,0,374.5340646,0,119.5959142,10.47047535,281.9942955,0,6370.752357,0,153.4658111,0,126.2007315,0,771.2612188,15280.47671,0,999.3519369,146.5175991,68.97922511,0,0,0,0,152.1464445,0,0,0,25,0,0,24506.35073,0,0,3001.885498,0,35,802.40674,7870.008913,457.7140826,8204.326865,0,927.8552084,0,364.1687741,0,0,400.8018929,0,45,0,0,874,89.27163649,233.4228744,1301.473408,0,0,0,0,0,23.3459328,708.5399169,0,0,0,440.2637943,7719.529432,0,39,77.06487386,618.7419118,0,868.0164559
M226-samblk2,0,0,0,0,0,0,0,0,0,0,0,0,0,0,0,0,0,0,0,0,0,0,0,0,0,0,0,0,0,0,0,0,0,0,0,0,0,0,0,0,0,0,0,0,0,0,0,0,0,0,0,0,0,0,0,0,0,0,0,0,0,0,0,0,0,0,0,0,0,0,0,0,0,0,0,0,0,0,0,0,0,0,0,0,0,0,0,0,0,0,0,0,0,0,0,0,0,0,0,0,0,0,0,0,0,0,0,0,0,204,415.8801066,125062.385,890.8194227,55,37341.82992,494974.3457,2444.211374,2256.833964,2747.475891,91220.36792,48521.75435,373988.8638,0,0,12965.23867,0,12,797.0056147,0,0,1057.609381,0,0,0,0,0,93,0,214.3402869,46090.88703,0,94.60765227,0,0,2146.098413,0,0,0,0,1468.910654,98.97151882,799.0908761,0,214.7485931,0,222.7203388,0,59.37864565,0,211.2840972,0,125.9973406,0.086914924,0,19354.68564,0,158.6837288,119.8384801,0,0,640.7168108,617.7818911,19548.95051,0,202.0789075,0,0,0,0,0,0,211.8455158,1257,0,0,0.978672365,0,0,12669.02051,0,0.821295968,4768,0,0,0,5220.224543,0,0,415.7203493,0,0,1294.941788,7853.915991,0,203.6559173,0,0,0,0,0,55,1450.392915,0,170.9468483,1850.329026,273.5887514,0,0,0,0,0,0,0,0,0,0,0,0,0,0,0,0,0,0,31755.19707,246.4330413,0,32394,136.0353962,0,106.0616936,0,0,0,109.7461761,2215.187287,0,0,0,6529.936891,155.9443529,1728.66308,0,338.5636745,0,0,0,254.9814262,19.65099473,6409.451943,153.1392828,467.8156385,0,356.9012128,0,508.3559445,14240.42957,0,265.082284,282.5981741,0,0,0,112.9855261,0,13.03585116,183.5369762,0.503336414,0,49,0,101.9767008,15541.31089,14.55309655,0,1686.870542,0,291,533.0104014,7988.016232,611.0528116,8157.492568,0,1354.925209,113.2214055,0,233.0165361,0,105.8868549,0,228,0,87.25344149,969,64.178918,101.5788103,1289.861478,3.406614047,0,0,0,0,0,571.4583692,0,0,106.0804838,525.3251856,5890.589652,38.39267199,26,10.47886754,329.1801862,0,1016.352797
blk7,0,0,0,0,0,0,0,0,0,0,0,0,0,0,0,0,0,0,0,0,0,0,0,0,0,0,0,0,0,0,0,0,0,0,0,0,0,0,0,0,0,0,0,0,0,0,0,0,0,0,0,0,0,0,0,0,0,0,0,0,0,0,0,0,0,0,0,0,0,0,0,0,0,0,0,0,0,0,0,0,0,0,0,0,0,0,0,0,0,0,0,0,0,0,0,0,0,0,0,0,0,0,0,0,0,0,0,0,0,65,343.789228,8373.839258,7771.265701,123,3838.005493,6647.71727,0,470.3936249,0,350.2881057,129.1240647,955.1857363,0,0,0,0,19,1370.651155,0,0,1482.857423,0,0.400613604,0,0,0,38,1.065771588,150.4746604,56298.64032,0,0,0,82.75041779,157.3505147,0,72.74662142,1273.017879,0,869.9249575,0,0,0,0,0,0,0,519.3389045,1.153997849,230.3551998,0,0,0,0,6398.144792,0,0,467.1718495,1.566679934,0,304.4232827,432.9397365,7468.900899,0,132.3411221,0,0,0,0,0,0,0,94,0,0,0,0,0,3031.517132,0,0,1228,0,0,0,839.2631421,0,0,0,0,0,0,1847.136608,0,135.9404602,1.36637891,0,0,0,0,173,276.2269372,0,0,379.6313008,267.4022664,0,0,0,0,0,0,0,0,0,0,0,0,0,0,0,0,0,0,22082.59377,0,1.404597961,22410,0,0,0,0,0,112.4313606,0,2464.824453,0,0,0,6563.478222,1.373841931,328.5556196,0,0,126.0754394,0,0,0,0,1812.427122,0.262819963,0,0,353.6367684,0,2.760770523,3785.19747,0,225.9483541,110.1215119,0,0,0,0,0,0,0,0,0,29,0,0,3687.780942,46.08546445,0,536.4201459,0,48,126.2963787,2157.275919,193.0024875,1097.583329,0,78.6722772,0,0,33.35804463,0.792436958,0,0,70,0,0.928531047,435,229.4735222,0,246.7944383,0,0,0,0,0,0,154.7032431,0,0.175184118,0,0,1220.009326,0,81,0,262.287919,0,257.72232
M214-226QCLN1,0,0,0,0,0,0,0,0,0,0,0,0,0,0,0,0,0,0,0,0,0,0,0,0,0,0,0,0,0,0,0,0,0,0,0,0,0,0,0,0,0,0,0,0,0,0,0,0,0,0,0,0,0,0,0,0,0,0,0,0,0,0,0,0,0,0,0,0,0,0,0,0,0,0,0,0,0,0,0,0,0,0,0,0,0,0,0,0,0,0,0,0,0,0,0,0,0,0,0,0,0,0,0,0,0,0,0,0,0,1562,11669.44846,167265.6414,145117.9034,3492,50636.53497,671046.3111,3441.128918,13741.60045,3908.44958,144368.1386,67500.18602,518351.5028,877.3641344,13.28401076,8265.668481,0,248,85003.43373,0,0,430216.4083,1043.874021,947.797108,0,374.253733,0,942,0,11479.6837,25875491.65,0,57518.92174,154.3747904,1254.67252,359913.9245,1000.615751,169.617215,5795.906908,10603.44514,452501.0477,0,5301.225727,440.6304636,3312.307121,3225.765286,41349.88244,0,1930.254435,0,4660.259258,0,828.1106033,219.9291348,400.6073937,2994066.132,0,6761.225254,69332.73602,130.7962125,1265.020864,77837.72224,64977.93762,686989.0975,759.1361455,12496.49596,0,2063.43437,0,1118.128403,609.5362221,4781.558228,3006.001392,23173,69.30911941,3825.408971,618.7084828,0,801.6885671,1332491.275,0,2926.532396,486906,0,701.3739896,222.9060239,4105675.256,361.7534542,2884.351491,124534.1738,282.186217,8365.858222,22151.76843,231903.8539,285.8787959,2243.087008,171.3074856,9070.384217,0,4772.954885,239.548319,5705,809601.0736,172.7688392,712.0121396,119037.2581,132.4677787,267.5228102,29573.40244,275.4761383,14758.00021,0,1536.51217,0,732.2923583,857.2141531,19933.53952,234.7249166,4845.700701,0,1199.287393,0,3004.66599,0,3813.381734,12284455.29,32162.64718,326.9529231,2572828,303.5893265,8471.47879,0,731.1421272,165.5512646,10325.43012,8855.333878,359237.3706,0,7710.236387,11848.34665,509180.1294,7644.455229,160211.4727,2557.125355,28914.86277,0,3827.022332,277.8392522,26727.67235,84.80483195,6473.506938,0,5184.093916,6977.70825,88715.47631,4229.947969,50612.99543,1260090.745,3601.747994,129348.2166,91265.18164,164.0097919,78.89732996,0,2552.092471,1152.719016,13992.36569,120.9018471,2826.114983,0,5151,966.1354747,15360.23199,1794867.601,9503.916132,7735.050156,294121.2441,4036.936019,12109,65289.6555,1001324.756,22911.14223,283933.973,194.7971358,2426.054766,2702.227861,5912.780087,831.7151992,4835.310816,65311.93276,159.0602154,15658,0,445.4214082,65202,1064.536487,5180.239577,75163.02479,215.2315886,5605.605487,26.08779744,1140.968559,28.53728608,1346.974884,10214.63936,0,331.9020098,2427.502352,21385.93771,275312.4225,2170.352308,5503,595.6638316,6965.303929,169.4169507,1808.921831
M214-226QCLN2,0,0,0,0,0,0,0,0,0,0,0,0,0,0,0,0,0,0,0,0,0,0,0,0,0,0,0,0,0,0,0,0,0,0,0,0,0,0,0,0,0,0,0,0,0,0,0,0,0,0,0,0,0,0,0,0,0,0,0,0,0,0,0,0,0,0,0,0,0,0,0,0,0,0,0,0,0,0,0,0,0,0,0,0,0,0,0,0,0,0,0,0,0,0,0,0,0,0,0,0,0,0,0,0,0,0,0,0,0,2079,11717.53352,197490.0646,176519.1736,4054,59724.63274,777142.5219,4206.518182,9600.370401,4023.223004,153891.0084,66800.51576,518610.9191,1077.015561,0,7428.355328,0,334,85178.40517,175.9003677,0,398890.5632,1217.87911,716.4074984,0,297.4941993,0,365,189.4557605,11328.98743,24014304.34,0,51010.76577,0,892.0446214,204767.4866,595.0045722,241.780485,1585.874353,6572.329479,269422.154,0,3704.162267,233.5710708,2742.150059,3317.033525,41123.62838,0,1486.683717,0,3413.31543,0,522.8390494,235.3905754,169.8074492,1355200.817,0,4289.465378,75646.463,0,927.9180785,57550.38508,45681.0754,599584.2543,876.8725335,10558.7776,0,759.507351,0,1169.100635,0,2322.614645,447.5777561,11051,0,906.1681941,324.1763017,0,730.2026475,905222.9806,0,2752.207089,284152,27.86105179,210.2661954,0,1709967.683,0,1426.685147,40927.19732,0,3402.666985,11845.9205,200036.9731,0,1334.61569,0,7068.076728,257.7192925,3395.346181,621.4882917,2777,363885.0198,0,0,153911.9198,0,0,10560.01478,0,7994.856752,0,1316.067861,0,437.7479102,248.7668988,7639.03202,0,1837.956632,0.674510216,0,0,921.7538254,0,6090.32709,10070636.4,21773.62105,405.2270109,1700648,0,7890.216338,0,927.0906892,263.6608234,5466.889232,8045.808018,276126.5138,0,6905.382408,8736.360627,347325.1241,3100.701544,36747.79404,954.6227868,7590.470681,146.7659555,883.9310529,0,10379.18719,0,3471.831472,447.4218891,2944.511597,4645.904206,73386.58344,2924.758599,34628.47335,773602.6301,2737.25925,103550.6291,52942.07131,166.1808387,0,104.6495428,1858.730054,161.7628374,7485.456657,0,2017.158609,0,3602,431.4005887,11255.09592,901532.5855,4561.79873,4746.441776,190385.7864,2933.823197,8188,29388.04922,440947.9773,10014.55285,132795.4757,0,1096.027828,1647.988873,2342.924452,0,4359.123293,43364.23652,428.5045025,10416,0,278.3949167,47861,137.8752686,3653.994292,39620.05117,227.0046258,2319.269339,0,914.026361,0,745.1191112,5182.711302,0,0,1600.074431,11910.16618,164485.7192,985.8406036,2160,360.9977954,4632.29655,164.872168,1353.873672
M214-226QCLN3,0,0,0,0,0,0,0,0,0,0,0,0,0,0,0,0,0,0,0,0,0,0,0,0,0,0,0,0,0,0,0,0,0,0,0,0,0,0,0,0,0,0,0,0,0,0,0,0,0,0,0,0,0,0,0,0,0,0,0,0,0,0,0,0,0,0,0,0,0,0,0,0,0,0,0,0,0,0,0,0,0,0,0,0,0,0,0,0,0,0,0,0,0,0,0,0,0,0,0,0,0,0,0,0,0,0,0,0,0,1160,12417.27315,188907.2123,177222.2896,4084,60535.52122,773130.9064,4230.936054,10330.81599,4854.055898,147562.7496,69447.06095,477850.2731,1112.036761,0,7452.186899,0,242,91989.01041,0,126.2859715,407282.7267,996.5500242,396.8891511,0,755.5925659,0,728,0,14170.92315,22512477.61,0,53699.83008,0,933.4544921,201598.911,439.5565809,82.96682384,4732.085269,6378.128063,274885.4518,0,2779.649236,188.0163307,2676.080537,2748.25033,39783.79095,207.9368749,545.4156591,0,5260.596568,127.9274064,458.1017574,166.0792323,122.527168,1303799.175,0,3694.23429,77197.08025,0,1933.177169,65150.7724,56889.54246,698585.8332,841.5615568,11316.0326,0,1110.396024,0,844.8307393,0,1535.509658,469.8954431,7971,0,737.576321,569.0222072,0,755.3135138,895359.6666,0,2268.578409,264283,0,384.8245725,253.5122781,1694687.003,236.2250809,1236.727281,44484.44555,136.4304502,2988.428188,13660.52015,176587.4485,0,1210.728371,117.0896569,3897.888038,0,2890.528238,308.8861827,3523,356110.0087,210.34456,146.2376277,74948.96478,110.9147872,238.204534,10986.02924,117.3036951,6182.334802,0,1063.556631,0,397.1213663,249.5521702,6023.213203,0,1305.580173,0,832.2376323,0,595.0061418,0,5736.653463,5813955.859,18851.4397,0,1773341,0,6690.000723,0,537.5007882,129.5201446,7653.021769,5599.088713,329254.7773,0,5544.082955,11706.71399,513440.7873,2501.194829,31367.04674,294.9069571,7174.915018,0,640.7478295,0,7928.970912,126.9398103,1500.441956,90.62623707,3025.414049,3906.527329,75931.53819,2093.12793,33791.25986,840829.3876,2123.506471,112725.204,52424.41305,400.6741758,61.89779991,0,2754.481137,217.9793263,6594.267209,218.5204309,1217.837769,0,2883,477.6307027,8658.99439,891871.4466,4767.881183,5144.340386,181374.8589,2003.24928,5914,26363.83897,507835.9751,10902.21819,138106.4396,165.7855802,839.0741419,2096.335938,2260.365322,301.7855787,2549.357178,53867.66575,259.1303474,7615,0,520.1387512,42971,666.2981688,2522.680605,37520.78134,165.5641904,2154.494154,0,892.941168,110.4706266,802.4150162,4548.487187,0,0,1810.800846,12056.91857,149583.2485,954.4179983,2639,408.5860111,4494.76273,146.695435,1342.328175
blk8,0,0,0,0,0,0,0,0,0,0,0,0,0,0,0,0,0,0,0,0,0,0,0,0,0,0,0,0,0,0,0,0,0,0,0,0,0,0,0,0,0,0,0,0,0,0,0,0,0,0,0,0,0,0,0,0,0,0,0,0,0,0,0,0,0,0,0,0,0,0,0,0,0,0,0,0,0,0,0,0,0,0,0,0,0,0,0,0,0,0,0,0,0,0,0,0,0,0,0,0,0,0,0,0,0,0,0,0,0,47,84.18237586,6186.843423,282.2001177,198,2733.011384,5674.877844,0,440.0531676,0,513.6412227,0,971.8881604,0,0,0,0,12,2288.68024,0,0,1433.527412,0,0,0,0,0,19,0,188.6031162,77549.20306,0,0,0,0,299.674161,0,170.203931,1687.792363,0,546.7560273,0,97.62435055,0,0,0,373.6372784,0,313.4025386,0,131.5599881,0,0,0,0,5053.69345,0,0,308.0836065,0,0,0,844.2120278,9716.491955,0,0,0,0,0,111.1547045,0,0,0,225,0,0.29425671,0,1.009060074,0,2915.526341,0,0,2286,0,0,0.935728371,2425.493128,0,0,202.143355,0,0,686.7146178,3783.383715,0,191.4902851,0,0,0,0,0,1,282.8240203,0,0,1316.600101,0,0,0,0,0,0,0,0,0,0,0,0,0,0,0,0,0,0,139.4478868,33954.39271,0,0,22989,66.81962742,0,182.2152636,0,0,0,0,3166.461223,0,0,0,7607.416485,0,260.743643,0,115.2787047,0,0,0,0,0,2297.768193,0,0,1.648087455,193.6974819,0,120.0713952,7636.730742,0,1005.897454,402.6488825,156.613484,0,0,0,0,0,0.616694742,0,0,105,0,0,7055.067641,0,48.26261759,1571.985155,40.66280614,109,143.0733957,2474.750003,0,1891.800979,110.1821008,282.1390007,0,0,25.60654793,0,140.4875859,0,30,0,92.35391878,507,69.87355952,0,714.9875813,29.68898187,0,0,2.405375845,0,0,364.6996972,0,0,0,310.3440762,1559.751133,0,71,0,0,0,390.4162862
M214-LN 1460,0,0,0,0,0,0,0,0,0,0,0,0,0,0,0,0,0,0,0,0,0,0,0,0,0,0,0,0,0,0,0,0,0,0,0,0,0,0,0,0,0,0,0,0,0,0,0,0,0,0,0,0,0,0,0,0,0,0,0,0,0,0,0,0,0,0,0,0,0,0,0,0,0,0,0,0,0,0,0,0,0,0,0,0,0,0,0,0,0,0,0,0,0,0,0,0,0,0,0,0,0,0,0,0,0,0,0,0,0,720,4722.224509,138331.5788,76300.85714,1666,42388.49375,547948.7343,2747.870586,12027.27982,3016.776977,101941.0409,54764.21584,422275.4922,662.0088121,0,16877.11049,0,55,55273.84308,0,0,160709.2607,539.7083985,2236.038759,0,142.4053393,0,490,0,5254.525732,7153859.457,0,24344.49252,0,404.1989161,238497.852,581.4119471,0,1940.801484,3766.818754,125080.4589,122.1770351,2700.562051,223.3447374,2617.953473,1924.313645,22091.25913,0,1376.903858,114.5946576,17958.62844,0,416.8063957,346.8902727,551.204716,3003482.979,0,10139.78124,58315.74503,0,1978.595205,94954.1763,34141.25541,426516.7512,273.2601993,7527.302263,0,4615.025636,252.9202191,1421.843692,539.5929424,2488.830587,2715.357611,29393,206.486337,2633.91657,414.1537847,0,464.4963637,932491.3248,0,901.0549047,313752,0,419.9048135,94.63571825,1798732.303,491.2097778,2291.590809,119424.77,311.9629702,16728.97132,38675.30956,538896.8523,0,574.5455397,268.5851522,32123.58087,0,12657.71906,773.7788992,9168,362182.588,155.6399025,2125.131766,129234.6255,0,0,13803.23759,101.2313116,9564.905784,0,696.513592,0,388.3063841,708.2012347,8562.145736,323.0112,5481.730989,0,798.8309723,0,4656.506768,383.9836279,3354.385345,6333195.191,27589.5679,1187.863235,1621322,178.2075952,10461.89176,0,303.0639978,0,10865.01728,9592.07978,400448.1516,0,3861.108658,21476.47958,811170.9973,4397.221976,83723.15257,1081.909471,15176.44292,225.1255998,1209.093758,313.6037127,12470.18505,306.8919842,5893.207417,329.6882436,10751.10956,2324.189078,43408.37469,1668.572517,26703.22358,761607.1949,4582.495148,137700.9089,67130.70909,382.6510377,0,252.4228158,3663.136096,262.0305509,4219.521282,0,9822.039629,362.8969713,14777,576.4304565,6799.192578,1918614.066,22103.76893,27199.93196,1084756.581,2106.65323,7116,32544.12723,451458.466,11434.27796,145105.1383,281.5578079,2056.835037,1855.868628,4099.455728,599.1525461,1805.839885,24130.83149,1087.629247,40427,0,276.9284202,68489,60.17812707,3942.900622,51546.2441,0,1877.091213,303.2599063,7197.490209,0,731.7365751,10691.02204,71.47341864,0,1264.893308,11503.31634,140189.4562,1038.972921,1881,242.9874326,4103.385799,0,1437.273135
M215-LN 1461,0,0,0,0,0,0,0,0,0,0,0,0,0,0,0,0,0,0,0,0,0,0,0,0,0,0,0,0,0,0,0,0,0,0,0,0,0,0,0,0,0,0,0,0,0,0,0,0,0,0,0,0,0,0,0,0,0,0,0,0,0,0,0,0,0,0,0,0,0,0,0,0,0,0,0,0,0,0,0,0,0,0,0,0,0,0,0,0,0,0,0,0,0,0,0,0,0,0,0,0,0,0,0,0,0,0,0,0,0,2606,10774.41469,145217.6122,162102.9249,3447,40736.65196,562287.0661,2931.491914,12547.51944,3028.797572,106977.3996,51422.35398,465807.3065,1044.298143,0,6437.896967,0,250,102162.0202,111.6427835,0,289278.0082,502.1325269,0,0,370.2308575,0,785,0,12316.61753,23881624.92,0,51358.46666,0,1134.13055,328746.3119,551.6061071,0,6295.644972,8531.617154,357315.2035,113.7454125,3072.362936,399.9016377,2323.274896,3292.936436,47275.46244,0,801.0208797,0,4609.977987,0,542.2428589,326.2588908,87.4529704,2843823.517,0,7298.209241,89492.80267,175.9878991,2064.035961,66104.57111,68638.16307,714659.1427,1211.658464,9317.10287,0,1582.054643,0,1127.981633,378.5059641,5157.456938,2149.509484,25865,0,2671.660783,458.099963,0,710.7192006,1230836.298,0,3984.274612,527289,0,376.5599439,604.2247486,4494331.105,1872.143826,3525.159223,136477.2661,0,11643.23474,23827.10749,327296.584,35.68934188,1481.524864,0,8061.007741,0,6118.515539,1322.993052,4079,924496.9708,189.4392857,31.65113868,129159.0395,0,146.1453981,25650.8363,394.3373661,15100.43799,0.385514664,2314.296493,0,1427.687411,1270.289649,19817.30942,0,5466.177897,0,766.2177598,0,2256.134897,0,6585.611148,10865635.41,27514.2522,322.0065512,2088357,0,9560.668477,0,861.950758,0,15298.27017,10281.22666,334610.4848,0,7121.659835,10843.16495,572685.955,8340.575011,150277.8456,3011.657078,30813.90742,149.2468794,4060.821187,319.5471041,24917.99091,159.477368,5090.876183,136.6580132,3666.360845,5910.098186,101722.7468,3975.361273,53801.97481,1244919.523,4855.386785,160394.8277,102922.2864,427.1400696,130.2913444,0,2530.575509,1379.134816,13159.21454,41.5320423,2462.080667,0,6743,1257.378508,15926.47462,1804359.714,5519.418413,8037.674088,311306.6644,1013.715765,21610,93716.29029,1134187.686,21416.96078,315703.5846,0,1522.208896,2493.239809,6069.080276,945.5531354,4006.433089,59446.78004,305.9053438,10757,0,124.5414672,79646,128.8385439,6463.795067,108037.1116,129.9320569,5444.714516,0,739.2986595,122.4465462,787.6290923,6213.481775,0,124.4044215,3150.676245,20363.07541,336277.1541,1672.799135,5564,604.5902949,7407.689959,141.7568335,2455.833434
M216-LN 1462,0,0,0,0,0,0,0,0,0,0,0,0,0,0,0,0,0,0,0,0,0,0,0,0,0,0,0,0,0,0,0,0,0,0,0,0,0,0,0,0,0,0,0,0,0,0,0,0,0,0,0,0,0,0,0,0,0,0,0,0,0,0,0,0,0,0,0,0,0,0,0,0,0,0,0,0,0,0,0,0,0,0,0,0,0,0,0,0,0,0,0,0,0,0,0,0,0,0,0,0,0,0,0,0,0,0,0,0,0,1298,6384.049925,136805.8151,102509.6666,2131,42069.8641,566886.1455,2816.513551,11987.58311,2764.450337,97154.2136,50189.08083,379497.0781,650.2503612,0,15999.34004,0,287,65131.45745,0,0,237029.8471,681.9167861,143.2810263,0,416.3512925,0,301,0,8408.650129,13703286.25,131.8605201,34236.26865,0,1085.35374,247076.0236,115.185624,147.8290397,5675.108967,7678.5973,382307.4876,207.1217167,3907.601416,320.0195456,2365.735531,2119.259244,26844.01559,0,469.1667047,150.6956258,2834.536689,0,119.444577,282.6518046,192.6416684,2296978.884,0,4102.603822,65791.40597,0,1629.688117,65156.04684,47628.81537,666071.0251,860.4260744,10872.31482,0,1810.901849,114.0601807,2445.209439,0,2640.565675,1231.460154,15843,106.1479405,3017.283859,233.4109365,0,836.3958835,981204.2546,0,3383.861036,378030,0,426.2295057,200.2359031,3325260.199,865.4910516,1723.851637,115685.2182,0,7967.412263,13501.62595,199128.1991,0,1434.871365,0,6779.011923,0,5679.39759,36.91776135,3258,608592.8325,0,204.2199038,147077.3677,0,0,24866.98257,0,21116.7198,0,1291.086838,0,527.6922906,1117.150948,11642.01185,0,4767.39863,0,1585.207953,0,2097.743121,0,5302.888702,7865380.163,27257.67442,196.2030438,1649779,0,7874.329008,0,252.0379162,0,11910.52115,10616.4787,411952.8565,0,6029.369949,11760.32367,464240.5004,9158.723574,85989.98222,1740.585783,21947.6982,348.7844278,2419.422568,280.9732787,22901.0774,100.5768216,8341.042525,0,4926.942559,3717.465078,64790.84671,1908.855565,34741.49907,926570.7658,2569.195287,128280.6161,75515.40096,160.9254985,62.1468485,0,2476.581259,325.0541437,9787.932763,120.8092,2342.24012,73.06195056,6932,656.4593518,9758.845551,1636433.148,7858.303658,10442.01854,350218.239,1440.196461,14091,59458.21161,696407.0659,13349.22403,278797.5992,156.7320632,2503.318185,1419.876469,4641.681971,941.7735132,2466.702231,35125.43495,559.8581272,12421,0,140.1859493,51903,412.8686425,4960.056635,79438.25543,0,2770.482475,191.9930006,1795.534469,0,343.8331195,5717.215234,0,0,2636.708277,13905.14474,211002.5377,398.3341723,3326,450.0254274,5378.778195,0,1877.938469
blk9,0,0,0,0,0,0,0,0,0,0,0,0,0,0,0,0,0,0,0,0,0,0,0,0,0,0,0,0,0,0,0,0,0,0,0,0,0,0,0,0,0,0,0,0,0,0,0,0,0,0,0,0,0,0,0,0,0,0,0,0,0,0,0,0,0,0,0,0,0,0,0,0,0,0,0,0,0,0,0,0,0,0,0,0,0,0,0,0,0,0,0,0,0,0,0,0,0,0,0,0,0,0,0,0,0,0,0,0,0,77,433.7183567,5259.881865,5761.044923,88,2240.832083,4667.284189,0,282.7362326,0,306.8957548,0,866.5906601,0,0,292.4382889,0,15,1819.098778,0,0,1656.586233,0,0,0,0,0,16,0,0,58582.83926,0,0,0,241.4431084,634.3603168,1.588752327,0,1167.853826,0,648.2309482,0,276.972198,0,158.5303058,137.5861014,253.106337,0,662.9330294,0,0,0,0,0,0,7583.753746,0,0,489.6780809,1.367107676,0,701.7026859,967.7210114,9643.963716,205.0657687,347.2903465,0.646268685,0,0,120.7274458,0,0,1.242386859,38,0,1.429886385,0,0,0,3330.728456,0,0,1197,0,0,0,1737.887604,0,0,0,0,0,0.367874262,4473.116343,0,0,0,0,0,0,0,28,588.329155,0.541818813,0,1273.173169,0,0,0,0,0,0,0,0,0,0,0,0,0,0,0,0,0,0,0,36282.83548,57.13360865,0.847063215,28685,61.32520808,0,0,0,0,0,0,1559.169351,0,150.1271357,0,4815.019196,0,363.460908,0,0,0,0,0,0,0,2413.547975,0,0,0,0,0,210.6044868,7315.748999,0,0,787.7137237,0,0,2.152276106,0,0,0,0,0,0,56,0,0,8068.243639,0,0,1938.441131,0,12,0,1925.722564,112.3210252,3497.245252,0,361.6114989,0,0,207.0539338,0,0,0,31,0,1.473349844,300,409.3145913,214.9523896,328.9858172,0,0,0,0,165.5044811,0,0,0,13.4040112,0,116.7307144,2580.304648,0,27,37.5881416,323.496262,0,380.0625021
M217-LN 1463,0,0,0,0,0,0,0,0,0,0,0,0,0,0,0,0,0,0,0,0,0,0,0,0,0,0,0,0,0,0,0,0,0,0,0,0,0,0,0,0,0,0,0,0,0,0,0,0,0,0,0,0,0,0,0,0,0,0,0,0,0,0,0,0,0,0,0,0,0,0,0,0,0,0,0,0,0,0,0,0,0,0,0,0,0,0,0,0,0,0,0,0,0,0,0,0,0,0,0,0,0,0,0,0,0,0,0,0,0,1632,13014.52627,154876.9023,208093.0368,3663,43575.44231,609013.5104,2836.029876,13210.38693,3152.854312,120613.3537,54844.70981,490694.8921,1388.820944,0,6107.863765,0,223,137036.7708,0,288.0139618,387851.6103,1072.395951,144.9915267,0,941.1334015,0,752,240.242001,16082.89181,27781660.3,0,85675.6366,0,1517.985278,431905.9942,899.6420466,0,7357.605009,9538.794439,435553.5503,533.1990807,6897.479137,526.6595191,3714.175674,3489.214088,52297.78894,196.2953793,2417.125128,0,5464.083801,0,862.9617045,284.2482517,240.4348091,3153094.279,0,11191.5914,97093.34473,203.208412,1798.043779,76595.77265,65568.62387,855251.8962,772.540605,13383.89805,0,1874.544517,0,1381.370495,118.7847683,5768.908235,2032.180995,24877,0,4601.773592,497.1687287,0,1249.436786,1544835.473,0,3783.993469,550473,0,627.7541907,683.8500622,4754666.367,805.2402129,4754.372668,148563.2543,666.2503536,15193.5725,24589.84878,274155.4052,0,2928.130647,0,9117.185294,74.83524383,6042.202057,702.9503808,5615,881826.016,151.1379512,420.4277942,160209.1077,0,263.8162701,28940.04489,347.8482578,25971.21545,0,2463.953569,0,1013.036333,1380.417443,18870.97077,0,5277.207074,0,2271.601969,0,3941.099074,0,4673.740984,12445620.53,35743.10429,174.2614885,3235686,0,9609.271875,0,471.0887829,461.4843039,9072.181204,12726.27238,506727.1957,0,8013.022941,12635.04784,763153.7349,10718.08087,160953.3116,2193.849858,36717.46343,333.0783527,1992.161662,646.932287,30624.09701,0,7663.96178,129.1303538,3653.770632,7413.10576,123162.9086,2886.298907,55051.14978,1544687.701,4106.579988,145711.2218,116177.6405,315.9672917,136.5701439,42.81810259,2547.255476,513.9746023,15071.19703,192.59346,4082.343358,0,8112,999.8891634,18182.0428,2049096.378,11620.43397,13030.69115,453855.2573,3740.831487,25329,87341.44036,1204385.929,27114.07286,339431.2224,365.3605895,2161.056448,2001.566849,6452.786802,816.9689469,3788.461532,57509.08703,626.029083,12454,14.51185909,543.7972725,84897,389.0025072,6003.390818,96493.82413,384.2387457,4738.767736,215.0667318,882.3142355,0,1190.40965,8253.944708,0,190.9612132,3965.385261,27087.58569,365424.6075,2251.736347,6771,924.7290001,7592.87616,260.5709199,1981.382247
M218-LN 1464,0,0,0,0,0,0,0,0,0,0,0,0,0,0,0,0,0,0,0,0,0,0,0,0,0,0,0,0,0,0,0,0,0,0,0,0,0,0,0,0,0,0,0,0,0,0,0,0,0,0,0,0,0,0,0,0,0,0,0,0,0,0,0,0,0,0,0,0,0,0,0,0,0,0,0,0,0,0,0,0,0,0,0,0,0,0,0,0,0,0,0,0,0,0,0,0,0,0,0,0,0,0,0,0,0,0,0,0,0,1613,8710.358646,135418.8347,151767.5824,3326,40952.89681,528836.85,2535.226286,12674.78148,2857.471319,105362.7799,55943.79324,432711.2755,1033.783407,0,5082.915817,0,196,79120.21328,0,0,291127.9364,1111.592279,222.7693559,0,522.6939526,0,853,225.5935163,8192.535328,17928241.14,0,58953.06578,0,1268.018834,290676.4517,707.3840628,0,6774.248086,9923.887706,443677.4767,0,3933.224855,0,3128.819512,3990.268593,40063.82466,0,1489.787959,0,2833.315932,0,558.5380362,0,255.5349288,2075983.331,0,7244.778149,80546.1976,0,1749.180029,63062.5082,49362.799,615715.5901,1271.068388,11588.73587,0,1616.709892,0,692.863369,179.0135974,2864.519773,1112.017172,18556,285.5660847,4049.502596,415.3594213,0,1272.994847,1118308.899,0,2215.492882,433799,0,398.7021668,657.861561,3342471.734,1116.878528,2544.270815,135101.5926,351.9851046,7003.430733,13192.91752,224667.9249,0,2125.98368,0,5459.931099,0,6616.688519,1183.948816,3350,852290.6646,170.893465,268.1053981,203473.8409,0,658.8951096,23774.33274,159.8731651,16439.51247,0,2486.749275,0,954.4478618,925.1062241,10793.54818,206.3666079,3474.145365,0,1377.452391,0,2181.793533,0,10210.37408,8358767.397,24554.74344,136.157051,2029800,0,9435.145721,0,169.4009096,161.1917278,8946.911057,10407.36268,474463.1111,57.90177103,7854.123142,14083.40501,527475.9658,4699.356187,119572.182,2497.092825,31226.77438,0,2990.381917,354.5733288,29176.91509,332.7556857,6375.740747,0,4673.142138,4741.152882,80955.60458,2352.245342,48434.02569,1160277.889,5081.138126,130350.509,80759.52216,114.6879876,0,0,2972.137724,1066.626095,13411.90835,41.16779263,2043.403651,136.8536781,5270,928.4560437,12420.83904,1543924.034,5970.618287,8001.383768,289762.4662,3285.062045,17704,62037.72455,941003.4812,16784.45572,274142.4011,400.9346833,3438.9065,2403.940501,4308.11619,401.2445072,3336.554536,58066.77796,110.7426736,11505,0,542.0560216,63920,811.2914742,5355.409894,92669.09216,290.322791,3738.938451,0,1112.556639,0,982.0567561,5623.549947,120.6711539,256.1492691,2397.334005,20458.24017,317849.8525,1569.192316,3890,495.286514,6734.860017,106.6729054,1742.172004
M219-LN 1972,0,0,0,0,0,0,0,0,0,0,0,0,0,0,0,0,0,0,0,0,0,0,0,0,0,0,0,0,0,0,0,0,0,0,0,0,0,0,0,0,0,0,0,0,0,0,0,0,0,0,0,0,0,0,0,0,0,0,0,0,0,0,0,0,0,0,0,0,0,0,0,0,0,0,0,0,0,0,0,0,0,0,0,0,0,0,0,0,0,0,0,0,0,0,0,0,0,0,0,0,0,0,0,0,0,0,0,0,0,4081,41176.15058,517798.573,588659.2259,13176,148896.9993,2275802.833,11571.18093,64498.65485,16771.25978,700838.9484,202562.8739,1669329.152,2542.741428,0,17394.06078,0,1627,321565.4776,346.2659335,605.2841062,2053160.837,5816.284744,3988.649432,222.1166747,1619.722475,0,4127,270.685251,38176.69774,57450877.91,0,176424.7888,0,2778.559584,1043784.146,2011.883347,349.8169973,6647.145451,12695.70264,462696.7212,0,8219.070122,638.9224856,5041.447976,7543.032177,91242.10345,0,3972.404734,0,12126.41935,0,1746.435651,804.8268079,950.5871293,8665189.456,0,19344.37503,168279.9703,441.4286348,3037.905533,102575.4968,90665.21305,1113547.953,2597.913982,19659.24664,0,2268.359564,194.1408772,1857.761814,1034.673108,13198.20023,3466.723307,55330,161.4635439,7549.887812,2216.817895,0,1789.817186,3992988.469,0,5216.167156,1439210,0,842.0259441,2111.191615,11072959.85,2769.578922,6840.792075,201361.7102,306.5097264,14950.99579,67153.85699,743341.9802,323.8620305,3935.695115,200.0988697,10527.81062,244.4803836,9715.561146,3583.468388,13850,1947642.206,1324.852275,1791.549175,60663.55365,0,563.4823467,51105.91473,131.020997,33102.12843,151.01205,5794.987902,0,2173.173195,2489.083629,42107.50007,0,9285.462417,0,4991.426884,0,4186.241078,160.1130551,15479.47335,30476755.37,59163.12354,1497.336959,6187675,0,20436.0554,0,1927.012252,415.9512517,13260.55705,10632.95805,519964.801,176.4889066,10028.20322,18551.4554,696482.7032,18590.85895,239285.8134,4941.922677,54481.72423,915.0394257,5600.860147,403.2400338,59727.98019,0,5223.621471,0,8128.787622,15558.74284,253769.2445,8862.022148,131523.6081,3520595.433,7500.721732,258798.7147,230654.028,402.0318378,50.65986987,0,6332.489993,2136.915246,33312.25688,168.2930561,3221.384016,387.1745974,3968,2879.573714,43647.9819,3333445.515,12994.98481,10994.09039,344127.6668,14747.03329,37669,140481.1889,2411884.53,38016.43723,507354.1596,118.3629671,3003.142642,8309.945262,11291.67042,53.93445618,14875.76606,219536.9116,1045.406108,27203,142.4179026,959.8615796,207455,1144.900999,13226.64565,181104.206,545.935965,9242.338261,68.04206945,1190.581498,0,2692.055987,24904.75741,0,636.7154701,6263.057402,59163.03483,705167.2562,6060.389154,11638,1137.244144,14001.19691,466.8641201,3639.502721
blk10,0,0,0,0,0,0,0,0,0,0,0,0,0,0,0,0,0,0,0,0,0,0,0,0,0,0,0,0,0,0,0,0,0,0,0,0,0,0,0,0,0,0,0,0,0,0,0,0,0,0,0,0,0,0,0,0,0,0,0,0,0,0,0,0,0,0,0,0,0,0,0,0,0,0,0,0,0,0,0,0,0,0,0,0,0,0,0,0,0,0,0,0,0,0,0,0,0,0,0,0,0,0,0,0,0,0,0,0,0,25,725.1924732,4643.390883,4634.57708,123,1763.908352,5477.914249,0,650.7302947,0,665.2632099,238.9404288,1676.884238,0,0,339.9481549,0,14,1938.042281,0,0,2655.320304,0,0,0,0,0,23,0.674530689,289.1813234,108461.1052,0,378.2207747,0,0,913.9340681,0,311.7915534,1042.814642,0,979.1807539,0,0,0,0,0,0,0,401.8871536,0,112.4803887,0,0,0,0,8167.939727,0,0,669.3942445,1.543268127,0,216.2315105,1164.852783,12952.98814,0,0,0,0,0,0.951255931,0,0,0,178,0,0.532728305,0,0.121455891,0,5257.216037,0,0,3286,0,0,0,2553.962923,0,0,0,0,0,343.1979195,4500.124215,0,225.1231914,0,136.1566981,0,0,0,73,1212.343752,0,0,1403.800125,44.85147811,0,0,0,0,0,0,0,0,0,0,0,0,0,0,0,0,0,0,65259.21386,318.9082116,2.737439108,40355,44.48402381,291.6831383,0,0,0,0,0,729.0228926,0,322.0633495,0,7367.841105,130.2499972,224.8422824,0.499164476,113.9319761,0,131.2008495,0,0,0,2535.114863,0,0,46.0996036,543.5611574,87.17611978,364.9683357,11233.16146,0,878.3252569,316.1762247,0,5.436239815,0,0,0,0,0,0,0,43,0,0,17915.14573,40.19633649,0,2438.133093,0,11,325.3965742,3044.028815,287.2681904,2850.729543,0,594.647993,111.0660021,0,352.3357442,0,321.593239,95.17317433,38,0,0,883,92.12169407,0,253.7666201,0,0,0,0,0,0,535.5484893,50.24386248,0,0,10.54519231,3115.626299,0,51,0,258.4180788,0,562.8633348
M220-LN 1973,0,0,0,0,0,0,0,0,0,0,0,0,0,0,0,0,0,0,0,0,0,0,0,0,0,0,0,0,0,0,0,0,0,0,0,0,0,0,0,0,0,0,0,0,0,0,0,0,0,0,0,0,0,0,0,0,0,0,0,0,0,0,0,0,0,0,0,0,0,0,0,0,0,0,0,0,0,0,0,0,0,0,0,0,0,0,0,0,0,0,0,0,0,0,0,0,0,0,0,0,0,0,0,0,0,0,0,0,0,1415,7560.548754,121210.5115,120091.0192,2575,35403.48341,471762.9187,2239.228299,10799.30818,2525.33269,85886.06126,43511.06801,371729.3404,753.744831,0,4062.184886,0,369,68600.85612,0,0,294471.0044,852.78206,320.1464734,0,349.7414538,0,858,216.3644603,8323.103457,15649096.8,0,50664.96084,0,1154.68041,314673.4628,595.8115848,296.4094148,5581.654224,7363.602984,362024.1945,187.3565226,4139.330529,0,2297.338793,2120.87113,28560.02904,0,549.6328855,0,2499.75476,0,550.3772063,209.0241305,230.5225875,2109242.896,0,4963.551738,69135.9752,0,1805.121827,55740.91054,55299.92623,550678.407,359.9562266,11033.21734,1.751936407,751.6101266,0,1074.070973,265.7830042,2339.979163,1270.108635,20165,0,2046.205851,586.7187156,0,635.747877,1149163.901,153.0896805,3466.599456,343194,0,412.4068492,201.4245677,3303064.343,700.9011666,2834.310435,123292.5331,168.2456775,9343.896411,14821.06487,206227.9071,57.97558998,903.6514631,0,4484.303816,0,3823.035389,489.4195421,3759,587705.1794,0,55.64462382,81299.94534,0,530.8597828,23097.80762,0,17833.94788,0,1208.330519,0,476.1255955,1025.469127,11373.33058,204.6578145,4648.40466,0,2152.583246,0,1596.253053,200.0191306,6256.596094,10272980.11,24290.0453,477.7235606,2052725,72.44414389,8882.855059,0,1344.442028,0,7641.315131,9752.949806,272892.1518,271.8405018,6677.586982,12018.17749,404794.965,8850.131966,128885.4772,1250.795772,20213.53496,422.3122585,2999.41537,193.3934968,21290.57258,0,4626.802337,0,4591.3963,4486.756519,68860.50206,2075.502045,31104.91982,986694.6095,3994.757595,127577.1933,70711.10265,78.47536606,100.6468136,183.6438979,2957.61773,340.0351996,10977.08614,260.7261241,1675.009128,0,4411,595.2077897,12976.60576,1512289.369,5766.235668,9790.577401,302613.9669,2963.203181,14838,40782.79222,795713.94,19905.43774,264027.6327,0,2500.64426,2139.277216,4379.591228,516.8027777,3043.155403,52813.84281,445.1547147,8701,1.486125808,189.6875304,57078,0,3885.319438,61844.12439,112.2245332,3055.578492,90.04832643,1048.109358,0,620.9912055,6146.064863,0,0,2705.704196,19547.24026,247663.6928,1184.199022,4629,153.2961906,5144.090493,0,1884.614731
M221-LN 1974,0,0,0,0,0,0,0,0,0,0,0,0,0,0,0,0,0,0,0,0,0,0,0,0,0,0,0,0,0,0,0,0,0,0,0,0,0,0,0,0,0,0,0,0,0,0,0,0,0,0,0,0,0,0,0,0,0,0,0,0,0,0,0,0,0,0,0,0,0,0,0,0,0,0,0,0,0,0,0,0,0,0,0,0,0,0,0,0,0,0,0,0,0,0,0,0,0,0,0,0,0,0,0,0,0,0,0,0,0,1633,10784.96656,153012.1932,148075.7339,4265,45987.85147,608976.3866,2958.664812,13635.04787,3502.311691,125352.7457,54523.8593,503556.3979,466.4893369,0,5107.518315,0,304,81461.87783,0,260.1116781,491030.4968,1086.411742,534.7141656,0,765.5850517,0,760,0,10451.83118,25352764.23,200.6954716,49879.66544,0,1398.938236,417067.0468,1254.963653,0,6346.186561,9151.775064,348940.4096,355.5540761,3370.6826,472.4837773,3816.443437,3817.034234,49000.87357,225.6381234,1637.680326,0,3189.63004,0,987.0542939,0,440.4612828,3075948.868,0,7268.662904,97541.17896,120.8477389,1679.034179,77090.06092,58364.61084,827938.6361,863.5568734,12391.08975,0,499.5788085,0,1918.680053,431.5792712,3012.294402,1486.803214,28765,0,3059.470712,558.5511885,0,685.23202,1399446.811,0,4923.741832,500232,0,454.2766542,233.9662328,3787707.341,1465.808365,2183.276465,172260.4429,528.7719791,10811.35515,23760.91196,288510.2357,233.5025692,2282.494648,166.5789534,7091.598358,0,5161.682105,1024.480724,3431,432837.6586,0,313.379469,213252.9602,0,215.8981469,26743.67762,552.346154,18010.37097,0,1924.710913,0,907.312054,1405.330479,15876.019,0,5196.727833,173.9206543,2202.132072,0,2269.652284,0,6822.731896,10668412.52,24069.86282,719.3265914,2746397,450.8862239,10186.2478,0,1231.786578,199.5796786,5258.851578,9467.31146,266885.1953,0,7870.737333,10467.81443,408075.8966,12092.85105,134215.0748,605.4754911,32675.19195,0,1982.530019,153.4748893,30495.88549,0,5698.275253,0,3314.742388,4676.989432,123587.6983,4157.60341,53453.82728,1343437.582,3775.42733,131143.1025,108394.4834,274.2649524,0,0,1984.951364,701.1095915,13394.45716,175.4244797,2091.297939,0,6457,1425.806015,23162.06448,1688290.022,3602.569205,8982.4209,251305.3505,4268.617543,16455,52934.15988,847515.7928,20771.01898,269019.3975,0,1804.078577,2985.914753,4395.537347,702.2415351,5107.967978,78139.12495,600.8120802,12328,0,653.0588728,73393,1124.904243,4553.83416,63090.8621,309.421292,3904.336845,113.295037,968.2546559,0,971.8044938,10053.78513,0,120.9311793,3035.017925,18943.05458,309244.7379,2602.68005,5540,438.6196893,4769.797113,87.06786845,2119.90903
M222-LN 1975,0,0,0,0,0,0,0,0,0,0,0,0,0,0,0,0,0,0,0,0,0,0,0,0,0,0,0,0,0,0,0,0,0,0,0,0,0,0,0,0,0,0,0,0,0,0,0,0,0,0,0,0,0,0,0,0,0,0,0,0,0,0,0,0,0,0,0,0,0,0,0,0,0,0,0,0,0,0,0,0,0,0,0,0,0,0,0,0,0,0,0,0,0,0,0,0,0,0,0,0,0,0,0,0,0,0,0,0,0,981,11265.45689,124092.1823,148533.7768,3264,38105.3739,512302.363,2703.995655,11736.59372,2630.146909,100990.261,44928.46982,371763.7538,750.4590661,0,8069.505473,0,413,63766.15861,0,216.1626806,443517.1242,1218.015897,395.9782646,0,269.6926764,0,828,0,9850.904482,20400504.86,0,49428.77586,0,1928.076884,352534.8011,727.2015572,187.949709,6752.436621,9723.097558,338973.1536,157.3718789,2246.517578,338.8565505,3432.993873,3792.637316,36946.95045,0,1426.186639,0,1987.317086,0,385.3452806,554.1341849,412.5922342,2315841.124,0,6608.335894,81810.72825,0,1457.509916,62890.21249,53422.60532,779421.9675,963.8600728,13694.68299,0,289.8502708,0,991.1055099,203.017502,4342.56712,1959.143662,21004,0,2781.990786,921.1088372,0,626.0538728,1049250.181,0,4110.321082,388937,0,302.1068733,274.2338069,3272779.959,890.6361546,2484.44737,140019.6259,0,7772.877019,10736.14121,208489.9191,0,1913.210137,0,5557.174736,0,3900.947153,625.8091778,3246,632768.1972,183.8858747,208.0490354,103177.11,0,263.6127513,22480.89015,304.7756446,11863.02953,0,2119.96532,0,67.64954998,1035.702907,12644.92104,0,4830.996268,0,1361.900092,222.8477474,1823.265873,0,8290.199057,9010381.266,23846.57774,322.1350506,2114492,0,9782.742403,0,568.2890663,0,9749.91806,8119.293077,285657.7964,0,6701.197685,15553.37549,373563.3253,6612.786519,102268.2031,1236.032026,18911.92095,0,1191.247087,240.4535278,25143.04003,159.3827741,8552.852814,225.0025022,4060.547278,7122.148411,89447.89536,2240.822137,50748.16076,1211770.424,3146.653174,122007.7817,81836.40794,191.2375977,0,182.308543,2543.161337,498.8596067,10849.88741,0,1839.689336,88.29359832,3228,846.3228185,17253.00306,753254.3199,7970.886164,7907.104894,273538.9947,3308.403148,14431,50318.61731,972606.4161,22050.91883,269255.8035,244.5145473,1838.930947,2334.039665,3973.832647,83.02393682,4034.699711,75392.79921,398.3850948,13362,0,408.3292075,73642,0,5016.023664,66698.83377,233.2209008,3236.51499,257.9900301,782.3766527,0,1375.896604,10332.32971,0,139.0691571,2503.760606,19929.76095,313682.6997,1649.821497,3704,406.054144,6192.26572,0,1651.333589
blk11,0,0,0,0,0,0,0,0,0,0,0,0,0,0,0,0,0,0,0,0,0,0,0,0,0,0,0,0,0,0,0,0,0,0,0,0,0,0,0,0,0,0,0,0,0,0,0,0,0,0,0,0,0,0,0,0,0,0,0,0,0,0,0,0,0,0,0,0,0,0,0,0,0,0,0,0,0,0,0,0,0,0,0,0,0,0,0,0,0,0,0,0,0,0,0,0,0,0,0,0,0,0,0,0,0,0,0,0,0,137,122.1046223,5993.564646,4994.922819,90,2418.39993,3902.796671,0,340.7773847,0,231.8828642,213.851705,627.9703591,351.8363638,0,323.3215577,0,1,1768.699025,0,0,1056.019256,0,0,0,0,0,50,0,0,69695.8037,0,202.1864464,0,0,609.495638,0,0,1175.777758,114.6116142,716.3662224,108.5464189,78.96266941,0,0,0,192.2025729,0,431.1380742,0,73.74407554,0,0,0,0,7697.97908,0,0,339.7712404,0,0,312.6080335,226.8908295,10198.16651,0,0,0,0,0,0,0,0,0,0,0,0.345703245,0,0,0,1940.531581,0,0.833222185,1218,0,0,0,1257.615434,0,0,534.3479924,0,0,185.4129006,3140.786532,0,384.7421652,0,0,0,0,0,58,479.7509457,0,0,1163.881619,0,0,0,0,0,0,0,0,0,0,0,0,0,0,0,0,0,0,0,40114.03588,125.4981129,0,36805,0,0,1.736504899,0,0,0,0,2302.65749,0,0,0,9154.995006,0,241.8033739,0,0,110.8618849,0,5.092943953,0,0,2184.842887,0,169.9342963,0,325.1516868,0,396.0376715,7053.277533,0,450.4247476,248.0497523,0,88.34139507,0,138.2468501,0,0,0,0,0,62,0,162.5813042,9711.029845,232.5882276,54.32346659,972.8230905,0,87,0,1985.142177,0,3515.095761,0,203.3522022,0,0,0,0,378.7195298,0,25,0,0,692,159.5294639,0,682.5887224,0,0,0,0,0.800495705,0,220.2244922,0,43.22443493,0,378.1314699,2684.14898,0,18,0,267.1982221,0,408.7264595
M223-LN1981,0,0,0,0,0,0,0,0,0,0,0,0,0,0,0,0,0,0,0,0,0,0,0,0,0,0,0,0,0,0,0,0,0,0,0,0,0,0,0,0,0,0,0,0,0,0,0,0,0,0,0,0,0,0,0,0,0,0,0,0,0,0,0,0,0,0,0,0,0,0,0,0,0,0,0,0,0,0,0,0,0,0,0,0,0,0,0,0,0,0,0,0,0,0,0,0,0,0,0,0,0,0,0,0,0,0,0,0,0,1957,14082.14481,147875.7699,189053.3942,3665,43891.0908,560581.7984,2854.053671,11811.67524,3353.61688,120136.026,54564.41259,475854.1136,981.8044902,0,4663.547484,0,489,103634.397,0,305.2359323,424192.7599,1579.360293,0,0,556.1950817,0,1236,434.2871563,15640.51511,32076431.55,134.3253475,78110.94065,0,1586.163638,473040.9852,402.3641599,142.2020262,7646.515932,10278.20711,465075.757,397.6602429,5281.765776,437.0608423,3408.176399,4397.708299,56242.91691,0,481.0311087,0,2749.237418,0,990.8036888,504.2067427,444.3792637,3385511.444,0,8858.269164,97498.67315,0,1603.573916,88592.23989,70164.66723,873249.1137,1577.562178,13871.10708,0,559.9390532,0,1406.396893,472.5550911,5888.90576,2479.591801,25696,0,3965.894815,914.0830077,0,1416.397641,1734821.28,0,3232.974778,552610,0,594.1683699,893.8315994,4529733.566,2045.498129,5106.404826,168890.308,295.5669544,12711.10248,31309.71436,302933.1511,211.5388006,1151.084489,0,8351.438988,0,7499.129628,756.9427377,3851,875232.0699,172.5697823,885.4682223,80418.01214,0,0,30516.70168,316.8297092,21524.27732,215.1810969,3620.961566,0,1422.901914,2197.78615,21682.95607,278.3695531,5694.60775,0,2084.609378,233.3883134,3213.773488,144.1759701,6549.040224,14406118.12,41398.91099,342.1091427,2972896,0,10195.67643,0,1146.541704,104.1114843,10855.88795,10513.54599,374130.4484,0,10494.58584,17612.93766,710845.7664,10420.83383,201693.972,1268.461107,34374.94186,199.180919,3534.2273,606.8949227,27618.39835,0,7227.801212,338.4946568,4687.02763,5880.220335,118384.1134,5123.33585,64215.23991,1642753.46,4231.519901,158515.7023,108948.2049,663.6200396,33.92466806,127.4135755,3055.224626,1013.295326,17770.96565,268.3488251,3345.181681,317.5345766,5545,1967.197878,28796.72975,1953280.847,12733.93374,11940.74754,376806.4676,2685.320077,22948,91963.8475,1355412.513,23818.70775,288759.583,0,2838.465543,2554.78288,4710.878365,164.4335105,6473.515051,87733.4516,740.0832307,12112,0,432.5909787,88858,727.9109507,6534.347408,82276.07068,299.8737174,4636.091548,26.98393192,1815.906453,0,1165.07562,14224.64547,0,328.5950658,3306.144521,27214.14588,382359.2238,2211.86624,5998,494.8545992,7560.326051,135.9856779,1817.368283
M224-LN 1982,0,0,0,0,0,0,0,0,0,0,0,0,0,0,0,0,0,0,0,0,0,0,0,0,0,0,0,0,0,0,0,0,0,0,0,0,0,0,0,0,0,0,0,0,0,0,0,0,0,0,0,0,0,0,0,0,0,0,0,0,0,0,0,0,0,0,0,0,0,0,0,0,0,0,0,0,0,0,0,0,0,0,0,0,0,0,0,0,0,0,0,0,0,0,0,0,0,0,0,0,0,0,0,0,0,0,0,0,0,4935,41848.55072,480906.1358,664272.2202,13231,150588.3905,2243019.359,10827.23128,63126.67636,15833.48378,636405.0091,197251.7599,1979513.614,3204.542416,0,23694.66086,0,1373,430386.8244,779.8396109,640.5666656,1421984.848,4656.980663,855.2920743,0,1213.320586,0,4350,337.8144295,42985.00964,59279358.33,0,175468.1137,0,3952.158436,832524.4062,1608.422264,119.5372403,7840.304623,14496.4259,599930.1097,0,8248.209794,500.5339719,7389.798748,7116.495695,114570.4493,0,1434.50196,0,8739.928714,0,1270.433255,705.6400765,840.2568881,7934199.46,0,20030.2549,125883.7345,0,4141.12723,146091.858,103780.9282,1609790.553,2045.703828,26089.96849,0,2624.270141,0,2178.643959,622.9151963,7557.930658,3824.005384,61067,0,8209.165236,1698.17691,0,1254.651717,3657392.424,0,10814.92984,1285444,203.1495879,1223.25263,1387.285608,11971213.42,3466.334104,9038.578239,295846.2234,818.8541533,21872.62431,61307.75555,1049802.524,288.8791144,5087.429229,644.1849482,14267.51608,453.5150982,11715.79426,2255.145091,17004,2080181.661,282.9840785,250.2467405,341750.1652,0,621.6686863,56108.22846,471.3105562,39951.8836,226.1836777,5435.940115,0,2663.029251,3436.143766,59831.58539,725.6378288,15193.50493,0,3410.014546,0,3869.263841,216.8300665,11540.98452,35622449.02,80139.80579,1468.49248,6504046,138.3656125,19418.2699,299.1190508,2145.750156,280.264943,16524.7549,25261.88672,830763.7335,707.6803675,13147.96714,36277.31552,999165.7341,28256.37249,324759.3741,5633.533379,84526.02945,335.3771223,8393.386255,513.1711112,61580.38978,237.0430046,9319.874736,392.8214887,12547.98039,16005.36827,305400.7597,10186.80594,123426.5331,3404555.585,11364.0029,398826.6782,261649.6605,64.736573,72.59557022,107.8627327,8649.992663,1666.700755,40782.26238,557.0099716,4802.950849,316.3818849,11866,2818.458599,46162.73071,3756387.772,17613.53315,20636.1766,631351.4991,8911.504253,56203,194884.1872,2673226.878,48214.97099,768526.4324,103.8403334,3723.36011,4818.116614,13147.42978,1035.060191,13391.80954,206153.4845,2045.429355,31590,269.3355121,1877.303445,174402,1408.514342,14375.65727,220204.8006,811.5592935,10595.1442,130.1769633,1610.942373,125.574307,1989.721907,23918.59426,0,800.4167743,9019.501176,69109.60143,897853.8656,4229.735239,14856,1173.832773,14763.65272,146.1023523,3336.233542
blk12,0,0,0,0,0,0,0,0,0,0,0,0,0,0,0,0,0,0,0,0,0,0,0,0,0,0,0,0,0,0,0,0,0,0,0,0,0,0,0,0,0,0,0,0,0,0,0,0,0,0,0,0,0,0,0,0,0,0,0,0,0,0,0,0,0,0,0,0,0,0,0,0,0,0,0,0,0,0,0,0,0,0,0,0,0,0,0,0,0,0,0,0,0,0,0,0,0,0,0,0,0,0,0,0,0,0,0,0,0,53,385.8750973,8751.580542,8684.690499,68,3184.235736,6806.449348,0,782.1923584,0,842.1880444,149.3565191,1543.017961,177.4193891,0,266.2746972,0,22,2673.771988,0,0,2290.202728,0,12.43365823,0,0,0,0,0,0,113955.8872,0,491.3771327,0,0,520.5297557,0,39.49898582,1539.640033,0,679.2188895,0,0,0,243.3336955,0,0,276.1001716,131.9094279,0,0,0,0,0,0,3712.127161,0,0,546.6872262,0,10.95173696,508.0984395,1020.138469,12427.7503,0,218.854125,0,0,0,0,0,180.4878097,0,19,0,0,0,0,0,5600.766044,58.59232288,0,1898,0,0,0,3687.6805,2.200713936,0,122.6467673,0,0,284.7461346,3072.040759,0,241.2641709,0,0,0,0,0,7,1080.4783,0,0,260.5487232,0,0,0,0,0,0,0,0,0,0,0,0,0,0,0,0,0,0,0,66649.53029,148.922888,0,33564,0,475.5934808,0,0,0,0,0,2876.682068,0,0,0,5866.029354,0,128.7799939,0,0,0,156.2449111,0,209.7231174,0,1678.119007,0,0.804192795,0,922.9752987,0,219.6266177,8588.006482,0,962.7437388,317.389392,132.2290511,0,0,74.20780786,0,0,0,0,0,47,0,0,7689.215254,0,19.36741263,1643.12381,0,22,0,2926.223971,0,408.6545138,0,438.473879,0,0,128.2191102,0,181.3088191,0,171,0,0,822,0,0,100.6412539,0,0,0,174.3465817,0,0,482.2150358,0,13.02627866,0,97.62233767,1967.041673,0,2,0,227.340088,0,160.802057
M214-226QCLN4,0,0,0,0,0,0,0,0,0,0,0,0,0,0,0,0,0,0,0,0,0,0,0,0,0,0,0,0,0,0,0,0,0,0,0,0,0,0,0,0,0,0,0,0,0,0,0,0,0,0,0,0,0,0,0,0,0,0,0,0,0,0,0,0,0,0,0,0,0,0,0,0,0,0,0,0,0,0,0,0,0,0,0,0,0,0,0,0,0,0,0,0,0,0,0,0,0,0,0,0,0,0,0,0,0,0,0,0,0,1308,11018.98605,187306.1448,176155.5886,4510,56226.28542,775359.1042,3860.066384,10406.47487,4873.085651,157901.8968,71068.52533,607734.3666,1054.691741,0,6296.337305,0,258,109855.0941,210.2865446,0,444947.4552,865.318132,826.933201,0,422.6517589,0,1220,260.2123388,13446.73776,26033354.08,0,75748.32967,0,1603.141466,352217.9952,790.3959459,75.20102109,6948.544933,9229.438755,382678.6957,199.2123177,4662.531272,229.4338076,4088.206326,2963.119103,49787.677,0,877.7084533,0,6114.242513,146.9506773,406.4634807,0,301.1967712,2631559.049,0,6384.886528,91208.03653,0,2536.922845,78655.61566,72548.92157,770247.757,1437.680236,13569.61221,0,1389.322449,0,845.19468,396.0563051,5387.886514,1469.882572,23520,0,2452.220109,827.6273459,1.852145643,944.6441147,1192825.845,0,961.9337518,437957,0,475.861671,164.1710607,3907442.585,711.3025702,2002.990608,137930.8152,513.6136093,9774.798708,24862.67162,326623.9942,472.4117131,2629.298802,0,8686.745987,148.0295824,5598.610879,1235.035105,5717,666833.7497,0,181.2103488,272330.1818,0,328.7849266,27159.63725,274.8131547,25970.10287,0,1917.920764,0,974.9381691,1694.240208,15344.98514,0,4169.523951,0,925.832706,0,3007.187339,0,7358.877359,10436597.9,31864.27475,650.7878561,2159625,0,7478.905207,0,0,308.0789931,9767.982229,9464.216175,346704.1592,0,6328.904526,15437.82709,455278.5065,6703.027083,105104.2553,891.8656614,29358.26099,0,2353.697372,408.2745879,24808.59644,284.347896,5085.302971,185.5608148,4554.988396,5383.254486,103943.8307,2761.208171,49397.45495,1357919.552,2616.05377,192438.5353,89038.93243,213.4269602,0,0,3079.579446,902.0774544,13881.27695,141.2275604,3008.000537,0,5996,1317.150195,17322.64206,1613360.443,4131.821781,10251.96147,330905.6734,3260.682355,15009,56750.18984,859041.6971,16796.83008,314484.0188,162.4915679,1525.410501,1766.978881,4226.237313,264.1415062,3428.678138,60157.21348,441.8932345,13897,0,510.9216394,68486,166.527569,6114.126218,74613.49245,410.6391373,4101.809318,49.34744979,1263.920936,0,1202.634109,10312.81544,0,264.926716,2717.422891,22201.51577,311345.7112,1972.07739,4715,640.5815492,6618.119685,214.5672348,1940.915952
M214-226QCLN5,0,0,0,0,0,0,0,0,0,0,0,0,0,0,0,0,0,0,0,0,0,0,0,0,0,0,0,0,0,0,0,0,0,0,0,0,0,0,0,0,0,0,0,0,0,0,0,0,0,0,0,0,0,0,0,0,0,0,0,0,0,0,0,0,0,0,0,0,0,0,0,0,0,0,0,0,0,0,0,0,0,0,0,0,0,0,0,0,0,0,0,0,0,0,0,0,0,0,0,0,0,0,0,0,0,0,0,0,0,1469,10680.02208,195716.1029,188498.2522,4279,58439.33057,814340.5471,3999.392305,10221.91236,4452.264612,158946.0548,68294.09432,541233.1741,801.8509089,0,6296.912598,0,264,99059.5977,0,0,431677.5631,1531.20043,712.7392862,0,253.4849335,0,450,0,11466.34171,24886743.72,174.8740117,52027.70125,0,940.3497704,243720.6138,848.480413,167.2028159,4670.280713,7144.952721,336653.6555,300.5347937,3815.547297,0,3357.291977,2993.435058,41631.76088,0,1210.202676,140.7599801,3911.128856,0,545.4108304,377.831985,341.7240674,1691010.439,0,4376.351566,76399.77253,290.5763625,885.532816,64654.09176,50245.16748,667346.9978,1029.490928,10328.8485,0,430.3674464,0,825.0700925,0,2523.690231,798.5938956,10620,0,2366.618677,638.4928785,0,710.6895703,1222489.98,0,1760.519069,321674,0,317.501838,214.0761488,2490452.203,836.4755528,1206.383365,69519.84142,0,4643.70344,21767.89937,245970.9934,0,2130.630961,0,8036.526014,0,4925.254882,505.0637608,3790,486813.6463,123.1050479,0,44560.59677,0,297.0830368,16901.41797,380.0949431,11168.85593,0,2371.450351,0,851.7360823,429.6245796,9803.999656,0,2401.33864,0,0,0,718.0444155,0,6995.669286,8219869.838,24604.36932,334.8688505,2252998,0,7537.844153,0,732.5395539,422.5881798,4609.927152,7577.443348,341226.859,0,5945.15737,12875.23115,603688.5955,3668.296316,63565.69903,432.3810415,11090.8328,0,1141.774991,0,14991.04444,0,3837.320398,150.7842851,4488.296182,4542.931299,88431.93689,2409.201845,45440.80388,1077083.51,2674.063565,138642.6505,68779.64688,135.7625804,0,202.701627,1971.2357,283.9504114,7608.109204,0,1735.592577,291.6086749,4106,903.2383316,11451.39727,1228525.352,5355.030776,8298.616256,262310.3904,3425.278601,10443,40955.1532,578504.8043,14082.7628,212189.9373,0,1203.391555,1911.522232,3002.871545,50.71579981,3534.679622,62123.57355,301.166843,12409,46.09416251,427.8752458,60631,447.0588455,3340.711367,60155.80298,203.1935724,2681.837461,0,1094.726177,0,771.8145923,8019.660011,0,0,1023.564573,14845.24807,194801.1672,1717.415025,3875,713.6262934,5058.16129,0,1356.39529
