Sample,C1P d18:1/C16:0 Results,Cer d16:1/C22:1(-H20) Results,Cer d16:1/C22:1 Results,Cer d16:1/C25:1(-H20) Results,Cer d16:1/C25:1 Results,Cer d16:1/C26:0(-H20) Results,Cer d16:1/C26:0 Results,Cer d16:1/C26:1(-H20) Results,Cer d16:1/C26:1 Results,Cer d18:0/C22:1(-H20) Results,Cer d18:0/C22:1 Results,Cer d18:0/C23:1(-H20) Results,Cer d18:0/C23:1 Results,Cer d18:0/C25:0(-H20) Results,Cer d18:0/C25:0 Results,Cer d18:0/C25:1(-H20) Results,Cer d18:0/C25:1 Results,Cer d18:0/C26:0(-H20) Results,Cer d18:0/C26:0 Results,Cer d18:0/C26:1(-H20) Results,Cer d18:0/C26:1 Results,Cer d18:1/C14:1(-H20) Results,Cer d18:1/C14:1 Results,Cer d18:2/C20:1(-H20) Results,Cer d18:2/C20:1 Results,Cer d18:2/C26:0(-H20) Results,Cer d18:2/C26:0 Results,Cer d18:2/C26:1(-H20) Results,Cer d18:2/C26:1 Results,DHCer d16:1/C16:0(-H20) Results,DHCer d16:1/C16:0 Results,DHCer d18:1/C14:0(-H20) Results,DHCer d18:1/C14:0 Results,DHCer d18:1/C22:1(-H20) Results,DHCer d18:1/C22:1 Results,DHCer d18:2/C16:0(-H20) Results,DHCer d18:2/C16:0 Results,DHCer d18:2/C18:1(-H20) Results,DHCer d18:2/C18:1 Results,DHCer d18:2/C22:0(-H20) Results,DHCer d18:2/C22:0 Results,DHCer d18:2/C24:0(-H20) Results,DHCer d18:2/C24:0 Results,GM3 d16:1/C14:0 Results,GM3 d16:1/C16:0 Results,GM3 d16:1/C18:0 Results,GM3 d16:1/C20:0 Results,GM3 d16:1/C22:0 Results,GM3 d16:1/C24:0 Results,GM3 d16:1/C24:1 Results,GM3 d18:1/C14:0 Results,GM3 d18:1/C20:0 Results,GM3 d18:2/14:0 Results,GM3 d18:2/16:0 Results,GM3 d18:2/18:0 Results,GM3 d18:2/20:0 Results,GM3 d18:2/22:0 Results,GM3 d18:2/24:0 Results,GM3 d18:2/24:1 Results,MHCer d16:1/C16:0(-H20) Results,MHCer d16:1/C16:0 Results,MHCer d16:1/C20:0(-H20) Results,MHCer d16:1/C20:0 Results,MHCer d16:1/C22:0(-H20) Results,MHCer d16:1/C22:0 Results,MHCer d16:1/C22:1(-H20) Results,MHCer d16:1/C22:1 Results,MHCer d16:1/C23:0(-H20) Results,MHCer d16:1/C23:0 Results,MHCer d16:1/C23:1(-H20) Results,MHCer d16:1/C23:1 Results,MHCer d16:1/C24:0(-H20) Results,MHCer d16:1/C24:0 Results,MHCer d16:1/C24:1(-H20) Results,MHCer d16:1/C24:1 Results,MHCer d16:1/C26:0(-H20) Results,MHCer d16:1/C26:0 Results,MHCer d18:0/C16:1(-H20) Results,MHCer d18:0/C16:1 Results,MHCer d18:0/C22:1(-H20) Results,MHCer d18:0/C22:1 Results,MHCer d18:1/C14:0(-H20) Results,MHCer d18:1/C14:0 Results,MHCer d18:1/C23:1(-H20) Results,MHCer d18:1/C23:1 Results,MHCer d18:1/C25:1(-H20) Results,MHCer d18:1/C25:1 Results,MHCer d18:1/C26:0(-H20) Results,MHCer d18:1/C26:0 Results,MHCer d18:1/C26:1(-H20) Results,MHCer d18:1/C26:1 Results,MHCer d18:2/C16:1(-H20) Results,MHCer d18:2/C16:1 Results,MHCer d18:2/C20:0(-H20) Results,MHCer d18:2/C20:0 Results,MHCer d18:2/C22:1(-H20) Results,MHCer d18:2/C22:1 Results,MHCer d18:2/C23:0(-H20) Results,MHCer d18:2/C23:0 Results,MHCer d18:2/C24:0(-H20) Results,MHCer d18:2/C24:0 Results,MHCer d18:2/C25:0(-H20) Results,MHCer d18:2/C25:0 Results,SM C30:1 Results,SM C34:0 Results,SM C36:0 Results,SM C38:0 Results,SM C40:0 Results,SM C42:0 Results,SM d18:0/C16:0 Results,SM d18:0/C18:0 Results,SM d18:0/C20:0 Results,SM d18:0/C22:0 Results,SM d18:0/C24:0 Results,Sphd16:1 Results,Sphd18:2 Results,Sphd18:1-D7 (ISTD) Results,Sphd18:1 Results,Sphd18:0-D7 (ISTD) Results,Sphd18:0 Results,SM C24:1 (ISTD) Results,SM d18:1/C6:0 (ISTD) Results,C1P d18:1/C8:0 (ISTD) Results,MHCer d18:1/C8:0 (ISTD)(-H20) Results,MHCer d18:1/C8:0 (ISTD) Results,Cer d18:1/C8:0 (ISTD)(-H20) Results,Cer d18:1/C8:0 (ISTD) Results,SM d18:1/C12:0 Results,SM d18:2/C14:0 Results,SM C32:2 Results,GM3 d18:1/C16:0 Results,SM C32:1 Results,SM d16:1/C16:0 Results,SM d18:1/C14:0 Results,SM C34:2 Results,SM d18:2/C16:0 Results,GM3 d18:1/C18:0 Results,Cer d18:2/C14:0(-H20) Results,Cer d18:2/C14:0 Results,MHCer d18:2/C16:0(-H20) Results,MHCer d18:2/C16:0 Results,DHCer d18:1/C16:0(-H20) Results,DHCer d18:1/C16:0 Results,SM d16:1/C18:0 Results,SM d18:1/C16:0 Results,SM C34:1 Results,MHCer d18:1/C16:1(-H20) Results,MHCer d18:1/C16:1 Results,SM C36:2 Results,SM d18:2/C18:0 Results,MHCer d18:0/C16:0(-H20) Results,MHCer d18:0/C16:0 Results,MHCer d18:1/C16:0(-H20) Results,MHCer d18:1/C16:0 Results,Cer d16:1/C16:0(-H20) Results,Cer d16:1/C16:0 Results,Cer d18:1/C14:0(-H20) Results,Cer d18:1/C14:0 Results,Cer d18:2/C16:0(-H20) Results,Cer d18:2/C16:0 Results,Cer d18:2/C18:1(-H20) Results,Cer d18:2/C18:1 Results,DHCer d18:1/C18:0(-H20) Results,DHCer d18:1/C18:0 Results,Cer d18:1/C16:1(-H20) Results,Cer d18:1/C16:1 Results,SM d16:1/C20:0 Results,SM d18:1/C18:0 Results,GM3 d18:1/C24:1 Results,MHCer d18:1/C18:1(-H20) Results,MHCer d18:1/C18:1 Results,SM C36:1 Results,GM3 d18:1/C22:0 Results,SM C38:2 Results,SM d18:2/C20:0 Results,MHCer d18:1/C18:0(-H20) Results,MHCer d18:1/C18:0 Results,Cer d16:1/C18:0(-H20) Results,Cer d16:1/C18:0 Results,Cer d18:1/C16:0(-H20) Results,Cer d18:1/C16:0 Results,Cer d18:0/C16:0(-H20) Results,Cer d18:0/C16:0 Results,Cer d18:2/C18:0(-H20) Results,Cer d18:2/C18:0 Results,Cer d18:1/C18:1(-H20) Results,Cer d18:1/C18:1 Results,DHCer d18:1/C20:0(-H20) Results,DHCer d18:1/C20:0 Results,GM3 d18:1/C24:0 Results,DHCer d18:2/C24:1(-H20) Results,DHCer d18:2/C24:1 Results,MHCer d18:1/C20:1(-H20) Results,MHCer d18:1/C20:1 Results,SM C38:1 Results,SM d16:1/C22:0 Results,SM d18:1/C20:0 Results,SM C42:3 Results,SM d18:2/C24:1 Results,SM C40:2 Results,SM d16:1/C24:1 Results,SM d18:1/C22:1 Results,SM d18:2/C22:0 Results,MHCer d18:1/C22:1(-H20) Results,MHCer d18:1/C22:1 Results,MHCer d18:1/C20:0(-H20) Results,MHCer d18:1/C20:0 Results,Cer d18:1/C20:1(-H20) Results,Cer d18:1/C20:1 Results,Cer d18:1/C18:0(-H20) Results,Cer d18:1/C18:0 Results,SM C39:1 Results,SM d16:1/C23:0 Results,Cer d16:1/C20:0(-H20) Results,Cer d16:1/C20:0 Results,MHCer d18:2/C24:1(-H20) Results,MHCer d18:2/C24:1 Results,MHCer d18:2/C22:0(-H20) Results,MHCer d18:2/C22:0 Results,Cer d18:0/C18:0(-H20) Results,Cer d18:0/C18:0 Results,SM C41:2 Results,SM d18:1/C23:1 Results,SM d18:2/C23:0 Results,Cer d18:2/C22:1(-H20) Results,Cer d18:2/C22:1 Results,DHCer d18:1/C24:1(-H20) Results,DHCer d18:1/C24:1 Results,Cer d18:2/C20:0(-H20) Results,Cer d18:2/C20:0 Results,DHCer d18:1/C22:0(-H20) Results,DHCer d18:1/C22:0 Results,SM C42:2 Results,SM d18:1/C24:1 Results,SM d18:2/C24:0 Results,SM C40:1 Results,SM d16:1/C24:0 Results,SM d18:1/C22:0 Results,DHCer d18:1/C23:0(-H20) Results,DHCer d18:1/C23:0 Results,MHCer d18:0/C24:1(-H20) Results,MHCer d18:0/C24:1 Results,MHCer d18:1/C24:1(-H20) Results,MHCer d18:1/C24:1 Results,MHCer d18:0/C22:0(-H20) Results,MHCer d18:0/C22:0 Results,MHCer d18:1/C22:0(-H20) Results,MHCer d18:1/C22:0 Results,Cer d18:2/C23:1(-H20) Results,Cer d18:2/C23:1 Results,Cer d18:0/C20:0(-H20) Results,Cer d18:0/C20:0 Results,Cer d18:1/C20:0(-H20) Results,Cer d18:1/C20:0 Results,Cer d16:1/C24:1(-H20) Results,Cer d16:1/C24:1 Results,Cer d18:1/C22:1(-H20) Results,Cer d18:1/C22:1 Results,Cer d16:1/C22:0(-H20) Results,Cer d16:1/C22:0 Results,DHCer d18:1/C24:0(-H20) Results,DHCer d18:1/C24:0 Results,SM C41:1 Results,SM d18:1/C23:0 Results,Cer d18:2/C24:1(-H20) Results,Cer d18:2/C24:1 Results,Cer d18:2/C22:0(-H20) Results,Cer d18:2/C22:0 Results,MHCer d18:0/C23:0(-H20) Results,MHCer d18:0/C23:0 Results,SM C43:2 Results,SM d18:1/C25:1 Results,SM d18:2/C25:0 Results,MHCer d18:1/C23:0(-H20) Results,MHCer d18:1/C23:0 Results,Cer d16:1/C23:0(-H20) Results,Cer d16:1/C23:0 Results,Cer d18:1/C23:1(-H20) Results,Cer d18:1/C23:1 Results,SM C42:1 Results,SM d18:1/C24:0 Results,Cer d18:2/C25:1(-H20) Results,Cer d18:2/C25:1 Results,Cer d18:2/C23:0(-H20) Results,Cer d18:2/C23:0 Results,MHCer d18:1/C24:0(-H20) Results,MHCer d18:1/C24:0 Results,MHCer d18:0/C24:0(-H20) Results,MHCer d18:0/C24:0 Results,Cer d18:1/C22:0(-H20) Results,Cer d18:1/C22:0 Results,Cer d16:1/C24:0(-H20) Results,Cer d16:1/C24:0 Results,Cer d18:0/C22:0(-H20) Results,Cer d18:0/C22:0 Results,Cer d18:0/C24:1(-H20) Results,Cer d18:0/C24:1 Results,Cer d18:1/C24:1(-H20) Results,Cer d18:1/C24:1 Results,SM C43:1 Results,SM d18:1/C25:0 Results,Cer d18:2/C24:0(-H20) Results,Cer d18:2/C24:0 Results,MHCer d18:1/C25:0(-H20) Results,MHCer d18:1/C25:0 Results,Cer d18:0/C23:0(-H20) Results,Cer d18:0/C23:0 Results,Cer d18:1/C25:1(-H20) Results,Cer d18:1/C25:1 Results,Cer d18:1/C23:0(-H20) Results,Cer d18:1/C23:0 Results,Cer d18:2/C25:0(-H20) Results,Cer d18:2/C25:0 Results,SM C44:1 Results,SM d18:1/C26:0 Results,Cer d18:1/C26:1(-H20) Results,Cer d18:1/C26:1 Results,Cer d18:0/C24:0(-H20) Results,Cer d18:0/C24:0 Results,Cer d18:1/C24:0(-H20) Results,Cer d18:1/C24:0 Results,Cer d18:1/C25:0(-H20) Results,Cer d18:1/C25:0 Results,Cer d18:1/C26:0(-H20) Results,Cer d18:1/C26:0 Results
blk1,0,0,0,0,0,0,0,0,0,0,0,0,0,0,0,0,0,0,0,0,0,0,0,0,0,0,0,0,0,0,0,0,0,0,0,0,0,0,0,0,0,0,0,0,0,0,0,0,0,0,0,0,0,0,0,0,0,0,0,0,0,0,0,0,0,0,0,0,0,0,0,0,0,0,0,0,0,0,0,0,0,0,0,0,0,0,0,0,0,0,0,0,0,0,0,0,0,0,0,0,0,0,0,0,0,0,0,0,0,0,0,0,0,0,0,71.83325567,2798,848,1697.145389,204,1718.451994,0,362.2249804,6,410.1170445,0,1360.668715,0,0,439,71,7212,0,0,5932,0,0,0.412054777,0,188.2306889,12,0,294.0699605,0,915.5880731,250524.4152,0,0,11118.51382,0,141.8791664,158,0,368.4477505,95.23183737,255.7602985,0,549,0,394,0,0,0,255,0,1333.698117,8064.211667,104.3319412,0,0,0,159893.7074,20,2959,0,0,3244,0,477.8515909,2630.251937,26356.67056,0,143,621.7039481,8799,0,0,0,0,0,0,0,0,0,36536.8761,465.7746871,0,11080.80551,0,11535,0,0,0,235.6812662,558.5671676,0,557.0792252,0.455707678,0,2796.396121,36845.17973,2048,488.9222629,0,340,0,428.4747133,0,0,0,517,1667.720638,0,0,0,0,0,1,0,60.76009676,0,367.365379,57615,619.4285757,0,81512,0,0,0,5,0,667.9972249,289.0601016,14865.09756,0,3.285974333,0,1221,0,0,0,0,260.4593057,1160.134602,0,0,0,0,20.51707779,102.1012416,0,105.1284044,16702.46941,176.3203832,13.96037299,59,0,117,24.63903649,0,824.9382099,177.2334494,0,152.9155295,1280.289705,0,161.3007651,0,183.7725861,28813.81871,132.3738609,1.459657796,0,0,30,0,4233.108023,0,29,243.6380837,8268.436005,0,312.5959186,0,44,0,63,0,4319.20442,733,372.5854205,0,420.6469848,0,181,53.50935587,47,0,0,94.86896327,58,0,0,261.9442171,0,1.033612921,10,0,88,194.0994372,3545.590797,0,209.3718799,0,290.5439121
blk2,0,0,0,0,0,0,0,0,0,0,0,0,0,0,0,0,0,0,0,0,0,0,0,0,0,0,0,0,0,0,0,0,0,0,0,0,0,0,0,0,0,0,0,0,0,0,0,0,0,0,0,0,0,0,0,0,0,0,0,0,0,0,0,0,0,0,0,0,0,0,0,0,0,0,0,0,0,0,0,0,0,0,0,0,0,0,0,0,0,0,0,0,0,0,0,0,0,0,0,0,0,0,0,0,0,0,0,0,0,0,0,0,0,0,458.966574,961.7465205,2721,2542,1265.012543,404,4064.452457,0,0,3,431.7207564,244.093198,1175.148532,0,0,445,38,7715,0,79.19589689,5854,0,39.85189226,0,0,0,23,0,739.6490024,0,539.372354,186511.3697,0,0,6243.593697,0,54.86536515,22,0,386.4169902,0,616.5236888,0,532,0,695,0,0,0,232,0,1466.493738,10840.48994,108.3023372,0,46.23910031,50.15704087,106501.7743,5,2517,0,215.5273014,2499,0,369.1224003,2610.000624,25715.87797,0,551,242.9742054,5232,0,127.2594777,0,0.84727828,0,0,1,0,0,28044.53166,461.9993299,0,9756.243295,0,8939,0,0,1.670976377,0,541.2248552,0,0,0,0,1417.137996,24890.37291,1878,229.6456799,0,247,0,141.4174247,1.136892368,0,0,807,624.9183328,0,309.3719044,0,0,0,1,0,0,0,0,45028,0,0,13777,0,0,0,4,0,0,23.96186153,13870.0694,0,0,0,2447,0,0.319706558,0,0,69.52705835,720.5182097,0,0,0,150.5402306,0,332.1223221,0,125.0964122,15899.96725,0,0.586591726,146,2.392859323,282,0,127.3326903,684.8839166,123.753749,0,0,1456.843214,0,0,0,8.946765972,22887.2055,80.7574236,0,1.053989109,0,16,178.7003341,1931.295293,0,1,686.4393189,5807.710487,0,667.4108174,0,275,0,1,0,2197.125108,2218,272.9051802,0,406.4761928,0,23,0,23,0,0,0,627,0,0,207.3462527,25.51668577,0,19,0,9,51.27959493,2133.076156,0,0,53.54623609,177.6695975
blk3,0,0,0,0,0,0,0,0,0,0,0,0,0,0,0,0,0,0,0,0,0,0,0,0,0,0,0,0,0,0,0,0,0,0,0,0,0,0,0,0,0,0,0,0,0,0,0,0,0,0,0,0,0,0,0,0,0,0,0,0,0,0,0,0,0,0,0,0,0,0,0,0,0,0,0,0,0,0,0,0,0,0,0,0,0,0,0,0,0,0,0,0,0,0,0,0,0,0,0,0,0,0,0,0,0,0,0,0,0,0,0,0,0,0,202.4648164,0,2526,3528,1385.943362,224,3466.858676,0,76.05255509,7,321.0491676,0,905.2096669,0,0,373,13,6644,0,0,4519,126.3244267,134.2502068,0,0,0,0,0,668.5137202,0,624.1057615,211792.7019,0,0,5985.187872,0,67.00156716,90,0,277.8345911,0,509.2261848,181.9531556,521,0,569,0,0,0,23,0,889.2246527,10034.98597,0,2.09755698,0,0,85391.38394,5,1995,0,0,3529,0,337.4108678,2352.286721,24220.26876,148.9529053,481,0,4572,0.604795431,0,1.541192484,0,0,0,2,0,0,31766.49893,586.7875027,0,7606.497749,0,8914,0,0,0,0,694.1730578,0,0,0,0,1249.40184,20292.3902,1142,0,0,48,1.252057366,0,0,0,277.65779,174,266.2687952,0,0,2.39635137,0,0,2,0,0,0,0,36425,0,0,58336,117.3030648,0,0,4,0,0,367.2167748,11237.89217,0,0,0.924418424,958,1.789897358,2.988755861,0,0,0,287.7787354,0,177.7596683,0,0,0,11.84425838,0,0,15117.51066,88.49995773,2.095257323,40,0,513,3.562614564,0,57.89840551,53.0963792,0,0,357.0513925,0,33.02401497,0,172.2452298,18496.55582,40.33641615,0.709667968,1.467209463,0.642917953,0,0,1992.715873,0,1,205.0690972,4569.723813,0,649.4626233,247.7180136,56,0,41,0,2719.00695,574,229.0366092,0,402.1303297,0,136,0,77,4.336864429,0,0,183,0,0.272654142,499.8437352,0,0,17,0,28,125.915569,2591.954687,0,170.2566532,0,165.2756083
SL std mix1,0,0,0,0,0,0,0,0,0,0,0,0,0,0,0,0,0,0,0,0,0,0,0,0,0,0,0,0,0,0,0,0,0,0,0,0,0,0,0,0,0,0,0,0,0,0,0,0,0,0,0,0,0,0,0,0,0,0,0,0,0,0,0,0,0,0,0,0,0,0,0,0,0,0,0,0,0,0,0,0,0,0,0,0,0,0,0,0,0,0,0,0,0,0,0,0,0,0,0,0,0,0,0,0,0,0,0,0,0,0,0,0,0,0,0,216.3450584,162979,358,49268.73112,80,760139.7146,3836.707321,8883.164156,2901,110747.3612,60586.52155,477011.8859,0,0,290,44,7800,0,0,3223,0,0,0,0,0,9,0,861.6586545,0,302.3841794,254116.2471,0,0,12066.50245,0,33.10723632,10,0,0,0,1121.319049,147.7337357,474,0,129,0,0,2.141587685,69,0,364.9420516,2736.904982,92.08332481,0,45.66002234,0,158607.6212,3,1362,0,213.494243,1631,0,571.0943377,3382.654514,29194.0832,0,81,312.8817489,8922,0,51.8106898,0,0,0,0,0,0,0,35634.49365,0,0,6218.850122,0,10616,0,0,1.805841412,1.171336988,1077.560474,1.830775164,296.9375478,0,124.1612824,2299.341781,29264.50945,1338,0,163.328929,195,0,0,0,0,0,761,2670.947691,56.03253481,0,0,0,7.905242586,2,0,0,0,13.7492217,47783,0,0,75171,0.521565413,0,0,152,0,0,165.8477125,9937.806759,0,0,0,1694,0,0,0,0,0,1460.464084,0,0,0,0,0,738.1878898,0,0,16455.3646,431.7128978,0,116,0,371,0,4.97152316,594.6385295,298.9223117,31.78002213,0,1094.401522,0,190.2685966,108.7266085,325.8472172,45930.05249,365.3603944,0,1.323181871,1.635845089,0,0,2969.3207,3.902284323,10,776.7313928,6124.807901,0,583.3749602,0,183,0,15,0,2650.277967,1591,86.35245454,0,696.8363343,0,106,92.73148742,74,0,94.52954934,0,1396,0,0,593.8449442,0,0,5,0,42,574.4698063,5638.277181,0,257.5269386,0,268.9996236
SL std mix2,0,0,0,0,0,0,0,0,0,0,0,0,0,0,0,0,0,0,0,0,0,0,0,0,0,0,0,0,0,0,0,0,0,0,0,0,0,0,0,0,0,0,0,0,0,0,0,0,0,0,0,0,0,0,0,0,0,0,0,0,0,0,0,0,0,0,0,0,0,0,0,0,0,0,0,0,0,0,0,0,0,0,0,0,0,0,0,0,0,0,0,0,0,0,0,0,0,0,0,0,0,0,0,0,0,0,0,0,0,0,0,0,0,0,35.36779729,323.0142028,158099,253,49773.4517,187,775629.1412,3249.580906,7689.641015,3010,116254.7499,48386.06165,483302.4547,0,0,412,46,5643,0,0,5265,0,191.549049,0,0,0,3,0,1039.457497,0,646.1803023,201857.3382,0,0,8339.743772,0,187.2299154,15,0,459.7166804,296.0751529,334.6414337,0,831,0,441,0,0,0,64,0,273.1770661,3856.154136,364.7446158,0,0,0,124215.5153,56,1694,0.535668589,284.4098673,1540,0,286.5848129,1743.334174,26005.24809,0,410,450.5898175,6033,0,0,0,0,0,0,2,0,0,27746.21904,198.6465202,0,6990.569884,0,11326,0,0,0,0,641.8642042,0,281.2497026,0,0,2114.816752,33905.77656,5020,0,0,22,1.820611092,506.1748038,0,0,0,7,3644.259253,194.1165527,208.4957587,0,0,0,1,0,378.6373128,0,0,44519,156.2651886,124.9904737,100895,0,0,0,3,0,0,0,10638.91562,0,129.6785906,0,1392,0,0,0,0,0,251.4643302,30.1072231,0,186.9928697,0,0,503.3178076,0,0,17328.88466,78.58037168,0,144,0,94,0,0,506.894306,0,0,0,969.7373805,0,216.3761008,0,272.6951648,34235.99591,62.51459781,1.4099855,0,0,38,0,2348.331962,0,34,306.9164717,5465.911189,0,516.0596888,127.685097,201,0,25,121.3822056,1797.300612,2532,156.5489159,156.8530875,295.742676,0,234,0,27,0,0,60.42323338,224,0,0,414.3028185,0,0,14,0,94,584.2665502,4211.044983,0,0,0,141.4805141
blk6,0,0,0,0,0,0,0,0,0,0,0,0,0,0,0,0,0,0,0,0,0,0,0,0,0,0,0,0,0,0,0,0,0,0,0,0,0,0,0,0,0,0,0,0,0,0,0,0,0,0,0,0,0,0,0,0,0,0,0,0,0,0,0,0,0,0,0,0,0,0,0,0,0,0,0,0,0,0,0,0,0,0,0,0,0,0,0,0,0,0,0,0,0,0,0,0,0,0,0,0,0,0,0,0,0,0,0,0,0,0,0,0,0,0,260.9440165,986.595605,2509,644,1011.790303,430,3540.123812,0,361.6539602,9,434.5192632,162.7675149,1353.763941,0,0,165,28,8654,0,0,4947,0,0,0,0,0,97,0,482.073667,0,532.1435265,251085.0861,112.8464051,0,8778.432542,0,159.0488069,39,0,310.9345442,0,792.6942473,0,212,0,654,0,171.9170733,0,29,0,1209.405234,8684.005382,0,0,0,0,89490.77062,3,2468,0,0,1973,0,0,1108.083738,27144.5285,100.2135926,194,138.5935379,4182,0,0,0,0,0,0,2,0,0,29296.23185,657.3396793,0,6667.723386,0,11591,0,0,0,0,0,0,164.3659784,0,0,2131.497701,23676.02362,1487,238.6253845,0,192,0,133.7069315,0,0,195.4205596,62,2944.170703,0,135.8486191,0,0,0,3,0,0,0,0,37542,635.6778159,2.430145459,72290,127.219873,115.2441323,0,4,0,124.0609525,301.0740614,6231.056442,0,0,0,1835,0,0,0,0,56.76636674,854.3587182,0,0,0,229.8548477,0,752.0788631,0,0,21514.6831,61.43793551,5.741623615,202,0,215,0.585380349,0,562.8244936,173.1235787,0,0,1059.064557,0,172.2720279,2.937274658,0,27438.07646,81.86266178,0,1.066351441,0,15,105.7023216,1692.786867,0,22,512.191851,7130.561629,0,485.8895556,0,95,0,36,218.2477031,2657.250203,607,84.2605846,0,200.6077874,0,175,22.02181848,36,0,0,0,329,0,0,460.1246803,0,0,3,0,30,109.1530495,2655.897417,0,158.4888102,0,194.0140311
M110-samblk1,0,0,0,0,0,0,0,0,0,0,0,0,0,0,0,0,0,0,0,0,0,0,0,0,0,0,0,0,0,0,0,0,0,0,0,0,0,0,0,0,0,0,0,0,0,0,0,0,0,0,0,0,0,0,0,0,0,0,0,0,0,0,0,0,0,0,0,0,0,0,0,0,0,0,0,0,0,0,0,0,0,0,0,0,0,0,0,0,0,0,0,0,0,0,0,0,0,0,0,0,0,0,0,0,0,0,0,0,0,0,0,0,0,0,86.79663396,251.2702571,188012,1288,59294.3505,253,900547.2197,4491.90837,9212.42105,3769,129179.1046,65126.37203,586470.3907,0,0,28419,39,6164,0,0,5371,0,0,0,0,0,55,0,483.7510554,0,191.5018117,207415.4243,0,0,10061.13952,0,151.179538,96,0,0,0,906.1550553,0,300,0,681,0,0,0,187,0,381.0305483,0,385.4361968,0,0,0,154576.7094,7,1577,0,0,1277,0,145.6636821,1348.119759,23289.0631,89.47572716,101,496.7057807,9714,0,0,2.905568014,0,0,0,3,0,0,31800.78222,0,0,4005.601942,202.3735572,13281,0,0,0,0,399.0719552,0,0,0,0,2129.825345,31656.77139,8632,0,0,200,0,365.8938122,0,0,157.1166527,454,6732.197804,0,0,0,0,0,266,0,0,0,0,8566,519.2934329,0,75509,0,0,0,5,0,0,0,12175.55859,0,0,0,1488,0,1.090208035,0,0,268.6227436,2428.273602,0,0,2.407493759,153.6418357,0,706.7959415,0,324.2117588,29098.84583,176.7084122,48.74332913,149,0,753,0,0,1322.760399,128.0142975,0,0,1305.640425,0,155.0084043,0,160.0656579,87030.46067,245.5541911,0.420906405,0,0,43,0,6128.329543,0,202,0,8584.305139,122.6055518,529.2406211,0,21,191.7179731,110,0,3596.301038,112,83.65124051,162.3232725,301.3169977,0,290,0,37,0,0,342.2709026,1155,0,0,1119.462858,0,0,10,0,201,365.0089024,6775.644557,0,255.439521,0,233.0981499
M111-samblk2,0,0,0,0,0,0,0,0,0,0,0,0,0,0,0,0,0,0,0,0,0,0,0,0,0,0,0,0,0,0,0,0,0,0,0,0,0,0,0,0,0,0,0,0,0,0,0,0,0,0,0,0,0,0,0,0,0,0,0,0,0,0,0,0,0,0,0,0,0,0,0,0,0,0,0,0,0,0,0,0,0,0,0,0,0,0,0,0,0,0,0,0,0,0,0,0,0,0,0,0,0,0,0,0,0,0,0,0,0,0,0,0,0,0,346.4469516,65.71433167,187024,1006,55670.02052,56,906426.1704,3902.474797,8169.078793,3305,126432.9145,57258.81775,569196.1975,0,0,23613,17,7920,0,0,5343,0,0,0,0,0,37,0,617.7519691,0,500.3215576,214337.7204,0,0,8525.82595,0,141.6398043,0,27.70960293,0,0,128.731806,0,110,303.0273809,173,0,0,0,375,0,0,0,186.1217722,0,0,0,150963.1178,3,589,0,0,755,0,0,690.9474862,28295.26507,59.66934567,572,467.5229769,6674,0,386.1453903,0,0,0,2.088504799,4,0,110.4400595,24451.99069,0,0,5838.766823,0,11097,0,0,0.896258665,0,815.7370717,0,411.4810142,0,0,1848.347384,32707.62939,8049,0,275.3530143,18,0,398.6753712,0,0,0,134,5183.608637,0,121.7948402,0,4.829461954,0,0,236.9046815,0,0,0,32214,0,0,61412,0,120.5749085,0,4,0,230.2950231,0,10202.29609,0,0,0,1882,0,0,0,84.79233735,247.7373187,2241.091996,0,227.0253312,0,122.5681785,124.9644323,1269.760768,0,149.2195094,28929.43358,60.14513213,2.724228647,36,0,381,0,0,1087.601011,0,0,102.7872236,889.5687587,0,130.3838828,0,201.8965067,70325.94508,351.4001824,0,0,0,153,129.7685573,5136.723316,0,123,275.0201045,8081.032162,0,325.5881689,0,49,0,21,762.0473661,1674.873397,1169,236.7988087,134.848576,272.0037297,0,44,9.754705364,20,0,0,0,819,0,33.79022331,681.9840553,0,0,16,0,26,512.0352707,6321.576203,0,137.5188025,67.48761927,249.8977127
blk7,0,0,0,0,0,0,0,0,0,0,0,0,0,0,0,0,0,0,0,0,0,0,0,0,0,0,0,0,0,0,0,0,0,0,0,0,0,0,0,0,0,0,0,0,0,0,0,0,0,0,0,0,0,0,0,0,0,0,0,0,0,0,0,0,0,0,0,0,0,0,0,0,0,0,0,0,0,0,0,0,0,0,0,0,0,0,0,0,0,0,0,0,0,0,0,0,0,0,0,0,0,0,0,0,0,0,0,0,0,0,0,0,0,0,0,0,2871,584,1403.976182,221,4044.594273,0,798.6749352,24,380.5251595,216.630993,1303.717003,0,0,302,22,6892,0,0,4999,0,0,0,0,0.142813616,0,0,426.797751,0,1402.892032,215802.0304,0,0,6163.197416,0,27.04463833,60,179.9947577,443.2997317,0,646.4262324,0,52,181.6121656,763,0,0,0,33,172.1355846,506.7956839,8449.498998,473.0824019,0,0,0,92205.33163,5,2430,0,0,1712,0,0,2200.609564,31244.10452,1.889730324,34,44.34784475,5122,0,233.5889087,0,0,0,0,2,0,0,29817.45843,900.5152477,0,8474.906348,0,7560,0,0,2.114083454,0,267.9798981,106.9749168,367.3182635,0,0,1284.791432,17306.81272,1513,235.03368,0,350,0,0,0,0,0,167,1326.87161,133.3116702,101.5545132,0,0,0,32,0,212.1005291,0,0,31869,232.8231957,0,80999,0,0,0,132,0,712.0078169,0,7448.432575,0,0,0,1378,0,0,0,0,0,161.1975696,0,0,2.194463907,182.5866365,0,1027.481117,0,101.3599835,14696.79273,218.2784057,0,0,0,81,0,0,340.4016657,30.71186661,0,40.62580609,577.460613,1.307813583,239.9984384,0,0,32635.7442,272.2481852,0,0,0,0,0,2197.707616,0,39,192.1069947,7105.633418,174.696259,384.2244006,0,18,0,17,0,2210.754859,892,113.5492507,0,285.0762856,0,41,0,54,0,0,0,176,0,0,378.4343563,0,0,13,0,120,273.6464771,2844.85109,0,0,0,202.026344
M99-111 QC SI1,0,0,0,0,0,0,0,0,0,0,0,0,0,0,0,0,0,0,0,0,0,0,0,0,0,0,0,0,0,0,0,0,0,0,0,0,0,0,0,0,0,0,0,0,0,0,0,0,0,0,0,0,0,0,0,0,0,0,0,0,0,0,0,0,0,0,0,0,0,0,0,0,0,0,0,0,0,0,0,0,0,0,0,0,0,0,0,0,0,0,0,0,0,0,0,0,0,0,0,0,0,0,0,0,0,0,0,0,0,0,0,0,0,0,4033.459971,42572.93457,188247,517924,56814.69222,20857,1200731.514,5086.010793,18284.2921,5081,201912.2043,80355.55717,707120.0643,0,0,3114,2092,176340,282.6105136,304.5351856,420885,1383.088214,4247.741426,0,1266.723904,0,133,0,6988.459043,0,142315.1025,50474122.14,0,41974.41121,657095.569,1274.321031,0,2123,3315.67579,127864.556,2405.950392,18463.18375,2020.920467,18171,11149.41181,189158,0,448.7780176,141.3830924,4835,1197.967469,17836.94493,0,16050.51779,1984.647738,0,630.2237207,5784975.444,2716,175052,531.0481023,645.2330484,12893,93.04354814,2540.886795,366518.9229,5698046.46,6891.564281,79451,7883.151268,110608,460.2455743,9857.119107,210.242022,4932.778678,2582.282067,0,267,0,1110.862219,3293081.938,0,7821.471812,2506395.228,1527.649442,601632,0,438.5537263,792.176193,0,1051.208891,776.242228,20324.34979,183.3145559,3486.354944,71648.36105,887800.193,313873,2.697174843,398.6033626,6315,0,685.1013991,0,771.0000928,1365.941946,16139,404657.5338,294.1627104,311.4286524,106.2575038,1264.827652,0,6535,5683.688115,71147.49354,259.2152234,8960.342541,5903252,15363.39819,420.3588397,3789369,0,9164.787689,0,2308,0,763.5800893,1442.344691,63265.47169,0,954.528287,1176.382395,49649,0,299.242301,1266.438144,5578.574923,29211.65521,427709.8749,163.8060993,2546.91185,1180.120855,26150.15652,215.1103572,6315.486437,99.47330242,4745.527506,1352610.32,4379.462289,6773.204062,101350,4365.516201,72485,0,311.2290616,108929.0311,313.4667094,688.8476438,726.1311675,26689.15974,0,3480.919034,331.8858066,9703.890673,2503391.751,7353.623366,0,617.6396419,1553.017062,30020,501.8611817,65514.54354,0.300068033,2548,27550.44266,417635.5649,0,2266.162894,1548.430014,5142,1157.569662,8164,40811.11032,546353.5537,121439,361.402687,4022.690451,45331.09749,225.4741533,1934,1024.811131,1866,606.3944329,5386.034279,8201.54596,143615,164.4127605,1407.344799,30535.27639,0,0,1536,1007.745881,5863,21982.27026,290989.1542,682.7598614,7934.245155,164.4379868,1927.627358
M99-111 QC SI2,0,0,0,0,0,0,0,0,0,0,0,0,0,0,0,0,0,0,0,0,0,0,0,0,0,0,0,0,0,0,0,0,0,0,0,0,0,0,0,0,0,0,0,0,0,0,0,0,0,0,0,0,0,0,0,0,0,0,0,0,0,0,0,0,0,0,0,0,0,0,0,0,0,0,0,0,0,0,0,0,0,0,0,0,0,0,0,0,0,0,0,0,0,0,0,0,0,0,0,0,0,0,0,0,0,0,0,0,0,0,0,0,0,0,4390.235474,45534.5913,197246,523450,59104.50092,21831,1193905.817,5886.942508,19573.79349,5077,206114.3949,75410.50777,722382.2232,0,0,1636,2329,179803,167.6675451,186.5474781,409806,929.2113105,4206.801147,0,1314.465743,0,627,108.1957522,8878.993457,138.3417305,139846.1792,45571231.61,70.33966023,50745.031,689049.2714,1756.324505,0,2402,3173.140913,151237.3972,1543.209798,21797.97286,1076.579298,19741,11802.6237,216917,0,698.1267344,0,3716,956.3582806,18391.60633,914.6452426,14684.94545,3397.370866,0,1368.83303,5944636.909,3214,249990,0,346.8468616,17145,0,1645.509173,449401.877,4435333.268,7433.148915,85849,7591.33668,93755,153.5754002,7727.515726,0,3631.499314,2398.472412,0,3,0,1362.152298,3277320.271,0,5097.164013,2532613.766,901.0855207,628872,0,289.8226176,1504.196353,0,1431.616348,704.4518074,21563.79099,0,2902.960381,73588.63952,896909.6341,379021,0,294.7649067,5140,0,655.4761339,0,978.8909726,926.5093883,13154,243527.2777,0,391.6604919,0,1159.869442,0,5428,3604.041416,56021.0337,0,4152.036091,6481478,12620.94187,248.5598992,3517324,0,8562.677243,0,1354,0,1126.511391,1388.546602,55084.40291,0.657718025,840.3086466,2040.870297,50025,0,640.624287,2006.302563,3922.805671,13113.30675,247267.9977,184.5365477,923.2163594,1081.722387,14661.27456,346.7439288,2334.648205,107.466807,3262.124507,1152762.624,4558.305859,5298.739214,106760,4364.536988,70788,0,129.8710222,84963.12066,147.1313673,0,1362.394933,23011.37132,155.9665449,2016.32268,482.6047491,10451.51949,2208379.785,3818.080262,0,894.5759046,1300.037134,19321,1368.337747,49949.41754,3.153281542,762,24536.46087,391052.2326,269.2563123,2455.362799,1764.413825,4710,1146.129256,8835,34800.39844,560153.3061,111187,568.8699658,2800.599897,50883.18828,162.6160476,818,603.7372743,696,454.6945987,4219.352705,6451.988647,89769,0,1036.43795,22831.45483,21.69545604,146.3728422,1695,755.4237825,3424,19036.60464,256371.4921,745.614284,7176.409713,0,1747.126652
M99-111 QC SI3,0,0,0,0,0,0,0,0,0,0,0,0,0,0,0,0,0,0,0,0,0,0,0,0,0,0,0,0,0,0,0,0,0,0,0,0,0,0,0,0,0,0,0,0,0,0,0,0,0,0,0,0,0,0,0,0,0,0,0,0,0,0,0,0,0,0,0,0,0,0,0,0,0,0,0,0,0,0,0,0,0,0,0,0,0,0,0,0,0,0,0,0,0,0,0,0,0,0,0,0,0,0,0,0,0,0,0,0,0,0,0,0,0,0,4937.418458,47952.19832,207628,555692,60840.07055,23037,1251385.035,7040.618204,22487.23528,6096,231921.4016,80788.25496,728837.3608,0,0,2877,2505,191375,185.2396097,257.8676845,421229,1513.720131,3730.996283,0,1156.769869,0,630,0,9929.263895,0,136515.5136,49235598.2,0,47420.57711,692676.9536,1357.525627,0,2048,3044.116533,125927.7444,2339.023591,19956.82156,1536.084544,20698,13345.36777,225442,0,404.9997155,0,4556,701.5613492,16021.39808,1689.873009,12282.49838,1461.787976,38.33103158,1339.954464,5489743.551,3390,221775,0,439.5781317,18520,234.7455846,2760.993123,403429.047,6009888.386,7006.000557,67038,6618.037779,124664,555.4154015,8852.729971,0,3547.76519,1684.756543,190.527971,70,0,1373.738634,2935577.984,0,7743.836247,2569986.469,695.8440125,598713,0,263.8269,240.06262,0,1476.480019,809.2973565,23468.81803,209.5866183,1514.217207,70118.84962,1026365.203,205243,350.2686971,0,4383,0,701.5673417,1.178816334,1382.741213,2645.475409,17597,113152.7656,418.3739344,68.1955072,0,619.7398008,0,2000,3567.043979,34734.09138,0,2342.564514,7162381,17517.69088,467.2993299,4197918,158.226728,7764.854321,0,2078,0,788.4861425,1587.987179,55885.87781,0,983.8945367,1262.393707,56266,0,1252.63329,1268.929033,2808.802789,12370.85969,177358.5848,0,1218.539035,160.2445645,9079.328151,189.5201323,3086.665594,0,2213.790559,849577.9381,2147.308232,6545.420335,76954,3656.949452,62215,0,587.5904585,64969.62001,0,0,1166.023127,23326.54456,0,3534.050188,898.3164904,8753.32744,2023584.621,1532.381293,0,1144.876412,340.9278944,17938,862.0337758,35877.12299,0,546,22586.04427,301256.0306,198.0908403,2207.079451,1547.662915,5728,1174.481111,12192,24844.84579,537570.4582,81768,738.5903508,3298.455905,44715.25813,0,2015,546.427202,1172,209.4337891,3098.451552,4625.577157,68069,0,1940.788295,22966.11544,14.52167393,167.1762621,1497,114.7011845,3185,17206.43429,245014.8542,599.6357964,6202.912699,0,1135.845448
blk8,0,0,0,0,0,0,0,0,0,0,0,0,0,0,0,0,0,0,0,0,0,0,0,0,0,0,0,0,0,0,0,0,0,0,0,0,0,0,0,0,0,0,0,0,0,0,0,0,0,0,0,0,0,0,0,0,0,0,0,0,0,0,0,0,0,0,0,0,0,0,0,0,0,0,0,0,0,0,0,0,0,0,0,0,0,0,0,0,0,0,0,0,0,0,0,0,0,0,0,0,0,0,0,0,0,0,0,0,0,0,0,0,0,0,79.33773924,2328.502933,2729,1277,1563.393558,291,2297.185298,0,483.158291,3,426.0164072,201.2257999,1567.410975,0,0,349,57,8139,0,0,5587,0,0,0,0,0,37,0,855.2515505,0,819.9946633,257050.6901,0,0,5686.471485,0,238.4992695,16,0,245.2147617,147.496658,702.7318287,0,413,0,192,0,0,0,89,0,922.9752817,7674.812964,108.2267435,0,0,0,73769.17851,4,1122,0,0,1405,0,0,2379.147446,39459.75677,0,586,196.6007939,4431,0,0,0,0,0,0,4,0,0,29242.78154,702.8602073,0.66647268,11277.8452,0,11015,0,0,0.741696053,0,475.5275633,2.240730457,0,0,0,1684.441661,12839.74927,2322,242.3668213,0,161,0,0,0,0,0,200,874.4533019,0,137.0384929,0,1.109458666,0,1,0,0,0,0,0,0,0,84392,0,0,0,4,0,0,0,5232.075345,0,0,0,1239,0,0,0,0,0,932.7884536,0,0,0,0,0,132.3119178,0,0,14959.50603,25.56053914,0,163,0,275,0,0,1668.770325,0,0,0,598.9294061,96.5146695,128.4806959,0.437160653,208.6866299,26023.59785,149.1907356,0,0.686304728,0,35,0,1689.798192,0,0,569.7485253,8008.352345,0,265.428591,0,65,0,29,0,2571.430545,2342,128.7128429,0,427.1836358,0.222788839,40,14.80576486,24,0,0,174.5479275,680,0,0,403.1840961,0,0,16,0,97,87.30473587,2754.681918,0,294.9763533,0,272.187614
M99-SI 1460,0,0,0,0,0,0,0,0,0,0,0,0,0,0,0,0,0,0,0,0,0,0,0,0,0,0,0,0,0,0,0,0,0,0,0,0,0,0,0,0,0,0,0,0,0,0,0,0,0,0,0,0,0,0,0,0,0,0,0,0,0,0,0,0,0,0,0,0,0,0,0,0,0,0,0,0,0,0,0,0,0,0,0,0,0,0,0,0,0,0,0,0,0,0,0,0,0,0,0,0,0,0,0,0,0,0,0,0,0,0,0,0,0,0,6612.574923,135686.7721,218812,1123103,64642.37467,24801,1218237.663,6231.828564,20305.5104,6705,275996.1235,79407.61346,700028.7457,0,0,4810,3187,203424,193.3134753,296.851967,1063634,2383.902762,10558.52376,453.2233943,3734.02143,0,1507,0,14740.16294,0,159931.9424,53659333.07,0,46002.66346,875476.1806,1263.38725,101.2465054,1417,2324.877659,147266.3526,1487.87214,16266.42741,4599.244006,48816,24232.03648,369787,0,1916.56641,244.3243666,8754,1440.650278,27136.19092,0,22594.2279,2833.420684,0,414.0827525,9007355.888,2759,228272,372.2892007,572.1148767,18344,334.9115589,2451.047629,623363.599,9710608.823,10004.88013,145027,14424.78876,230975,1439.201574,11823.78022,0,8968.337798,3323.285308,0,193,0,192.885463,4304304.97,1.617858702,10258.06234,4254187.006,413.1073574,851327,0,816.9884596,1244.618737,0,3128.442852,1187.061127,36317.82706,405.9051779,7835.348691,196082.3581,2059986.831,387010,0,378.9125356,8865,0,1714.882338,0,1984.734315,3189.517347,39803,213199.0119,560.3686125,768.7514633,272.9216907,6616.502366,302.7437218,14336,11580.33156,177564.2893,182.2463345,19143.63122,12305012,29255.25688,318.6947231,5026224,0,14133.71827,0,3278,0,2251.357692,1655.81201,83146.44958,0,715.1525396,1440.446297,55175,0,2314.764131,3137.666606,12158.82486,54468.89595,820118.1304,258.6753797,3599.725439,4608.618931,76710.40565,604.1219663,8453.208602,0,13306.39697,1275729.644,5258.377481,14613.8965,296086,12214.26507,173373,0,198.9871966,218439.157,306.5881454,0,962.739576,21076.57478,0,349.9441245,1340.007613,21330.8539,2796495.381,8830.220761,145.8006322,1707.229682,2658.847051,36643,1102.3455,63209.53753,0,1450,43872.47311,609599.1773,167.8662791,1854.81237,3909.899466,9371,4678.955521,20667,84213.16654,1701646.559,191009,139.6714263,6290.019839,107802.3675,175.8040539,2031,1723.653431,2400,551.6138462,10981.40353,10749.08049,150006,167.4914147,1455.411297,31888.22875,51.6561003,324.6711409,3350,3223.747944,7631,44866.23134,549459.0728,955.5531651,12221.04586,149.758555,2803.13875
M100-SI 1461,0,0,0,0,0,0,0,0,0,0,0,0,0,0,0,0,0,0,0,0,0,0,0,0,0,0,0,0,0,0,0,0,0,0,0,0,0,0,0,0,0,0,0,0,0,0,0,0,0,0,0,0,0,0,0,0,0,0,0,0,0,0,0,0,0,0,0,0,0,0,0,0,0,0,0,0,0,0,0,0,0,0,0,0,0,0,0,0,0,0,0,0,0,0,0,0,0,0,0,0,0,0,0,0,0,0,0,0,0,0,0,0,0,0,3990.78177,72571.1365,222470,570400,66791.74237,19641,1188280.652,5393.573624,20876.46537,5823,217409.6789,79373.41173,714730.6673,0,0,4767,3398,160275,0,379.5489243,620856,1865.682369,5432.560107,238.5143087,2631.451877,0,429,157.6000866,11107.49619,0,162843.2925,50346893.87,0,21866.20999,1114027.734,1867.313378,0,1627,4093.250112,122997.2612,982.8810629,13749.51064,2209.157378,28978,17648.71912,248644,0,570.9355996,0,7539,606.978455,14917.20471,0,19860.88914,2656.371607,0,289.630916,9806348.679,2589,256834,310.4618761,758.0243585,22980,0,2872.270336,391112.1757,5071228.054,7407.202372,74576,14919.90032,234421,185.4468134,10118.56467,0,8739.759722,4311.810712,0,599,0,974.4708116,4858524.74,0,10064.33741,3974309.071,1282.190063,894518,0,639.4745216,164.2549932,0,2501.502569,1239.746555,32471.12189,248.8364551,5237.423679,105711.15,1741938.63,404953,0,324.2125845,4780,0,857.536903,0.348271474,1158.094086,3555.13216,26088,442909.2461,0,303.9358179,272.9639256,2802.904932,0,11502,6527.2121,113957.7653,117.9846939,12780.05373,10343946,30511.47647,122.3699479,5196036,0.399380663,12604.84791,0,2930,0,1480.225461,1344.290883,52116.47474,0,599.4493474,1632.395057,77166,0.727540797,1362.55657,1342.793809,9494.281164,34803.87643,629029.7046,299.6375393,1540.143442,2697.076508,43907.54085,220.2838895,4612.154198,126.0156358,10153.97104,1671281.014,7030.249859,8995.362708,159956,7811.132255,105801,0,455.4189552,203903.3167,220.6705534,0,164.7672962,34310.25878,0,910.2914233,848.0550764,10998.74373,3802471.684,10240.95053,0,1554.455583,2416.253254,29373,2058.157488,71482.39947,106.8944961,1225,32636.78288,587607.0039,117.5103593,2248.291565,1683.892785,12193,2325.752572,16328,51462.27603,906172.242,150029,426.1630526,5705.787813,82315.76485,241.6483625,539,550.2309214,2470,634.1560885,8635.280639,10977.30893,164185,0,2048.923934,40128.67623,46.12381531,0,2376,1008.231582,6627,27329.90526,405282.9762,594.4485092,8978.257078,0,1987.756237
M101-SI 1462,0,0,0,0,0,0,0,0,0,0,0,0,0,0,0,0,0,0,0,0,0,0,0,0,0,0,0,0,0,0,0,0,0,0,0,0,0,0,0,0,0,0,0,0,0,0,0,0,0,0,0,0,0,0,0,0,0,0,0,0,0,0,0,0,0,0,0,0,0,0,0,0,0,0,0,0,0,0,0,0,0,0,0,0,0,0,0,0,0,0,0,0,0,0,0,0,0,0,0,0,0,0,0,0,0,0,0,0,0,0,0,0,0,0,5799.347567,57155.85521,229572,851786,63859.36186,16677,1665132.976,7778.776192,20998.64743,6680,256750.8671,92145.30882,812006.6446,0,0,2776,2817,370255,709.0018125,0,435730,1225.442998,3509.148696,0,1612.411939,0,597,185.5961897,8877.900892,0,168458.7942,54835672.96,186.2030079,111070.142,618110.2735,1141.971352,0,1206,2237.603772,120229.2241,2704.381434,32245.44938,641.665826,11081,11545.51246,194964,0,732.7870881,0,5689,1300.178106,23629.13095,0,16501.73452,1709.131656,0,1495.347348,8520562.26,2135,230163,670.0760898,273.3156374,13673,385.7097829,2425.937529,488132.772,5496248.359,6990.995071,79387,6972.29117,86705,440.3060099,12657.14018,0,4919.1069,2177.621634,0,19,0,2688.000078,3973260.292,125.7037763,12780.46691,2507995.156,1155.324604,819622,0,328.5674887,648.548911,150.4740352,1645.798571,477.4989735,43017.55242,211.8768413,4027.403679,98161.16911,1577361.65,824930,45.83275346,945.7093667,11094,0,973.2077229,0,1937.56427,2463.716588,21078,656775.4374,50.78454421,784.2003864,129.1064449,3528.640381,0,6891,11327.25046,109787.2818,131.0102698,9723.683639,9148175,24468.03912,539.1513292,5382239,0,7690.884265,139.7271518,3474,0,726.9581616,1344.21523,81012.18874,0,1514.772007,1319.242261,63881,0,950.9193253,2542.096953,11345.53967,43851.70767,584406.6821,353.9421147,6674.483206,2539.196795,36714.44314,1135.380176,10526.54261,89.26126782,6542.146812,2112975.632,8776.053589,10161.43303,150986,8039.966089,120502,0,488.2395187,226455.0881,0,159.4123628,1279.770383,38960.09195,590.9972748,7183.630729,1000.78999,14410.66904,2986745.405,8797.388974,0,1558.655252,3031.276056,50126,1923.486178,76019.03378,0,1642,42232.47078,644708.3461,0,5283.037392,2465.388661,10966,832.933819,10417,71297.95454,854607.1785,206209,802.0447895,4360.788322,54431.82993,0,3119,1200.697468,2545,386.4756459,7645.211331,18512.52328,214877,0,2864.503247,26197.45164,108.3592282,216.2349024,2393,1433.792971,8345,26793.77094,384685.8014,1153.652578,18235.46529,311.3226652,3196.851969
blk9,0,0,0,0,0,0,0,0,0,0,0,0,0,0,0,0,0,0,0,0,0,0,0,0,0,0,0,0,0,0,0,0,0,0,0,0,0,0,0,0,0,0,0,0,0,0,0,0,0,0,0,0,0,0,0,0,0,0,0,0,0,0,0,0,0,0,0,0,0,0,0,0,0,0,0,0,0,0,0,0,0,0,0,0,0,0,0,0,0,0,0,0,0,0,0,0,0,0,0,0,0,0,0,0,0,0,0,0,0,0,0,0,0,0,655.9402221,99.11866914,3047,384,1445.316412,90,1906.107539,0,454.7927318,24,561.5892523,164.8582328,1691.764912,0,0,860,88,7546,0,0,5556,0,0,0,0,0,0,0,480.5125362,0,285.7042605,294381.8968,0,0,4359.953992,0,228.9779282,62,0,327.772132,0,705.7748111,0,229,0,970,0,0,0,29,0,982.4375498,7280.90771,456.6210728,0,33.00568642,0,69494.26611,8,383,0,0,718,0,453.6005732,4100.161344,54174.53027,0,498,0,3284,0,0,0,0,0,0,2,0,0,36181.79804,841.7966183,0,12605.57642,0,12069,0,0,1.578120479,0,54.69293188,0,290.1169434,0,0,1294.400869,10533.28476,3654,0,0,46,0,0,0,0,208.2901552,355,997.3125513,0,0,0,0,0,2,0,0,0,0,62196,0,0,95838,0,300.6701119,0,61,0,131.2490724,0,3753.702029,0,0,0.964915534,687,0,0,0,0,0,972.954183,0,0,0,0,0,245.9759594,0,0,14950.43257,161.8746444,16.25724314,580,0,319,0,0.650263499,1417.421388,0,0,0,261.877045,0,348.6601683,0,319.9764536,36973.3441,99.38325979,1.197360599,0,0,65,0.511558684,1579.740612,0,55,220.2134754,9186.419727,0,577.8890064,0,141,0,49,0,3829.307574,2178,131.8448702,0,183.5957866,0,139,0,51,42.45224261,0,101.525404,414,0,0,435.4353216,0,0,16,0,15,232.2899507,3122.561125,0,270.0924367,0,270.9001632
M102-SI 1463,0,0,0,0,0,0,0,0,0,0,0,0,0,0,0,0,0,0,0,0,0,0,0,0,0,0,0,0,0,0,0,0,0,0,0,0,0,0,0,0,0,0,0,0,0,0,0,0,0,0,0,0,0,0,0,0,0,0,0,0,0,0,0,0,0,0,0,0,0,0,0,0,0,0,0,0,0,0,0,0,0,0,0,0,0,0,0,0,0,0,0,0,0,0,0,0,0,0,0,0,0,0,0,0,0,0,0,0,0,0,0,0,0,0,6860.122321,59723.67799,226377,586704,70362.20033,36154,1472602.27,7717.317166,24353.89725,6063,256217.4874,88971.59924,793723.0372,0,0,3354,2686,172536,191.409445,342.4474884,638352,1814.048166,4663.251422,0,2293.772495,0,244,338.0834961,10668.86313,0,148163.7492,47112792.82,0,36446.95141,882259.4144,1505.559505,0,1404,2846.54746,114835.7995,1058.2442,13207.74058,1631.135011,19861,18441.54602,225602,134.5965006,362.6771496,0,5777,642.4964904,16986.38057,0,17939.31247,2661.887612,0,603.6811015,8422767.567,3619,268839,377.3357802,0,15582,0,2379.332014,360258.5414,4914953.058,7181.695968,74454,8497.709131,148708,281.0852512,11440.3576,178.2959758,4447.278762,3190.147388,0,162,0,1194.826312,4476185.381,0,9993.794863,2518218.299,1384.602627,875782,1.313343653,290.459113,417.9902613,0,673.1523504,552.7406887,29360.24204,0,2169.077665,87816.17921,1187810.535,742151,0,500.7638608,8539,0,1011.895341,0,1305.522474,2403.314232,19024,242742.1593,349.9155122,294.3077972,0,3183.457753,0,8791,10921.73481,106749.5838,0,9245.165196,8248868,18974.68095,382.6931347,5205024,0,11999.09681,205.9281491,2199,0,932.0655964,1358.680213,51007.26313,88.26188772,942.0774092,1339.186196,57567,0,1123.901833,1517.782255,8706.283961,47117.35244,546525.5889,0,2505.202134,2950.30446,32737.8144,523.6955146,5863.314056,120.2094658,7901.164041,2231625.475,5385.589527,6873.686211,162786,5904.652126,90446,0,291.9496782,259157.9094,24.51575947,68.25020299,1467.617552,34129.77647,284.3905187,2159.59339,474.27646,10103.36768,2916147.024,8603.522613,93.87959783,1115.563972,2292.174201,28546,1866.42074,48123.3139,0,710,27384.00069,405971.2223,239.3662346,2517.562992,2183.999431,6068,1718.681306,14087,49500.65438,720095.3437,175906,488.9887985,4545.911654,56227.69714,0,1386,1014.166418,1727,950.9354416,6946.081199,10361.59076,146060,0,2282.100418,29554.33893,0,131.1862171,1672,1238.496152,4233,25260.07387,341549.803,641.3069791,9646.571149,120.1146843,2341.964217
M103- SI 1464,0,0,0,0,0,0,0,0,0,0,0,0,0,0,0,0,0,0,0,0,0,0,0,0,0,0,0,0,0,0,0,0,0,0,0,0,0,0,0,0,0,0,0,0,0,0,0,0,0,0,0,0,0,0,0,0,0,0,0,0,0,0,0,0,0,0,0,0,0,0,0,0,0,0,0,0,0,0,0,0,0,0,0,0,0,0,0,0,0,0,0,0,0,0,0,0,0,0,0,0,0,0,0,0,0,0,0,0,0,0,0,0,0,0,2981.786717,43297.09466,171326,542933,51879.7003,12334,986132.2976,4936.407283,18540.87754,4271,168837.5886,67411.36278,592811.9208,0,0,2048,2127,161747,179.9060912,384.7801441,400172,1148.378891,3808.255378,0,1498.402939,0,586,0,12044.98992,162.5422491,134326.7773,51731347.46,0,66928.87808,675395.4389,1037.40031,0,2332,4158.721909,176043.9688,1450.653054,18692.95714,1745.107559,21672,12984.58929,191491,0,564.3218033,43.84475864,5352,1011.854206,21279.09034,0,22057.88681,1779.960578,0,877.359005,6419474.695,2709,198354,462.6513621,556.497219,18398,193.4777602,1814.356814,359085.8834,6442824.213,6967.227006,101545,7074.434378,109742,302.1151053,10312.18367,232.0858058,3027.050125,2332.239527,0,58,0,1770.437219,3091128.755,0,8621.669026,2599254.652,204.5697871,591753,0,331.6984063,326.7491821,0,1297.408185,483.3704691,31597.11444,156.1222606,4260.219023,91702.53375,1101280.955,664202,85.04234,160.0335367,5580,0,953.9375518,0.950160456,543.5769433,1596.262607,19176,409363.0496,0,138.7803346,0,2696.464427,0,8572,6387.150932,89810.98298,0,10235.98987,8584278,15744.51594,220.9164897,4209648,0,10605.67909,0,3411,127.7043748,1465.771609,2514.887103,50617.33667,0,1603.319317,2023.540771,87201,0,690.609299,2013.704474,8665.212318,29367.03235,489315.7715,245.8798716,1355.504147,1451.198454,38804.15589,316.2168697,5011.129039,253.067137,10055.50888,1719426.39,4832.776437,5496.603756,102661,5224.678746,80287,0,0,133579.1333,0,50.75987743,2252.242195,45500.12126,0,2262.801975,797.4563222,13548.20311,3356694.699,8532.543051,57.98650588,1426.019053,1292.524947,35877,2379.628635,84399.8504,0,492,40174.47432,524163.5495,0,2611.349938,1486.190161,5746,1237.876092,14991,49363.0655,774604.6689,148806,198.8029215,3504.94814,56588.833,38.83660869,2189,718.4523609,1851,223.0825306,7106.402015,13711.00316,182551,221.586681,1700.113326,34545.99673,75.02052483,115.9744507,2079,933.9315692,8505,23363.83222,315338.2767,845.2545516,9562.231992,170.0053723,2276.225169
M104- SI 1972,0,0,0,0,0,0,0,0,0,0,0,0,0,0,0,0,0,0,0,0,0,0,0,0,0,0,0,0,0,0,0,0,0,0,0,0,0,0,0,0,0,0,0,0,0,0,0,0,0,0,0,0,0,0,0,0,0,0,0,0,0,0,0,0,0,0,0,0,0,0,0,0,0,0,0,0,0,0,0,0,0,0,0,0,0,0,0,0,0,0,0,0,0,0,0,0,0,0,0,0,0,0,0,0,0,0,0,0,0,0,0,0,0,0,10291.74293,68605.1834,198244,865392,54368.67431,21884,1269615.847,5970.887659,18842.1661,4522,167613.6308,69633.54865,598911.4819,0,0,1716,2708,266437,688.4329628,212.0916864,409982,1336.603368,4231.15214,0,1432.084856,0,401,0,8743.373987,0,153629.4758,55233086.84,119.5804316,64735.47494,628989.1212,1417.850345,0,2067,4366.458645,147047.8727,2902.121816,34524.40594,1588.013381,17148,13738.21208,222826,0,1021.03727,0,3715,670.3711424,18183.7724,153.0393888,15870.23059,3311.466533,62.45669354,1056.79933,7669186.462,3251,182291,483.8709856,922.8584013,19048,284.3856406,3516.218175,403435.3531,6740917.39,6192.913015,86886,6459.852405,132217,489.8256174,11314.9853,273.9090858,4061.703223,2696.258421,0,613,0,2485.667854,3698388.588,0,8205.695811,2090931.955,769.5500671,670313,0,135.4700083,797.8365003,178.9199327,2724.950453,652.3318706,22765.98778,0,2867.601251,86684.76852,1082347.533,473710,0,765.8416319,10391,0,1194.929898,0,799.0902399,2727.625331,19468,407254.6017,254.5507863,137.6683976,0,1032.566437,0,9136,6789.89914,83963.45589,0,8254.316762,8459466,14996.12961,209.9297315,5017629,0,14009.33783,0,3176,0,883.5686972,1730.666504,70827.36658,181.3482573,1304.567484,2793.461112,78679,0,872.7620965,3249.426483,9583.545262,30996.9985,545737.5856,114.8408539,4907.695531,1275.336968,25395.10373,956.7974522,9240.4553,0,5568.314417,1445686.896,4101.160904,7817.474278,123220,5166.839588,81890,0,0,98842.09595,0,389.6521546,978.2711947,34473.93724,175.6055925,4393.985865,477.1089582,13070.90868,3302035.345,8487.091284,0,1204.064225,2382.093502,38007,1858.141313,79358.86939,0,711,34333.59066,511728.3699,212.1549662,2388.191553,2433.252173,8331,1651.619714,13696,53126.67094,844713.7201,137815,775.8250677,3286.926531,48449.69338,82.33568739,2331,700.4435433,3344,231.1006158,7223.493431,10859.63249,132435,142.4407446,1723.605945,34836.4796,50.95036296,0,1567,653.9660479,6183,21112.55271,328898.3402,1126.806587,8048.406785,190.5779091,1471.069166
blk10,0,0,0,0,0,0,0,0,0,0,0,0,0,0,0,0,0,0,0,0,0,0,0,0,0,0,0,0,0,0,0,0,0,0,0,0,0,0,0,0,0,0,0,0,0,0,0,0,0,0,0,0,0,0,0,0,0,0,0,0,0,0,0,0,0,0,0,0,0,0,0,0,0,0,0,0,0,0,0,0,0,0,0,0,0,0,0,0,0,0,0,0,0,0,0,0,0,0,0,0,0,0,0,0,0,0,0,0,0,0,0,0,0,0,741.0628568,524.4524667,3256,736,1207.6365,391,2103.576071,0,327.6907452,17,342.302793,117.5682197,1156.179481,0,0,133,30,8976,0,0,4676,0,0,0,0,0,62,0,695.480313,1.22922627,1022.168456,249648.5365,0,0,4374.422579,0,63.7516952,33,97.07808721,666.1224348,0,269.7977037,108.757201,609,0,933,0,0,0,76,0,744.3380162,7334.102229,216.7640465,0,0,0,61288.44479,5,2760,0,0,341,0,0,3945.914195,43835.42446,171.1755872,999,278.7859288,2531,0,0,0.700284132,0,0,0,34,1.548843931,0,31500.84243,786.443681,0,10434.09064,0,7627,0.968270838,0,0,0,0,0,0,0,0,490.1283719,14751.31776,3052,435.5039105,0,4,0,126.0839324,0,0,36.2148015,15,1928.524323,0,0,0,0,0,1,0,0,0,0,44240,0,0,98538,0,0,0,4,0,0,0,3566.483156,2.29177252,0,0,576,0,0,0,0,285.0080953,281.8372238,0,0,1.834892619,126.9968494,0,466.0669783,0,0,12415.47323,216.6425591,0,216,0,43,34.0901248,0,826.4881859,226.9084,0,0.27395206,494.4160903,0,154.921535,0,209.6544045,32880.94201,134.8296723,1.500317468,0,0,64,0,1004.489444,0,0,446.0651056,8617.929159,142.3868926,635.7316637,0,49,0,33,0,2297.761775,1333,27.6260129,78.51731871,244.7723173,0,44,0,12,0.323490019,0,0,97,0,0,265.547326,0,0,15,0,14,218.3147624,3455.715685,70.43753909,100.5964646,0,141.8179303
M105- SI 1973,0,0,0,0,0,0,0,0,0,0,0,0,0,0,0,0,0,0,0,0,0,0,0,0,0,0,0,0,0,0,0,0,0,0,0,0,0,0,0,0,0,0,0,0,0,0,0,0,0,0,0,0,0,0,0,0,0,0,0,0,0,0,0,0,0,0,0,0,0,0,0,0,0,0,0,0,0,0,0,0,0,0,0,0,0,0,0,0,0,0,0,0,0,0,0,0,0,0,0,0,0,0,0,0,0,0,0,0,0,0,0,0,0,0,6731.698151,50036.41135,191797,818717,53394.35861,16652,1104244.046,4763.920397,18720.64871,5416,192566.0694,63653.88956,584329.3052,0,0,3071,4522,353735,609.0248036,0,574538,1721.687639,5026.277864,0,1252.547058,0,181,0,7800.128726,0,175658.9026,60558915.54,0,73135.22907,760611.103,1336.033822,0,1239,2319.768029,100999.5341,2213.34272,23306.31896,885.5061152,8721,9914.908751,148762,0,763.8376007,0,4230,614.0191775,15699.60047,0,27978.36202,3421.070953,0,1196.780316,8585898.41,4701,235759,731.4498753,678.5153627,14944,0,2348.231556,319802.1146,4146278.924,6087.307373,50169,8059.095218,120130,377.2532424,12187.71934,0,2755.232504,3808.199497,0,121,0,2324.809193,4378321.245,360.2576539,13319.20821,3129404.092,1019.694456,702331,0,315.6527433,591.2202771,0,1486.072223,1102.562217,33720.75815,174.0392356,3721.063027,82224.83291,827064.5669,716371,0,461.4737623,9310,0,1390.504982,0,1590.161215,1881.478122,18978,581010.3571,0,215.1551376,0,1927.841739,0,9339,5264.62646,106239.174,360.0522283,6289.020669,9765639,25076.1459,126.8089747,7363701,36.08703446,10942.37422,0,2019,204.9850591,921.026273,2115.131265,51646.75341,309.2693877,1034.329132,1950.232532,87554,0,797.5163624,2366.464699,7718.489617,32918.53851,437168.6894,298.9144327,6587.753341,1826.087956,25285.06936,1137.049545,13069.80448,148.8579861,6452.40771,2143177.525,4998.907794,7698.394687,126910,5092.789794,80754,0,297.8560402,136847.2483,215.4980956,0,1660.914433,41436.0034,585.7293269,4528.181877,408.8232519,12654.08338,3896054.468,9730.978379,310.8558944,1371.19123,2172.955907,34563,2919.258919,86937.10197,0,1457,35398.95691,481985.8421,72.56453596,3938.033541,2440.913309,5950,1845.203382,12108,52056.26689,810651.011,153185,122.2718494,3624.2669,61415.72358,511.7749465,2018,688.0390814,2090,592.3613845,7714.876552,14027.10426,215200,124.970981,1536.081168,40992.57726,0,0,1682,1076.722831,5018,25680.17842,372379.9936,1704.386068,16671.52344,148.6787392,2563.736384
M106- SI 1974,0,0,0,0,0,0,0,0,0,0,0,0,0,0,0,0,0,0,0,0,0,0,0,0,0,0,0,0,0,0,0,0,0,0,0,0,0,0,0,0,0,0,0,0,0,0,0,0,0,0,0,0,0,0,0,0,0,0,0,0,0,0,0,0,0,0,0,0,0,0,0,0,0,0,0,0,0,0,0,0,0,0,0,0,0,0,0,0,0,0,0,0,0,0,0,0,0,0,0,0,0,0,0,0,0,0,0,0,0,0,0,0,0,0,5987.836311,49799.34291,242116,895022,63249.83351,19001,1658683.832,6829.809098,24000.08409,6098,230126.6039,88938.63466,864973.8333,0,0,1742,2693,255711,449.2964321,446.6015514,430301,1178.527794,4560.140129,0,2084.628505,0,680,271.3511199,7242.155109,0,155523.3172,52029005.84,0,80941.55829,535943.4063,1916.929492,0,1812,2918.735579,131491.8993,1114.517647,22122.49482,1478.486663,16942,15631.22371,194878,0,373.1481151,0,3820,1107.71151,28511.51944,255.0509788,15959.89342,2286.295634,0,2024.034115,6954186.976,3371,199906,0,576.4504449,12587,0,2449.033968,491365.3356,7191464.23,7802.346811,92855,6907.677632,112236,969.907704,11047.50006,0,2627.805927,2447.034472,0,447,1.466219414,3815.885575,3685132.083,0,9127.968495,2840430.089,618.6899623,602934,0,293.1331739,398.0823933,0,806.6282944,876.4172463,31130.60685,330.7138757,4794.361789,96598.54045,1193013.962,656126,366.6622744,1026.591575,8132,0,876.0842473,25.9320357,1335.636485,1844.607218,24353,421631.4368,282.3391794,339.9545241,0,2655.723778,0,5618,6985.028759,96805.56306,161.8966415,7346.124989,8527458,14854.67666,299.0158169,4699023,138.7166475,13187.9216,0,2257,0,567.2579524,982.7352178,50687.24496,0,1033.778537,2631.206703,85371,2.08849251,714.9391321,2252.984323,10946.18759,37506.07293,632271.7609,192.7842936,4753.654759,1862.825199,24671.68602,553.8044142,5746.553535,426.5922716,6478.447932,1684227.09,5138.483594,6366.61214,101222,4529.385788,104663,0,1034.758569,131800.7841,178.8654483,50.36780174,1112.667603,35757.21194,352.1817028,3610.07607,975.6520332,13758.56458,3445482.551,3955.4495,0,1274.138284,1671.82904,28869,1296.159498,74286.6056,0,882,38525.25484,593199.1476,203.77196,3143.165573,1846.58077,9819,1303.899634,11845,44194.73223,707014.9417,143288,0,4108.489281,59427.49096,234.6472339,2013,53.1418474,3463,329.7640763,7254.292006,17405.36574,242407,0,1135.791309,36070.4616,54.34792446,0,1663,1299.956678,4955,29629.67911,463019.0781,702.4219007,15494.08243,252.5700789,2723.575391
M107- SI 1975,0,0,0,0,0,0,0,0,0,0,0,0,0,0,0,0,0,0,0,0,0,0,0,0,0,0,0,0,0,0,0,0,0,0,0,0,0,0,0,0,0,0,0,0,0,0,0,0,0,0,0,0,0,0,0,0,0,0,0,0,0,0,0,0,0,0,0,0,0,0,0,0,0,0,0,0,0,0,0,0,0,0,0,0,0,0,0,0,0,0,0,0,0,0,0,0,0,0,0,0,0,0,0,0,0,0,0,0,0,0,0,0,0,0,2798.201068,34892.99344,183682,468919,59540.33344,43073,1266179.226,5831.08222,26722.19278,5693,273054.8709,89334.56903,812012.1574,0,0,3416,2336,194508,0,709.2201838,503114,1941.484758,4769.798672,251.7069595,1938.812078,0,357,0,8374.922948,0,154624.9237,53403879.54,0,44639.99519,981262.294,1341.957301,0,2964,4936.66439,172723.0725,1641.022882,17720.54372,4615.33915,57270,20778.42136,261594,120.8227415,813.7035467,0,5768,1731.94524,24176.12383,0,21103.46211,3440.630177,104.531394,454.1835173,7636586.27,4063,220810,129.7121925,409.9388171,17143,126.906429,3089.414489,628896.5191,8429842.488,8669.89181,106210,9186.129528,114716,1070.248536,14709.23252,0,3905.592124,3437.326533,0,208,0,781.1905628,2673707.454,0,5994.658965,3274191.09,658.4414288,521578,0,230.1109395,530.77659,0,1740.560895,734.1919469,20021.59488,0,2357.493356,73795.75196,1042213.641,236540,0,186.0345985,3307,0,549.6166154,0,1265.8228,2094.01465,15717,307670.1191,73.60567435,233.7962971,163.221274,1506.770522,0,5649,4286.022226,67116.43418,216.0961472,5810.685483,6660553,17328.75395,164.4155712,3820116,0,11265.66717,0,2356,0,499.9236543,913.8256668,47243.2792,0,1128.84447,1652.706996,50616,0,560.972953,1535.438292,5720.922252,21456.36442,336570.8802,0,2560.900016,1254.652986,22859.9333,0,4236.346938,0,5423.432819,1015339.996,3935.582813,5484.718678,106614,4846.432429,73937,0,123.008528,180552.1749,141.8085385,0,876.3871874,21139.51425,0,1095.894331,140.0947019,8088.58551,2451356.059,5852.974087,0,1518.484429,1083.039825,17228,1766.277703,52855.44333,1.122144096,1153,26745.20861,355124.2208,0,1585.508879,1332.338344,4962,2202.9582,10148,47278.97207,735293,77154,84.71274934,3174.704454,54253.4051,0,1147,1139.698606,1174,430.8846655,6684.134994,5699.051943,83084,0,1049.09705,23189.11239,0,156.0330511,1742,1456.825265,4630,21400.02701,321658.3576,511.8960123,5791.438843,140.1269236,1654.296287
blk11,0,0,0,0,0,0,0,0,0,0,0,0,0,0,0,0,0,0,0,0,0,0,0,0,0,0,0,0,0,0,0,0,0,0,0,0,0,0,0,0,0,0,0,0,0,0,0,0,0,0,0,0,0,0,0,0,0,0,0,0,0,0,0,0,0,0,0,0,0,0,0,0,0,0,0,0,0,0,0,0,0,0,0,0,0,0,0,0,0,0,0,0,0,0,0,0,0,0,0,0,0,0,0,0,0,0,0,0,0,0,0,0,0,0,948.3978614,154.8571972,3635,562,1723.116798,326,2327.083358,0,318.2333417,7,348.3988137,188.6974398,1593.20078,0,0,391,26,6683,0,0,6181,0,0,0,0,0,0,0.523727751,938.1156869,0,560.4905827,276286.3286,84.18888332,0,2600.667004,0,296.1413853,141,97.80617467,536.010897,0,531.6392173,0,227,0,1725,1.400369269,0,0,204,0,718.0037335,6321.412932,0,0,60.05784645,0,62979.69404,67,842,0.823687401,0,815,0,507.8529453,3665.18337,47406.39766,0,530,0,2156,0,352.243796,0,3.906601658,0,0,2,0,0,19622.56004,574.1517174,0,13996.8523,1.20675478,9495,0,0,6.796666237,0,0,0,0,0.384755577,0,297.3397779,10928.80886,1477,429.7043465,0,320,0,260.6317953,0,0,0,219,1822.230196,0,0,0,0,0,1,0,0,0,0.729432564,39606,0,0,77839,267.8397928,199.884616,0,64,0,0,0,2063.32121,0.619311149,0,0,335,0,0,0,0,149.6785816,223.4595452,0,0,0,176.5428794,105.2189232,447.2257803,0,151.741931,15705.76236,57.24408434,40.55990549,117,0,145,0,1.6832274,1328.193106,0,0,0,337.8046788,0,166.8484848,0,211.0240655,34132.79639,0,0,0,0.51392576,35,146.847548,394.2660824,87.86129706,10,249.1989442,7550.109724,0,121.7440331,94.4956681,84,74.29730403,46,247.8997576,2221.198697,1813,22.08051872,0,257.7136479,0,79,0,14,0,0,25.26766519,1356,0,0,516.225674,0,0,52,0,16,619.0536968,3806.131577,0,182.8875632,30.72369041,138.2497484
M108- SI1981,0,0,0,0,0,0,0,0,0,0,0,0,0,0,0,0,0,0,0,0,0,0,0,0,0,0,0,0,0,0,0,0,0,0,0,0,0,0,0,0,0,0,0,0,0,0,0,0,0,0,0,0,0,0,0,0,0,0,0,0,0,0,0,0,0,0,0,0,0,0,0,0,0,0,0,0,0,0,0,0,0,0,0,0,0,0,0,0,0,0,0,0,0,0,0,0,0,0,0,0,0,0,0,0,0,0,0,0,0,0,0,0,0,0,4755.586694,31151.28574,177231,445526,55878.84759,60449,1931043.682,9378.440391,31098.53219,6724,300132.64,111263.5735,932644.9088,0,0,3248,3399,196872,0,235.901749,505948,1417.912394,4440.326963,0,1195.939027,0,757,0,6066.929817,0,186220.8745,57139713.71,226.8567,55111.46293,1588026.394,4363.140052,98.50011971,7005,8771.56083,357768.6359,2347.829229,29500.70099,4350.040615,56803,33784.92256,508225,0,1225.885352,0,5093,493.0161516,11342.92631,0,24748.10613,7110.013671,168.1525673,1016.927012,10532095.28,10959,363306,915.2858988,579.8390187,22646,280.2464687,1996.782043,369256.6677,5242287.874,5774.496884,106939,7702.711975,111223,830.431142,10956.22966,97.39062034,2344.742497,5145.016384,0,213,0,932.0851374,3195940.989,0,7733.703435,2948852.227,988.455512,558596,0,0,863.620405,0,90.33321346,413.5216224,26498.94807,185.9133762,1661.890541,34872.95147,499657.6143,339210,0,0,2656,0,201.0060921,0,819.7002461,256.4123548,4902,279033.4021,252.2590044,317.6790635,0,2375.666493,0,6369,3111.535905,56287.13221,330.4852195,4241.960723,9855974,15152.93985,0,5099233,0,10256.3618,0,924,0,257.3773796,540.2491242,37258.77492,0,613.734172,1773.148258,59463,0,698.9882799,1522.975038,4107.046691,12156.03295,180777.545,0,1774.200567,347.0794834,14847.13327,418.2419966,3701.346721,0,4858.280578,1913485.965,3835.295375,4813.216123,79795,3564.825596,57050,139.4820553,0,106494.1457,309.6767113,65.69768332,425.3222988,26909.07002,0,1036.408525,393.2208402,5048.019823,3983136.802,7342.752529,0,1240.01953,1409.286168,17967,2390.896711,66542.82296,0,668,17637.96011,252822.8818,0,1243.125461,1037.617214,3935,1182.577533,7351,27797.60721,382476.3278,49161,393.6635979,2879.342056,33931.66002,0,413,686.8610029,990,249.4199358,4153.90351,5513.252324,78052,0,1242.310079,25252.44952,0,0,1095,597.5515662,3944,11388.96336,205072.5008,442.1257499,3757.839895,0,992.7572591
M109-SI 1982,0,0,0,0,0,0,0,0,0,0,0,0,0,0,0,0,0,0,0,0,0,0,0,0,0,0,0,0,0,0,0,0,0,0,0,0,0,0,0,0,0,0,0,0,0,0,0,0,0,0,0,0,0,0,0,0,0,0,0,0,0,0,0,0,0,0,0,0,0,0,0,0,0,0,0,0,0,0,0,0,0,0,0,0,0,0,0,0,0,0,0,0,0,0,0,0,0,0,0,0,0,0,0,0,0,0,0,0,0,0,0,0,0,0,2513.782515,27859.58166,189335,412919,54584.87794,8691,911299.0549,4159.039219,17879.94851,4122,162136.5787,58983.15706,618394.2726,0,0,3004,2804,176878,213.7188586,193.7214698,515769,1442.921886,5963.060209,139.5645815,1045.158349,0,556,157.7496353,8585.472656,298.3648801,150365.8134,53047323.34,125.7923626,38323.19873,636272.1628,2051.888307,0,1903,3329.331506,118343.462,1953.850458,18181.93218,1121.204073,12168,11603.38092,169609,0,200.6206068,0,5179,358.0400126,14817.59281,0,17287.63611,2352.292364,0,1238.958231,8592399.553,3450,176636,175.10998,615.0208103,14054,0,2248.003681,391123.2761,5751990.422,7108.809215,59884,8774.469904,112708,254.6387534,9441.698076,0,3374.669009,3173.194435,0,48,113.8092063,1290.940053,3670126.476,0,8465.714892,2522027.366,919.4904021,628528,0,334.8288145,887.6331916,0,979.1370552,708.6027305,25256.11671,0,4109.54423,87620.34905,906636.334,400410,0,565.0115297,6603,0,617.5463967,0,1351.799057,2877.470908,20807,287230.2239,132.27708,85.43973016,0,853.6155106,0,5593,5832.448007,96868.75217,0,9218.131927,8497483,17042.34449,473.7021387,4271962,0,6681.967234,0,1597,0,894.7558371,1477.937617,41999.60598,2.240751446,1059.588864,1478.012644,66265,3.554508907,353.170469,998.4233351,9347.034387,29353.38874,418280.9901,0,2227.775607,2033.402936,16444.12942,171.4168876,7782.725913,0,4935.467401,1559921.521,5875.079812,4759.869044,96817,4135.246264,71723,0,343.3991915,179992.0232,216.8722608,0,311.1073441,31128.27526,215.4935439,2219.418188,590.7578031,11882.48766,2817936.913,7843.124835,0,1027.405532,1528.683822,20410,2085.894069,69244.91812,234.4901517,1171,28900.02442,451257.8939,271.7149961,3092.423504,1703.612396,9315,1909.666802,10205,43065.39148,868416.839,169124,205.4090816,2584.507479,62666.22337,0,1763,438.0427859,1999,240.5088665,5923.036696,10627.78706,140281,0,1236.217169,34726.6369,0,117.8325216,1344,1048.648266,3455,22569.43754,338141.5755,620.542615,10721.62915,134.4612553,1689.125701
blk12,0,0,0,0,0,0,0,0,0,0,0,0,0,0,0,0,0,0,0,0,0,0,0,0,0,0,0,0,0,0,0,0,0,0,0,0,0,0,0,0,0,0,0,0,0,0,0,0,0,0,0,0,0,0,0,0,0,0,0,0,0,0,0,0,0,0,0,0,0,0,0,0,0,0,0,0,0,0,0,0,0,0,0,0,0,0,0,0,0,0,0,0,0,0,0,0,0,0,0,0,0,0,0,0,0,0,0,0,0,0,0,0,0,0,596.4839014,0,2454,587,1338.048727,54,3569.519981,0,366.8865076,32,486.6584818,168.1906155,1273.085995,0,0,492,62,6948,0,0,5289,0,0,0,0,0,0,0,767.9840888,0,1053.580907,271372.1128,0,0,3521.567191,0,0,125,0,166.1340588,315.5641091,544.7881947,0,425,0,870,0,0,0,16,0,1103.805658,7421.326442,0,0,0,0,48785.42681,166,2810,0,0,189,0,0,2441.636098,56131.93924,0,424,0,605,0,0,0,0,0,0,1,126.7866481,0,18145.93555,658.412153,0,12148.54012,0,9772,0,0,0,0,45.80217916,0,197.5893051,0,0,476.2135484,9685.87851,3309,191.8955238,0,25,0,0,1.486597959,0,0,202,851.6067177,0,0,0,0,0,11,0,0,0,0,49677,225.3215686,1.799902349,91625,235.7234117,195.9446946,0,4,0,0,0,3175.758414,0,0,0,587,0,119.341125,0,0,0,849.1781545,0,0.948513716,0,0,0,437.4948328,0,100.6164742,19209.19165,0,0,318,0,19,0.769242792,0,1275.432779,0,2.749245572,0.27937301,450.6587619,31.85814873,281.1154381,0,0,29273.92775,0,3.741815599,0,0,49,0,749.9215672,1.122131699,75,858.2754393,9521.29589,0,635.078823,0,22,0,98,109.0023938,3540.327979,2285,44.6913191,0,440.1045598,0,131,0,15,0,0,0,587,0,31.19910696,429.8961366,0,0,17,0,34,237.0168508,2279.385024,0,276.8270094,0,188.5770195
M99-111 QC SI4,0,0,0,0,0,0,0,0,0,0,0,0,0,0,0,0,0,0,0,0,0,0,0,0,0,0,0,0,0,0,0,0,0,0,0,0,0,0,0,0,0,0,0,0,0,0,0,0,0,0,0,0,0,0,0,0,0,0,0,0,0,0,0,0,0,0,0,0,0,0,0,0,0,0,0,0,0,0,0,0,0,0,0,0,0,0,0,0,0,0,0,0,0,0,0,0,0,0,0,0,0,0,0,0,0,0,0,0,0,0,0,0,0,0,3748.567639,45322.32044,195169,543417,56616.42378,20512,1155837.016,5400.459551,20668.28876,4982,225283.5812,81528.89181,665624.9313,0,0,2730,2678,188851,0,225.245354,424173,1045.89992,3241.198677,122.9244633,1456.103803,0,514,0,8468.381389,0,134329.5012,46222351.83,190.7585601,45215.09285,751583.0627,1332.928152,0,2057,2261.091025,143946.9821,1692.985112,21766.07706,1146.084636,22633,13690.8422,208448,0,692.8682925,0,4988,692.7742863,19107.96667,391.5085172,18083.52517,2608.526343,0,1106.580964,6943264.89,3594,188655,0,450.8591297,15573,378.1154452,2146.590622,478082.817,5640395.316,7108.525079,70532,7565.509328,98046,722.5998218,9294.685526,0,3744.832758,3495.32777,0,99,0,1062.679054,2925043.878,0,8447.212537,2435288.481,309.362538,607460,0,0,513.385733,0,630.0609836,883.6903599,25339.51593,0,2675.999639,61638.8794,830135.6744,276826,142.9449606,853.0344922,4828,0,641.9215332,0,296.4082736,1462.762489,13866,147729.8941,0,90.93576825,332.9098296,2381.669749,0,6663,4412.590554,66291.31095,0,8127.751319,7031619,15491.35003,166.5548677,4966116,0,7542.890776,0,1991,0,873.7264808,1683.03003,35578.94981,0,488.0273666,2153.503963,53378,0,0,837.5796844,6177.183878,23739.29809,376645.4739,0,2971.272937,1204.250575,21408.22105,207.4444523,5219.688013,0,5264.707276,1337781.043,4992.073965,5477.648718,90053,3830.125879,63506,0,759.1478165,92975.62668,320.2269112,240.0857253,795.1949247,23946.77993,0,2103.462022,673.473804,9027.023571,2459673.994,6410.102528,116.2704763,1933.159631,2126.362178,31322,2004.136656,50891.17812,0.248950058,961,25600.07787,422582.562,227.7244696,2448.875941,1648.32047,6733,1263.215113,8708,33572.45001,566901.5324,112437,33.9756298,3290.913075,40543.82413,157.154771,1642,628.5189032,1576,403.3529669,4820.022754,8645.606467,147013,115.4006217,1377.859524,24470.89579,0,0,1701,781.6321898,3028,19665.00861,295032.3423,584.2636164,8444.135335,107.8643461,1514.233483
M99-111 QC SI5,0,0,0,0,0,0,0,0,0,0,0,0,0,0,0,0,0,0,0,0,0,0,0,0,0,0,0,0,0,0,0,0,0,0,0,0,0,0,0,0,0,0,0,0,0,0,0,0,0,0,0,0,0,0,0,0,0,0,0,0,0,0,0,0,0,0,0,0,0,0,0,0,0,0,0,0,0,0,0,0,0,0,0,0,0,0,0,0,0,0,0,0,0,0,0,0,0,0,0,0,0,0,0,0,0,0,0,0,0,0,0,0,0,0,4056.040791,49071.36612,203699,573655,67336.14895,22941,1344636.132,6665.096154,22197.03225,6350,231737.0037,78889.64236,704859.4506,0,0,2809,2558,200560,474.6236032,308.2960873,468684,1110.453902,4770.704757,0,1254.038968,0,392,174.3230255,11133.68229,0,134430.9369,49443392.99,0,41254.6346,672291.14,1842.664575,131.2453586,1997,3217.170783,144056.1398,2140.059419,21657.98156,1337.264268,20566,13553.8323,230773,0,309.4711646,0,4448,708.6674293,16088.92244,2238.103949,12583.12758,2384.963253,0,605.2599558,5190193.432,2906,235501,463.5317151,491.5665794,13636,0,1976.42324,461734.8192,5523901.632,6766.310848,104405,6036.14545,91745,640.664506,9151.583269,36.6229673,2242.649559,1617.932306,0,126,0,1125.617286,2628196.039,0,5512.223582,2490206.193,714.1434699,455515,0,629.6193438,740.3422352,0.956763732,904.5658803,384.1564112,23219.14499,0,1026.513064,75271.23796,870118.6501,323357,0,0,4697,0,42.32423008,0,302.4091645,1526.867761,10950,105422.9278,28.730784,329.5907333,0,1028.680309,0,484,2590.439375,32140.47911,0,2507.525159,7160542,14444.71155,0,3515430,0,8587.254031,0,1427,0,1033.491016,1388.40561,45824.20028,0,1043.305057,1421.274939,56004,0,714.230153,527.8608969,1969.43052,9431.264807,122394.5167,0,688.769937,668.8085197,9902.657756,0,1907.199872,0,3349.192144,903095.0594,3374.566714,4740.795376,97231,2859.465062,75556,0,881.0352469,60622.02814,111.4155429,208.5463215,927.2498706,24084.46205,0,2653.100564,720.3159046,8744.009797,1586689.827,2750.132782,0,745.1859193,603.9906117,13766,923.5960493,30270.99433,0,222,23490.82513,274271.7807,219.0310931,2060.609596,1299.067144,3959,1146.109715,9865,32604.12725,503109.4596,89089,162.6594946,3597.371935,52614.04116,0,1147,506.2748443,596,0,3165.169184,3108.287366,64416,0,1039.681265,12895.87603,29.93941306,0,1006,563.6924495,4062,15583.95961,202203.6176,634.7005082,6909.351017,0,1294.218501
