Sample,C1P d18:1/C16:0 Results,Cer d16:1/C22:1(-H20) Results,Cer d16:1/C22:1 Results,Cer d16:1/C24:1(-H20) Results,Cer d16:1/C24:1 Results,Cer d16:1/C25:1(-H20) Results,Cer d16:1/C25:1 Results,Cer d18:0/C20:0(-H20) Results,Cer d18:0/C20:0 Results,Cer d18:0/C22:1(-H20) Results,Cer d18:0/C22:1 Results,Cer d18:0/C23:0(-H20) Results,Cer d18:0/C23:0 Results,Cer d18:0/C23:1(-H20) Results,Cer d18:0/C23:1 Results,Cer d18:0/C25:0(-H20) Results,Cer d18:0/C25:0 Results,Cer d18:0/C25:1(-H20) Results,Cer d18:0/C25:1 Results,Cer d18:0/C26:1(-H20) Results,Cer d18:0/C26:1 Results,Cer d18:1/C14:1(-H20) Results,Cer d18:1/C14:1 Results,Cer d18:2/C18:1(-H20) Results,Cer d18:2/C18:1 Results,Cer d18:2/C20:1(-H20) Results,Cer d18:2/C20:1 Results,Cer d18:2/C22:1(-H20) Results,Cer d18:2/C22:1 Results,Cer d18:2/C26:1(-H20) Results,Cer d18:2/C26:1 Results,DHCer d16:1/C16:0(-H20) Results,DHCer d16:1/C16:0 Results,DHCer d18:1/C14:0(-H20) Results,DHCer d18:1/C14:0 Results,DHCer d18:1/C22:0(-H20) Results,DHCer d18:1/C22:0 Results,DHCer d18:1/C22:1(-H20) Results,DHCer d18:1/C22:1 Results,DHCer d18:2/C16:0(-H20) Results,DHCer d18:2/C16:0 Results,DHCer d18:2/C18:1(-H20) Results,DHCer d18:2/C18:1 Results,DHCer d18:2/C22:0(-H20) Results,DHCer d18:2/C22:0 Results,DHCer d18:2/C24:0(-H20) Results,DHCer d18:2/C24:0 Results,DHCer d18:2/C24:1(-H20) Results,DHCer d18:2/C24:1 Results,GM3 d16:1/C14:0 Results,GM3 d16:1/C16:0 Results,GM3 d16:1/C18:0 Results,GM3 d16:1/C20:0 Results,GM3 d16:1/C22:0 Results,GM3 d16:1/C24:0 Results,GM3 d16:1/C24:1 Results,GM3 d18:1/C14:0 Results,GM3 d18:1/C20:0 Results,GM3 d18:2/14:0 Results,GM3 d18:2/16:0 Results,GM3 d18:2/18:0 Results,GM3 d18:2/20:0 Results,GM3 d18:2/22:0 Results,GM3 d18:2/24:0 Results,GM3 d18:2/24:1 Results,MHCer d16:1/C16:0(-H20) Results,MHCer d16:1/C16:0 Results,MHCer d16:1/C20:0(-H20) Results,MHCer d16:1/C20:0 Results,MHCer d16:1/C22:0(-H20) Results,MHCer d16:1/C22:0 Results,MHCer d16:1/C22:1(-H20) Results,MHCer d16:1/C22:1 Results,MHCer d16:1/C23:0(-H20) Results,MHCer d16:1/C23:0 Results,MHCer d16:1/C23:1(-H20) Results,MHCer d16:1/C23:1 Results,MHCer d16:1/C24:1(-H20) Results,MHCer d16:1/C24:1 Results,MHCer d18:0/C16:1(-H20) Results,MHCer d18:0/C16:1 Results,MHCer d18:0/C22:1(-H20) Results,MHCer d18:0/C22:1 Results,MHCer d18:1/C14:0(-H20) Results,MHCer d18:1/C14:0 Results,MHCer d18:1/C18:1(-H20) Results,MHCer d18:1/C18:1 Results,MHCer d18:1/C23:1(-H20) Results,MHCer d18:1/C23:1 Results,MHCer d18:2/C16:0(-H20) Results,MHCer d18:2/C16:0 Results,MHCer d18:2/C16:1(-H20) Results,MHCer d18:2/C16:1 Results,MHCer d18:2/C22:1(-H20) Results,MHCer d18:2/C22:1 Results,SM C30:1 Results,SM C34:0 Results,SM C36:0 Results,SM C38:0 Results,SM C40:0 Results,SM C42:0 Results,SM d18:0/C16:0 Results,SM d18:0/C18:0 Results,SM d18:0/C20:0 Results,SM d18:0/C22:0 Results,SM d18:0/C24:0 Results,SM d18:1/C12:0 Results,Sphd16:1 Results,Sphd18:2 Results,Sphd18:1-D7 (ISTD) Results,Sphd18:1 Results,Sphd18:0-D7 (ISTD) Results,Sphd18:0 Results,SM C24:1 (ISTD) Results,SM d18:1/C6:0 (ISTD) Results,C1P d18:1/C8:0 (ISTD) Results,MHCer d18:1/C8:0 (ISTD)(-H20) Results,MHCer d18:1/C8:0 (ISTD) Results,Cer d18:1/C8:0 (ISTD)(-H20) Results,Cer d18:1/C8:0 (ISTD) Results,SM C32:2 Results,SM d18:2/C14:0 Results,GM3 d18:1/C16:0 Results,SM C32:1 Results,SM d16:1/C16:0 Results,SM d18:1/C14:0 Results,SM C34:2 Results,SM d18:2/C16:0 Results,GM3 d18:1/C18:0 Results,Cer d18:2/C14:0(-H20) Results,Cer d18:2/C14:0 Results,DHCer d18:1/C16:0(-H20) Results,DHCer d18:1/C16:0 Results,SM d16:1/C18:0 Results,SM d18:1/C16:0 Results,SM C34:1 Results,MHCer d18:1/C16:1(-H20) Results,MHCer d18:1/C16:1 Results,SM C36:2 Results,SM d18:2/C18:0 Results,MHCer d18:0/C16:0(-H20) Results,MHCer d18:0/C16:0 Results,MHCer d18:1/C16:0(-H20) Results,MHCer d18:1/C16:0 Results,Cer d18:1/C14:0(-H20) Results,Cer d18:1/C14:0 Results,Cer d16:1/C16:0(-H20) Results,Cer d16:1/C16:0 Results,Cer d18:2/C16:0(-H20) Results,Cer d18:2/C16:0 Results,DHCer d18:1/C18:0(-H20) Results,DHCer d18:1/C18:0 Results,SM d16:1/C20:0 Results,SM d18:1/C18:0 Results,Cer d18:1/C16:1(-H20) Results,Cer d18:1/C16:1 Results,GM3 d18:1/C24:1 Results,SM C36:1 Results,GM3 d18:1/C22:0 Results,SM C38:2 Results,SM d18:2/C20:0 Results,MHCer d18:1/C18:0(-H20) Results,MHCer d18:1/C18:0 Results,Cer d18:1/C16:0(-H20) Results,Cer d18:1/C16:0 Results,Cer d18:0/C16:0(-H20) Results,Cer d18:0/C16:0 Results,Cer d16:1/C18:0(-H20) Results,Cer d16:1/C18:0 Results,MHCer d18:2/C20:0(-H20) Results,MHCer d18:2/C20:0 Results,Cer d18:1/C18:1(-H20) Results,Cer d18:1/C18:1 Results,Cer d18:2/C18:0(-H20) Results,Cer d18:2/C18:0 Results,DHCer d18:1/C20:0(-H20) Results,DHCer d18:1/C20:0 Results,GM3 d18:1/C24:0 Results,SM C38:1 Results,SM d16:1/C22:0 Results,SM d18:1/C20:0 Results,MHCer d18:1/C20:1(-H20) Results,MHCer d18:1/C20:1 Results,SM C42:3 Results,SM d18:2/C24:1 Results,SM C40:2 Results,SM d16:1/C24:1 Results,SM d18:1/C22:1 Results,SM d18:2/C22:0 Results,MHCer d18:1/C20:0(-H20) Results,MHCer d18:1/C20:0 Results,Cer d18:1/C18:0(-H20) Results,Cer d18:1/C18:0 Results,SM C39:1 Results,SM d16:1/C23:0 Results,MHCer d18:2/C24:1(-H20) Results,MHCer d18:2/C24:1 Results,MHCer d18:2/C22:0(-H20) Results,MHCer d18:2/C22:0 Results,Cer d18:0/C18:0(-H20) Results,Cer d18:0/C18:0 Results,Cer d18:1/C20:1(-H20) Results,Cer d18:1/C20:1 Results,Cer d16:1/C20:0(-H20) Results,Cer d16:1/C20:0 Results,SM C41:2 Results,SM d18:1/C23:1 Results,SM d18:2/C23:0 Results,DHCer d18:1/C24:1(-H20) Results,DHCer d18:1/C24:1 Results,Cer d18:2/C20:0(-H20) Results,Cer d18:2/C20:0 Results,MHCer d18:2/C23:0(-H20) Results,MHCer d18:2/C23:0 Results,MHCer d18:1/C22:1(-H20) Results,MHCer d18:1/C22:1 Results,SM C42:2 Results,SM d18:1/C24:1 Results,SM d18:2/C24:0 Results,SM C40:1 Results,SM d16:1/C24:0 Results,SM d18:1/C22:0 Results,DHCer d18:1/C23:0(-H20) Results,DHCer d18:1/C23:0 Results,MHCer d18:0/C24:1(-H20) Results,MHCer d18:0/C24:1 Results,MHCer d18:1/C24:1(-H20) Results,MHCer d18:1/C24:1 Results,MHCer d18:0/C22:0(-H20) Results,MHCer d18:0/C22:0 Results,MHCer d18:1/C22:0(-H20) Results,MHCer d18:1/C22:0 Results,Cer d18:2/C23:1(-H20) Results,Cer d18:2/C23:1 Results,MHCer d16:1/C24:0(-H20) Results,MHCer d16:1/C24:0 Results,MHCer d18:2/C24:0(-H20) Results,MHCer d18:2/C24:0 Results,Cer d18:1/C20:0(-H20) Results,Cer d18:1/C20:0 Results,Cer d18:1/C22:1(-H20) Results,Cer d18:1/C22:1 Results,DHCer d18:1/C24:0(-H20) Results,DHCer d18:1/C24:0 Results,Cer d16:1/C22:0(-H20) Results,Cer d16:1/C22:0 Results,SM C41:1 Results,SM d18:1/C23:0 Results,MHCer d18:1/C25:1(-H20) Results,MHCer d18:1/C25:1 Results,Cer d18:2/C24:1(-H20) Results,Cer d18:2/C24:1 Results,Cer d18:2/C22:0(-H20) Results,Cer d18:2/C22:0 Results,MHCer d18:0/C23:0(-H20) Results,MHCer d18:0/C23:0 Results,SM C43:2 Results,SM d18:1/C25:1 Results,SM d18:2/C25:0 Results,MHCer d18:1/C23:0(-H20) Results,MHCer d18:1/C23:0 Results,Cer d18:1/C23:1(-H20) Results,Cer d18:1/C23:1 Results,MHCer d18:2/C25:0(-H20) Results,MHCer d18:2/C25:0 Results,SM C42:1 Results,SM d18:1/C24:0 Results,Cer d16:1/C23:0(-H20) Results,Cer d16:1/C23:0 Results,Cer d18:2/C25:1(-H20) Results,Cer d18:2/C25:1 Results,Cer d18:2/C23:0(-H20) Results,Cer d18:2/C23:0 Results,MHCer d18:1/C26:1(-H20) Results,MHCer d18:1/C26:1 Results,MHCer d18:1/C24:0(-H20) Results,MHCer d18:1/C24:0 Results,MHCer d18:0/C24:0(-H20) Results,MHCer d18:0/C24:0 Results,MHCer d16:1/C26:0(-H20) Results,MHCer d16:1/C26:0 Results,Cer d18:1/C22:0(-H20) Results,Cer d18:1/C22:0 Results,Cer d18:0/C22:0(-H20) Results,Cer d18:0/C22:0 Results,Cer d18:0/C24:1(-H20) Results,Cer d18:0/C24:1 Results,Cer d18:1/C24:1(-H20) Results,Cer d18:1/C24:1 Results,Cer d16:1/C24:0(-H20) Results,Cer d16:1/C24:0 Results,Cer d16:1/C26:1(-H20) Results,Cer d16:1/C26:1 Results,SM C43:1 Results,SM d18:1/C25:0 Results,Cer d18:2/C24:0(-H20) Results,Cer d18:2/C24:0 Results,MHCer d18:1/C25:0(-H20) Results,MHCer d18:1/C25:0 Results,Cer d18:1/C25:1(-H20) Results,Cer d18:1/C25:1 Results,Cer d18:1/C23:0(-H20) Results,Cer d18:1/C23:0 Results,MHCer d18:1/C26:0(-H20) Results,MHCer d18:1/C26:0 Results,Cer d18:2/C25:0(-H20) Results,Cer d18:2/C25:0 Results,SM C44:1 Results,SM d18:1/C26:0 Results,Cer d18:1/C26:1(-H20) Results,Cer d18:1/C26:1 Results,Cer d18:0/C24:0(-H20) Results,Cer d18:0/C24:0 Results,Cer d18:1/C24:0(-H20) Results,Cer d18:1/C24:0 Results,Cer d16:1/C26:0(-H20) Results,Cer d16:1/C26:0 Results,Cer d18:2/C26:0(-H20) Results,Cer d18:2/C26:0 Results,Cer d18:1/C25:0(-H20) Results,Cer d18:1/C25:0 Results,Cer d18:1/C26:0(-H20) Results,Cer d18:1/C26:0 Results,Cer d18:0/C26:0(-H20) Results,Cer d18:0/C26:0 Results
blk1,0,0,0,0,0,0,0,0,0,0,0,0,0,0,0,0,0,0,0,0,0,0,0,0,0,0,0,0,0,0,0,0,0,0,0,0,0,0,0,0,0,0,0,0,0,0,0,0,0,0,0,0,0,0,0,0,0,0,0,0,0,0,0,0,0,0,0,0,0,0,0,0,0,0,0,0,0,0,0,0,0,0,0,0,0,0,0,0,0,0,0,0,0,0,0,0,0,0,0,0,0,0,0,0,0,0,0,53,0,158,1447,53.5353457,87,821.6858528,0,26.79542171,57,0,0,0,5563,0,767.9933776,68529,0,0,35009,0,384.7459103,0,144.0493382,0,3770.95847,0,4306.663268,1963264.792,0,0,20191.04929,0,102.2706473,0,51.75071107,237.8317712,99.4388393,2573.82787,0,3752.044764,0,3420.467326,0,1701,6824.889119,770.373303,0,888.4646201,0,268182.4658,17,6598,0,0,60,8898.095718,146860.2335,192.5936631,2890.534976,0,1877.262953,0,399.6848025,0,0,0,1121,0,0,0,108252.285,447.7049451,124.5234168,0,0,11447.91425,162.1446566,52271,0,0,0.171602536,0,2.26758886,840.6190714,19835.44925,29153.13554,0,0,0,0,0,0,231,0,0,0,454.9159535,10528.13417,0,0,0,0,2.084625077,0,1.243809544,0,0,0,166944.9404,633.4031851,0,459924,0,944.6644289,0,142.4929917,0,0,0,0,0,0,0,132,3.595952288,0,0,0,0,0,118.1375039,2081.516453,0,75.34548083,0,371.4350466,173.5224328,1346.274567,66574.64734,0,0,0,0.661527111,230,0,2633.534577,0,0,2434.824983,0,0,238.5998126,0,90.46354942,633.536756,0,0,304551.4919,457.3015934,0,542.655498,0,0,0,207,0,0,0,233.9376973,0,0,0,0,1779.816361,41214.4739,0,683.9292237,0,63,731.0765826,7666.130169,97.9092384,2161.615049,0,0,11215,0,158.3349995,893.452659,0,22,0.71663437,0,333.3752614,982,0,0,0,107.1446336,3166.020516,97.79262678,76.49558773,15,0,146,1250.675402,15177.62732,0,0,0,0,0,698.6477524,198.4630756,277.1371374,0,0
blk2,0,0,0,0,0,0,0,0,0,0,0,0,0,0,0,0,0,0,0,0,0,0,0,0,0,0,0,0,0,0,0,0,0,0,0,0,0,0,0,0,0,0,0,0,0,0,0,0,0,0,0,0,0,0,0,0,0,0,0,0,0,0,0,0,0,0,0,0,0,0,0,0,0,0,0,0,0,0,0,0,0,0,0,0,0,0,0,0,0,0,0,0,0,0,0,0,0,0,0,0,0,0,0,0,0,0,0,168,154.0299839,72,1043,412.5699432,127,127.0785654,0,62.1038192,30,0,0,0,1415,0,0,13332,0,0,9004,0,114.0826355,0,0,0,1169.726247,0,833.1129329,544831.6356,0,0,6868.690603,0,135.574014,0,0,0,0,1388.307862,0,485.1856974,0,738.6023493,0,545,7141.170671,407.7111909,114.7261211,1371.2995,1.249408144,83678.4612,2,492,0,0,0,3767.23329,53669.5649,0,922.1520705,0,444.4348631,0,0,2.892662401,0,300.1199654,357,0,0,0,55543.99964,882.4131985,0,0,0,3410.383777,0,20741,0,0,0,0,0,372.7061969,8168.082384,8607.507608,0,0,1.587312437,0,0,173.8321737,361,0,244.4354525,19.91744847,0,3072.430532,0,0,0,0,0,0,1.200139692,0,0,1.846961582,60110.12746,0,0,160656,148.8565955,0,0,0,0.635064583,0,0,0,0,0,0,45,0,4.583416252,0,1.127388418,0,2.153383289,25.43705919,2123.152325,0,347.0412824,0,104.5102882,0,336.8237252,27426.43671,75.64838764,0,4.947197544,1.406076626,145,117.0445847,456.6907552,0,0,470.0580345,0,0,1.430971168,101.0282267,0,373.7733139,0,0,89872.3165,292.7054632,0,179.3293236,0,0,0,25,0,0,0,0,0,2,0,30,659.0883829,17496.13711,0,255.3362337,0,26,78.89550987,2826.088688,0,884.9046475,0,0,2193,0,0,133.9625229,0,6,0,0,124.4878224,756,0,0,0,0,1091.426225,0,0,5,0,146,477.1665412,3227.271612,0,0,0,0,0,196.5358728,0,0,0,15.27207237
blk3,0,0,0,0,0,0,0,0,0,0,0,0,0,0,0,0,0,0,0,0,0,0,0,0,0,0,0,0,0,0,0,0,0,0,0,0,0,0,0,0,0,0,0,0,0,0,0,0,0,0,0,0,0,0,0,0,0,0,0,0,0,0,0,0,0,0,0,0,0,0,0,0,0,0,0,0,0,0,0,0,0,0,0,0,0,0,0,0,0,0,0,0,0,0,0,0,0,0,0,0,0,0,0,0,0,0,0,174,448.0686897,27,229,114.592683,69,129.8517166,0,0,14,0,0,0,1271,0,0,17731,0,0,9467,0,108.0162243,0,0,0,1257.767176,0,1468.778083,456306.9669,0,0,3206.572578,0,0,361.045552,279.0830564,0,0,879.1831757,0,702.3779168,267.2531113,1425.929648,51.97595659,24,8980.934795,505.5359482,0,1180.975462,0.199690911,68865.45681,5,631,0,0,0,4610.029375,50064.66169,88.93416736,718.3357126,136.6389173,739.6256585,0,440.799411,0,0,0,221,1.996024443,0,0,47795.54153,373.0263021,0,0,0,4110.681464,0,13500,0,0,1.103033698,0,0,594.9969833,5510.394954,7851.326113,178.256532,1.714877427,0,0,0,0,58,0,0,0,0,2127.063186,0,0,0,0,0,0,0,0,0,0,52491.35491,371.9688243,0,180864,0,114.971851,0,0,0,0,0,0,0,0,0,2,0,0,0,0,0,4.489602612,80.49627687,462.620588,90.70632602,129.4128214,0,230.5795731,0,480.0963714,35318.60842,190.383489,0,0,39.03066597,106,0,622.135967,0,1.310470198,655.3712817,0,0,0,0,0,234.0842355,0,1.1218853,77054.7143,0,96.5715631,408.3540333,0.740213556,0,1.394697813,84,0,0,0.362201862,99.82933291,0,1,0,1,624.6601156,11951.49631,0,175.9680817,0.688147128,16,0,3214.956687,0,1032.767297,0,19.86938071,3531,415.5409772,0,287.5307069,0,8,0,45.72402601,143.8671778,1191,0,0,0,0,1068.457414,0,0,21,0,37,329.1463269,3078.251356,0,0,0,0,0,333.5847331,0,175.246948,16.8309992,66.0824546
blk4,0,0,0,0,0,0,0,0,0,0,0,0,0,0,0,0,0,0,0,0,0,0,0,0,0,0,0,0,0,0,0,0,0,0,0,0,0,0,0,0,0,0,0,0,0,0,0,0,0,0,0,0,0,0,0,0,0,0,0,0,0,0,0,0,0,0,0,0,0,0,0,0,0,0,0,0,0,0,0,0,0,0,0,0,0,0,0,0,0,0,0,0,0,0,0,0,0,0,0,0,0,0,0,0,0,0,0,91,672.4530792,60,3200,276.2468914,41,0,0,22.28675507,2,0,29.22834769,41.15553542,808,0,0,18681,0,0,8127,0,0,0,0,0,1489.94506,0,1199.791274,367712.4287,0,0,3761.371394,0,427.2554706,164.047359,72.70125605,0,0,454.4692393,0,649.353139,0,995.5948257,0,213,10375.50025,0,0,858.0012402,0.915140898,59859.51463,6,2922,0,0,57,4909.863683,54961.68388,0,481.4681266,0,513.8381848,2.227111828,0,0,163.1599843,0,169,0,0,0,41115.07927,770.0139405,0,0,2.833698925,2901.102287,0,14835,0,0,0,0,0.559669241,312.2806247,6800.202482,9574.310885,344.3044199,0,0,3.072639866,0,0,26,0,0,0,0,2856.949678,0,0,0,0,0,0,0,0,0,0,59718.08226,0,0,39707,0,0,0,0,0,0,2.507961743,0,0,0,0,58,2.005948803,0,0,0,0,0.435856836,0,894.5007972,0,222.4643879,0,0,104.9614638,1065.193167,26417.65765,0,0,0,0.368500325,42,0,467.2961077,0,0,460.4752952,0,0,0,0,4.705705948,335.3213937,0,0,82174.86534,0,0,28.24215718,0.605913005,0,0,102,0,58.59576607,0,19.22769173,32.97515399,2,0,2,777.8446633,12312.17729,0,299.878924,1.596154926,177,189.8767915,4127.222,0,1161.594841,121.0981429,0,4295,218.8589533,0,394.4273034,0,45,28.71912257,88.41683562,0,151,0,0,0,0,969.4610778,0,0,0,0,41,265.9062614,3187.326297,0,36.41720972,0,0,0,182.3260387,0,143.2656926,0,21.76764079
blk5,0,0,0,0,0,0,0,0,0,0,0,0,0,0,0,0,0,0,0,0,0,0,0,0,0,0,0,0,0,0,0,0,0,0,0,0,0,0,0,0,0,0,0,0,0,0,0,0,0,0,0,0,0,0,0,0,0,0,0,0,0,0,0,0,0,0,0,0,0,0,0,0,0,0,0,0,0,0,0,0,0,0,0,0,0,0,0,0,0,0,0,0,0,0,0,0,0,0,0,0,0,0,0,0,0,0,0,32,56.22571972,65,2618,21.72207652,68,34.1676045,0,0,3,0,0,0,462,0,0,15884,0,0,8402,0,148.7297124,0,0,0,1239.826863,0,710.7956116,412743.1205,0,0,3298.962323,0,78.60424441,0,0,281.6431911,0,352.9952282,0,686.8308284,0,1058.884967,0,16,10599.30544,0,0,312.7775531,0,81862.13095,21,269,0,0,67,5038.808393,52338.3157,217.4499185,403.4166304,0,657.4824177,0,0,0,0,0,82,0,0,0,45306.75476,580.8255386,0,0,0,3745.609488,0,15608,0,0,0,0,0,426.4873228,4514.709973,5793.455312,122.3738548,0,0,0,2.881103814,0,161,0,189.1599158,0,0,5791.310031,0,0.182083883,0,0,0,1.000317566,0,0,0,0,54864.93026,0,0,161848,0,87.74659572,0,0,0,0,0,0,0,0,0,41,0,0,0,0,0,33.89397887,255.7675179,1605.562352,0,45.58494018,0,359.9290376,0,1474.494034,26976.7547,62.23012069,0,0,0,148,0,741.6123376,104.0540741,0.2044813,2981.251005,0,0,0,0,1.307261062,273.2404182,0,3.142976756,78339.88472,109.4588493,0,0,0,0,0,62,17.24861058,0,1.224346237,0,23.35300225,6,0,0,871.1951513,11590.51865,0,258.7900873,0,44,0,3564.771627,0,1143.355658,0,0,3996,0,0,272.2386532,0,22,0,85.92911484,64.14833295,57,8.980413788,0,0,0,614.0123689,0,0,79,0,10,284.2840694,5696.546556,0,0,0,1.376879864,28.15500992,151.3355008,0,0,0,60.54729768
SL std mix1,0,0,0,0,0,0,0,0,0,0,0,0,0,0,0,0,0,0,0,0,0,0,0,0,0,0,0,0,0,0,0,0,0,0,0,0,0,0,0,0,0,0,0,0,0,0,0,0,0,0,0,0,0,0,0,0,0,0,0,0,0,0,0,0,0,0,0,0,0,0,0,0,0,0,0,0,0,0,0,0,0,0,0,0,0,0,0,0,0,0,0,0,0,0,0,0,0,0,0,0,0,0,0,0,0,0,0,14,0,162046,152,53076.31665,28,795739.0972,3577.158877,9542.370876,3004,116495.7044,56507.66428,490346.3021,1181,0,0,14352,0,0,9613,0,0,0,0,0,1262.277165,0,986.2942448,439981.9085,0,0,6065.529539,0,200.7636567,0,0,0,0,1221.908548,0,323.9672042,108.4868473,1260.654011,0,428,646.9956933,167.1352258,0,157.3036109,0,121870.0351,58,2320,0,0,3,2939.293825,68996.90615,0,609.9256415,0,826.1807365,0,0,0,134.5579501,580.635488,708,1.393800827,0,0,50110.59394,0,0,0,0,2318.667216,0,16068,0,0,0.05312641,0,0,326.3696925,7742.290182,19575.08124,0,0,0.536448621,0,1.474286457,0,133,0,0,0,278.1918788,8053.584351,0,0.442675312,0,0.677142789,0,2.411649531,0,0,0,0,59051.36853,282.906253,1.744758526,166407,0,255.6607703,0,0,0,0,0,0,0,3.325687916,0,34,0,0,0.108216857,0,0,2.866299013,208.1110625,3684.384827,0,365.9161347,0,262.6427011,87.81209362,1737.935035,52427.65362,322.287724,0,0,0,104,0,869.9275416,0,0,1364.530102,0,0,1.398557601,0,32.27520706,108.8945043,0,0,177340.4269,176.6484258,0,259.7051506,0,0.927853925,0,21,0,0,0,0,0,0,0,14,1839.941073,11672.57314,0,353.6216604,0,57,26.045041,1567.420866,0,1139.870258,0,0,2657,0,178.6027103,794.6212615,0,1,0,73.23781838,382.5996033,3489,0,0,0,0,1342.836515,0,0,45,97.77280365,34,966.7255437,13213.36154,0,0,0,0,109.3946004,251.6861799,15.79822856,126.9602294,0,26.06784794
SL std mix2,0,0,0,0,0,0,0,0,0,0,0,0,0,0,0,0,0,0,0,0,0,0,0,0,0,0,0,0,0,0,0,0,0,0,0,0,0,0,0,0,0,0,0,0,0,0,0,0,0,0,0,0,0,0,0,0,0,0,0,0,0,0,0,0,0,0,0,0,0,0,0,0,0,0,0,0,0,0,0,0,0,0,0,0,0,0,0,0,0,0,0,0,0,0,0,0,0,0,0,0,0,0,0,0,0,0,0,169,709.1013674,170217,366,52656.5193,35,831149.9893,3661.91502,8809.706744,3122,108221.0137,61058.18278,516956.3526,651,0,162.9635625,14398,0,0,8175,0,112.5180928,0,0,0,1137.492942,0,1247.066729,507097.277,0,0,6411.120145,0,63.3974701,0,105.1717891,236.8677741,0,1316.765693,98.38783661,1618.540047,0,1734.827129,0,377,2920.859209,0,0,247.5095359,0,116875.8596,1,2323,0,178.9251943,5,1008.863105,58090.14004,0,1901.593499,0,1174.888412,0,0,0,206.7857383,0,537,0,0,0,47174.38792,0,0,0,0,4875.935175,0,18521,0,0,1.343796147,0,0,898.008432,8949.697371,22938.41345,0,0,0,0,0,0,305,0,0,0,99.61328854,5312.984852,0,0,0,196.1520709,0,61.36752215,0,0,0,1.90296003,74664.35822,0,0,174829,0,0,0,0,0,0,0,0,0,0,0,1,0,0,1.123594534,4.125677114,0.790881794,2.244547834,0,1075.204783,0,269.7093792,0,300.7409773,0,1190.601594,30952.28798,101.2849688,0,0.7982777,1.831883385,23,0,347.3515919,0,0,1868.532152,0,0,0,80.19585549,0,523.1983486,2.412775719,0,106104.9332,0,0,66.44953474,34.16296665,0,0,38,0,0,0.745083813,183.9394378,0,0,0,21,1034.949872,18491.59875,0,79.53202253,0,37,158.2088781,4024.32117,152.1586558,292.1153552,0,0,5735,0,213.5794597,227.2042772,0,50,0,0,16.04407788,789,0,0,0,0,1399.180296,0,0,25,0,130,253.5387261,7013.198417,0,0,0,0,37.65099071,328.8825385,51.77903175,173.3925571,0,0
blk6,0,0,0,0,0,0,0,0,0,0,0,0,0,0,0,0,0,0,0,0,0,0,0,0,0,0,0,0,0,0,0,0,0,0,0,0,0,0,0,0,0,0,0,0,0,0,0,0,0,0,0,0,0,0,0,0,0,0,0,0,0,0,0,0,0,0,0,0,0,0,0,0,0,0,0,0,0,0,0,0,0,0,0,0,0,0,0,0,0,0,0,0,0,0,0,0,0,0,0,0,0,0,0,0,0,0,0,37,402.1005861,55,1596,254.5462213,41,486.9136493,0,480.0631607,15,0,51.08447887,278.265654,1017,0,128.588465,16676,0,0,6627,0,176.1230605,0,0,0,1449.406258,0,1203.78671,414978.404,0,0,8239.355798,0,224.1429646,0,236.1621777,204.5800599,114.4256996,1005.513725,127.4809873,1499.65646,0,715.0142798,0,76,7674.5783,106.0564454,0,779.6246951,0,77076.99112,45,1052,0,0,31,3926.924003,42820.08123,0,1380.906741,0,200.168292,0,484.1072983,0,0,100.1582509,487,0,0,0,43713.51927,712.5772026,0,0,0,2506.744707,0,16346,0,0,1.101799174,0,0,1202.046171,5431.256393,5981.186588,0,0,11.2146302,0,2.287273762,0,0,0,0,0,0,2963.840152,0,0.319589611,0,5.041657578,0,0,3.265395234,0,0,0,28528.38531,0,0,187456,0,76.62328214,0,0,2.552183167,0.276435101,0,0,0,0,0,2,0.281246998,0,0,0,0,0,97.40445794,382.6722322,0,129.5803746,0,0,0,545.1245243,33878.19855,0,1.020763989,0,0,250,0,793.0884369,0,0,771.2869354,0,0,0,0,0,262.7045224,0,0,95407.14313,40.53734273,0,24.84534784,0,0,0,49,0,0,0,0,0,47,0,0,1463.137338,17098.71018,0,390.6764067,0,82,304.7033281,3968.46807,108.8421422,1327.150536,0,0,3797,291.9556943,0,440.6122839,39.35131591,0,0,0,0,264,0,0,0,0,603.8862892,0,0,31,0,141,0,3740.307496,0,0,15.56204386,0,0,342.8976544,0,180.1764548,0,0
M33-samblk1,0,0,0,0,0,0,0,0,0,0,0,0,0,0,0,0,0,0,0,0,0,0,0,0,0,0,0,0,0,0,0,0,0,0,0,0,0,0,0,0,0,0,0,0,0,0,0,0,0,0,0,0,0,0,0,0,0,0,0,0,0,0,0,0,0,0,0,0,0,0,0,0,0,0,0,0,0,0,0,0,0,0,0,0,0,0,0,0,0,0,0,0,0,0,0,0,0,0,0,0,0,0,0,0,0,0,0,42,41.42462876,187982,2541,59694.44333,191,963534.0887,4479.655928,4588.836705,3305,131986.6908,68502.78899,584733.7156,4634,0,166.0786036,16237,0,0,12526,0,0,0,0,0,1090.170098,0,1896.427522,550829.3582,0,0,7460.236646,0,80.43180154,0,136.6415397,181.0131675,0,1657.872211,0,1428.034647,138.9236251,541.6277333,0,561,270.9414864,0,0,618.0388379,1.620319825,121707.488,8,685,0,260.3567464,32,4001.285188,44598.97958,193.7261443,735.7454471,0,774.1956056,0,472.9284446,0,0,0,242,0,0,0,62805.41443,0,0,1.738179986,0,3652.367772,0,15985,0,0,0,0,0,388.024809,14826.94643,21807.60516,0,3.302589079,1.302256119,0,0,0,424,0,0,109.367096,721.0370399,11801.7596,0.93139811,0,0,0,0,362.2418166,0,0,0,0,103630.551,353.4072978,0,154214,0,421.2995573,0,0,0,0,0,0,0,16.13309917,0,260,0,0,0,0,0,0,67.03785941,2805.456447,0,162.9516569,0,203.9861181,0,1625.17254,54004.4013,0,0,0,1.400250292,166,335.7555599,809.3452541,0,0,3307.690356,0,0,0,169.4224327,0,324.7936345,0,1.613701162,155994.9217,332.7682512,0,381.9133005,0,0,13.45703887,124,0,0,36.53947306,872.4226061,19.4535789,39,0,32,973.8888958,20551.37854,0,262.0967924,0,31,441.1502548,4298.415858,0,694.1799315,0,0,3785,0,74.72055679,516.3975371,0,70,0,0,215.7588118,1589,0,0,0,76.00869742,2065.659449,0,38.19454083,182,0,49,867.0140538,14717.3333,0,204.1238337,4.739225686,0,0,381.0125287,0,769.8401756,0,0
M34-samblk2,0,0,0,0,0,0,0,0,0,0,0,0,0,0,0,0,0,0,0,0,0,0,0,0,0,0,0,0,0,0,0,0,0,0,0,0,0,0,0,0,0,0,0,0,0,0,0,0,0,0,0,0,0,0,0,0,0,0,0,0,0,0,0,0,0,0,0,0,0,0,0,0,0,0,0,0,0,0,0,0,0,0,0,0,0,0,0,0,0,0,0,0,0,0,0,0,0,0,0,0,0,0,0,0,0,0,0,60,94.19131116,162083,2394,52940.91754,92,766146.8931,4003.41411,6729.987232,3001,114129.729,53059.64929,517959.1945,24256,0,0,12519,0,0,14824,0,147.5191494,0,0,0,1356.676639,0,1201.231505,513007.6094,0,0,6248.858201,0,0,0,142.9474766,334.4301465,0,848.6030077,0,1526.301934,0,1213.38248,0,324,0,0,0,230.7827048,0,120004.4497,73,1184,0,0,81,4313.037758,58376.47067,196.5924469,2028.80251,0,0,0,0,0,0,426.449362,463,0,0,0,62212.98885,0,0,0,0,3167.488765,0,21338,0,0,0,0,0,1102.406748,10893.48726,17627.8324,0,0,0,2.363446298,0,0,235,0.053856239,0,0,65.5962772,13856.7332,0,0,0,0,17.29048885,0,0,0,0,1.098105455,74925.0128,0,0,26764,0,440.43585,0,0,0,0,0,0,3.560125064,0,0,83,0,0,0,0,0,0.710053152,197.1140015,2638.887304,0,348.5111955,0,238.9901839,171.4527341,1686.08062,73339.3453,0,3.318597251,0,0,26,0,1002.99303,0,0,761.8567199,0,0,3.409994348,2.678288195,0,463.9134238,0,0.332647129,156852.7711,256.7171108,0,179.3224671,0,0.765762384,0,51,0,1.095078487,0,491.2558001,33.30373317,0,0,30,1197.500956,21311.26154,116.0053637,220.4298624,0,143,605.3696856,2925.12401,149.8156031,747.3398875,0,0,2216,290.8167909,0,540.8276204,0,9,0.632925261,233.2788436,390.1498025,1119,0,0,0,0,1606.981061,0,0,45,57.15956356,23,620.483529,11815.61898,0,0,0,0,0,283.4275061,0,0,0,0
blk7,0,0,0,0,0,0,0,0,0,0,0,0,0,0,0,0,0,0,0,0,0,0,0,0,0,0,0,0,0,0,0,0,0,0,0,0,0,0,0,0,0,0,0,0,0,0,0,0,0,0,0,0,0,0,0,0,0,0,0,0,0,0,0,0,0,0,0,0,0,0,0,0,0,0,0,0,0,0,0,0,0,0,0,0,0,0,0,0,0,0,0,0,0,0,0,0,0,0,0,0,0,0,0,0,0,0,0,71,274.1435925,307,147,284.4135119,59,899.7193207,0,1157.244087,38,0,0,570.3354709,1305,0,0,14383,0,0,8002,0,0,0,0,0,617.8390472,0,1300.103002,469851.9171,0,0,4326.97979,0,0,206.0039997,243.2802671,204.1685826,0,449.095427,119.3625279,961.3647351,251.4531231,714.3838522,0,120,7500.033645,421.7655941,0,516.7529275,0,84188.1792,87,529,1.814712483,0,56,4022.772302,45700.27522,177.7548201,257.2228405,0,409.3793769,0,256.0687207,1.982235491,0,0,274,0,0,0,49217.75722,777.5999977,0,0,0,4241.211327,0,18865,1.58311235,0,0,0,0,446.6636287,5370.582184,9009.874588,277.2389202,0,0,0,0,228.759141,26,0.202745007,0,0,410.5258401,2439.806643,0,1.454369925,0,0,0,0,0,0,0,0,52933.6865,0,0,183189,0,292.3900158,0,0,1.593096674,0,0,0,0,0,0,37,0,1.577742355,0,0.557391869,0,0,193.742781,1583.665155,0,0,6.974234701,0,0,899.4886756,38146.49749,0,0,0,6.289980666,98,0,324.5173811,19.26883578,0.770860609,1043.975198,4.920547896,0,0,154.1767762,0,495.8213075,0,0,82221.21795,109.9280787,132.6015174,439.4006739,0,0.135417519,97.39752318,50,0,2.240282982,0,67.5117891,0.982235781,34,0.817568008,1,1127.666238,16498.48248,112.0365443,203.1582421,0,58,159.0788424,2931.168244,87.12698005,933.789168,0,0,4710,337.5187375,0,508.8796262,0,0,0,0,50.66615853,847,0,0,0,22.21753618,966.0977834,0,0,20,0,87,184.341724,3747.604438,0,0,0,0,0,297.4115519,0,0,32.99596792,55.29269244
M23-34 QC Skin1,0,0,0,0,0,0,0,0,0,0,0,0,0,0,0,0,0,0,0,0,0,0,0,0,0,0,0,0,0,0,0,0,0,0,0,0,0,0,0,0,0,0,0,0,0,0,0,0,0,0,0,0,0,0,0,0,0,0,0,0,0,0,0,0,0,0,0,0,0,0,0,0,0,0,0,0,0,0,0,0,0,0,0,0,0,0,0,0,0,0,0,0,0,0,0,0,0,0,0,0,0,0,0,0,0,0,0,51257,13442.52028,181824,711751,60582.29454,98461,995652.8964,4196.781348,10379.97792,4145,147361.604,68357.61575,625018.3724,18849,0,933.7130883,195373,489.5103323,0,354224,898.1065803,2620.765069,0,413.8162897,197.0976439,3115.432883,133.3734621,54791.32115,20603742.47,148.0607143,6524.453986,534882.1434,808.8725543,0,1350.661584,2536.001055,75913.64043,453.8540709,4809.5717,569.8450274,9142.318579,2578.089829,47359.39741,239.4430281,7363,554.5302945,11599.21207,143.9107094,28233.86036,1263.960462,5741341.277,1189,113921,0,493.7748483,53207,67522.15503,753274.1673,1459.875582,17150.00736,795.6337719,3517.726041,0,2443.587396,140.2005739,9226.343544,2156.16764,31705,0,1589.208465,719.0739647,1423240.178,247.6139519,2623.560013,41.60402004,1146.858341,1736532.667,978.8194241,447291,0,174.3864715,392.5479117,827.354322,41738.95903,23856.76627,367596.3571,350587.8555,140.9988347,0,3890.267374,0,3484.395181,1933.598856,4070,0,806.036452,0,2118.246308,477579.5478,534.7361181,1558.059643,0,2070.147652,225.3296297,9540.189585,0,2309.255608,0,6954.736618,6240833.289,14871.52217,146.4760773,2676919,1.716810047,5993.168714,0,1020.543597,305.584437,2999.436876,3447.050193,140692.8157,0,1531.363754,2759.991754,75426,0,311.4529563,344.0354959,1606.230814,345.4224842,14213.54988,3054.092431,71772.3243,268.5720444,9545.045692,191.4186328,2042.424853,537.7616133,3630.633825,1043747.132,2783.473683,0,2769.121321,2595.363477,34932,2054.668281,21687.46144,55.26983621,354.5103201,97204.27111,209.7992701,0,645.7069264,32215.31203,281.0209987,4924.296828,0,507.8280416,2511579.999,8787.695826,0,906.2108085,0,391.7211937,939.6292451,14334,1116.487524,2535.900807,7583.810944,255764.2596,0,3389,0,8222,8884.43182,138585.6174,2970.378852,1765.400978,3118.629852,4949,29184.52464,340811.9342,2652.241571,27851.45065,0,1143.806457,224541,309.8176765,2284.512327,21141.3805,651.5628685,10243,0,2494.25777,3645.329096,47371,2236.813142,40844.78636,216.5210885,2083.4813,155767.4556,1159.526269,125.0815461,6258,2041.653513,3654,20373.15059,268587.139,8926.213717,126288.0375,357.9006631,4627.684038,2378.325687,32584.93836,28098.01968,414839.5269,619.9105776,5618.892941
M23-34 QC Skin2,0,0,0,0,0,0,0,0,0,0,0,0,0,0,0,0,0,0,0,0,0,0,0,0,0,0,0,0,0,0,0,0,0,0,0,0,0,0,0,0,0,0,0,0,0,0,0,0,0,0,0,0,0,0,0,0,0,0,0,0,0,0,0,0,0,0,0,0,0,0,0,0,0,0,0,0,0,0,0,0,0,0,0,0,0,0,0,0,0,0,0,0,0,0,0,0,0,0,0,0,0,0,0,0,0,0,0,48352,13455.82978,177300,731615,56670.86019,93397,923442.8649,4378.505708,6433.605397,3727,141635.6054,70844.97432,603583.755,19696,0,735.5963413,186880,204.2549559,267.9517017,316671,1139.109096,3582.015466,0,297.2475398,0,3724.972443,0,45978.65389,20519563.14,24.77804104,4278.218505,459003.4296,697.7549742,0,893.3533858,1953.366306,79844.37317,488.0097035,5052.711575,395.3992091,9070.176971,2628.201675,36008.08371,62.32854553,6814,4608.183339,8348.111761,0,21227.24082,1000.635487,3919034.65,792,132545,365.419421,990.3902999,49532,57008.82343,661113.0454,1115.174981,10819.41581,317.5306988,3950.850551,0,1593.416847,192.5131927,4880.929422,1880.999487,26399,0,512.6723353,1139.616221,1076770.007,373.9053688,3218.746505,0,777.0568358,1735387.032,253.8597998,390677,242.0315418,0,244.5555919,712.1400192,32608.21364,19209.33357,305807.0167,125215.2283,212.3518284,0,3665.59095,0,3690.332808,1099.263755,2109,0,538.0311942,464.4165585,1933.410156,349891.4819,438.7882748,914.4728807,0,1648.983098,372.1992268,4233.154034,3.073068502,1462.639038,0,3786.724632,6537676.617,6179.896265,286.8717981,1900088,0,5777.796845,0,1440.160695,0,2129.671135,3632.63547,104868.4293,0,1047.427573,761.8280798,62980,0,0,0,1215.448038,0,5500.19089,2045.42364,26301.1772,211.5696917,3388.074497,144.7004242,1089.301607,128.1738336,1561.944448,636557.9625,159.3385634,85.36987421,2636.291803,1418.85667,32466,1033.286433,16979.87465,0,231.8897358,58504.55763,37.03564224,1173.269318,249.0380722,25530.71068,0,5237.223281,0,304.5447071,1639144.677,6000.829837,0,1175.498271,0,418.7085819,1098.073841,10035,1166.541465,1915.153627,6546.22096,144631.6702,92.45990266,2135,196.553081,3008,5283.681396,115613.4958,2461.496555,2302.863228,2386.121028,5712,19049.38747,304741.933,1371.998029,21650.25189,0,952.1355347,179364,497.3481747,1989.958017,21579.63426,386.4729471,9074,0,1319.591795,1509.457138,27630,1293.532333,30701.87687,0,1101.658608,114211.9572,1293.600238,183.6042778,3704,1340.925318,2368,15723.52396,164432.5762,5036.818975,65725.25152,0,2849.974039,2229.37513,27058.80829,21728.3748,287415.4268,594.8144885,4665.23563
M23-34 QC Skin3,0,0,0,0,0,0,0,0,0,0,0,0,0,0,0,0,0,0,0,0,0,0,0,0,0,0,0,0,0,0,0,0,0,0,0,0,0,0,0,0,0,0,0,0,0,0,0,0,0,0,0,0,0,0,0,0,0,0,0,0,0,0,0,0,0,0,0,0,0,0,0,0,0,0,0,0,0,0,0,0,0,0,0,0,0,0,0,0,0,0,0,0,0,0,0,0,0,0,0,0,0,0,0,0,0,0,0,45450,14558.94043,162821,681726,54680.55952,91813,1006709.693,4387.701758,10543.16236,3786,146603.7473,68773.8219,608045.2461,19661,0,493.9261169,190841,326.075111,187.694203,370756,812.3704819,3697.029339,0,783.8509908,0,6101.640457,194.7775132,43245.66079,17729795.21,0,3589.02106,398340.4235,940.875568,0,1471.928761,1356.791735,80981.12491,524.5687494,6348.71912,352.0242951,4527.886523,2779.46402,42456.14965,34.82270046,6202,6748.124131,9439.525996,207.707274,18077.32327,984.5186571,3630714.104,624,124573,0,962.380561,52093,59754.73227,912857.6694,973.9019686,16054.34915,330.6552657,4510.727848,0,1061.983663,0,5967.701887,792.381106,21412,0,772.5236257,727.7877483,1090473.673,0,1835.248769,0,1317.631621,1504658.285,0,341367,0,0,0,655.0823536,25419.2285,20261.79398,250880.6937,171755.796,0,0,3769.30158,0,2627.795965,813.6036032,3556,0,626.9048891,0,1977.913216,170563.925,0,1295.701391,0,1170.581967,364.0916419,3558.571412,0,1992.339253,0,3458.445105,5555641.805,13228.70763,379.9098888,1787878,0,5513.201547,0,516.3948166,2.340908199,1718.949788,1257.511199,122326.8477,0,1262.251807,1236.773399,66157,0,620.0982652,0,458.8544615,0,3784.236529,487.353579,23670.37303,39.00236892,4124.905922,0,1556.590525,92.74348695,2319.79535,565897.6249,1224.385296,0,1526.920779,2118.901363,28413,1772.121444,17532.11109,1.762654634,503.9953754,41059.21807,0,1121.144674,445.4243058,22015.86143,0,4078.976753,0,327.2523719,1579333.013,4889.202715,0,919.6163176,0,1079.477069,618.0688592,8964,95.98510133,1885.965801,4415.703147,136323.5417,0,1759,0,2840,5650.833795,86635.35115,1249.16857,1736.245052,2305.634268,3551,15377.66423,273603.9275,1501.131233,21714.96518,0,643.1758294,163524,532.013297,1495.629439,22233.0762,732.0824682,6636,39.6735697,1584.692113,1565.848142,23809,1474.476101,33742.68331,0,1603.325475,103407.034,953.277554,159.8874656,3428,1060.448033,2880,11025.24224,167746.4711,4062.416134,49890.72364,209.4613087,2245.049571,2190.713472,26602.88907,19076.27398,294735.6801,493.3231437,4921.49102
blk8,0,0,0,0,0,0,0,0,0,0,0,0,0,0,0,0,0,0,0,0,0,0,0,0,0,0,0,0,0,0,0,0,0,0,0,0,0,0,0,0,0,0,0,0,0,0,0,0,0,0,0,0,0,0,0,0,0,0,0,0,0,0,0,0,0,0,0,0,0,0,0,0,0,0,0,0,0,0,0,0,0,0,0,0,0,0,0,0,0,0,0,0,0,0,0,0,0,0,0,0,0,0,0,0,0,0,0,43,40.47510137,168,340,183.3137554,379,1355.687933,0,536.2906295,8,0,121.242759,595.1336961,1372,0,105.2184534,18328,0,0,10552,0,0,0,0,0,1323.32253,0,1250.397493,533373.0196,0,0,4198.593141,0,0,227.4738323,35.3076704,280.5870392,0,670.5398638,0,1777.217382,94.67212013,640.7322715,0,153,8912.522038,342.8155108,0,869.07968,0,65556.73998,22,2103,1.528161655,0,124,3052.745066,55250.06523,0,562.1091389,0,675.3580164,0,0,0,0,48.22070058,288,0,0,0,48420.49329,390.8051686,0,0,0,7541.19412,0,14474,0,0,0,0,0,474.3241336,6287.616878,5983.54051,0,3.730142153,1.065456982,0,0,0,2,0,0,0,230.683051,2801.859747,0,0,0,0,1.264468344,13.16312486,0,0,0,0,73368.01689,0,0,205555,291.2041156,45.34224606,0,0,0,0,0,0,0,0,0,1,1.224892101,0,0,2.082306627,0,0,0,832.2958705,188.987435,79.2815127,0,298.7257312,0,1014.210166,28073.94757,164.1057115,0,0,0.638367741,36,0,281.1989073,0,0,2766.652539,0,0,0,98.6831758,90.60946806,182.3832639,0,0.845401728,77174.91746,32.68336525,0,253.129077,0,0,0,39,0,0,0,0,0,1,0,34,270.4328565,14631.99611,0,705.6246317,0,7,74.43468559,3591.562529,0,1104.225336,0,0,2383,394.9682909,0,249.9862368,0,29,0,0,313.7740622,209,0,0,0,0,1022.616678,0,0,121,0,76,361.4406854,3884.275867,0,177.9999226,0.901515472,0,0,0,0,473.3971803,0,0
M23-Skin 1460,0,0,0,0,0,0,0,0,0,0,0,0,0,0,0,0,0,0,0,0,0,0,0,0,0,0,0,0,0,0,0,0,0,0,0,0,0,0,0,0,0,0,0,0,0,0,0,0,0,0,0,0,0,0,0,0,0,0,0,0,0,0,0,0,0,0,0,0,0,0,0,0,0,0,0,0,0,0,0,0,0,0,0,0,0,0,0,0,0,0,0,0,0,0,0,0,0,0,0,0,0,0,0,0,0,0,0,76861,14640.52156,183178,1077885,56626.16623,134487,919182.5605,4164.302972,13572.2148,3570,132386.5396,62762.44624,616523.5242,25258,0,494.3951946,196922,357.7927217,197.1810671,279952,728.5785788,3502.692177,4.362156286,381.215569,0,3852.618388,0,44857.63884,18202847.48,0,6043.827722,467172.3145,1151.53761,0,1432.796978,2011.821924,58316.57634,698.3249006,6875.1331,85.86523666,4409.716444,2054.515794,34838.37483,0,4338,0,14281.223,104.2540428,31507.44141,610.4101654,4601356.996,982,120621,589.7616772,1233.415107,46343,42348.84947,646865.8321,762.941762,11670.4227,132.873344,2997.664869,0,2068.17068,322.9965176,8891.364063,1707.79662,25902,0,952.6940576,1339.948625,1186824.674,0,2881.821898,46.43428908,1550.368947,1988147.903,0,439115,0,341.7737991,0,1596.39563,35752.42178,29266.62935,320803.8809,256015.2927,0,2.602742911,5156.554414,0.798437046,3677.279671,1522.776925,3115,177.3507263,609.2106853,461.2415104,3529.300489,452058.7831,0,366.666085,0,1609.441909,0,6468.102916,0,957.4069207,0,2923.473453,6786764.55,16171.79745,400.983272,2186221,0,5867.130877,160.8734716,700.5191995,1.248846565,2331.789632,1580.352697,129326.2928,0,418.604412,2653.878994,53075,0,341.0747677,212.7023332,993.7534055,317.6376444,9382.906879,3619.993072,43253.88541,334.7991996,6620.411098,254.2917423,1969.544894,410.5308082,4079.452361,1074025.48,1392.297899,139.3026631,1449.023629,2422.795933,26085,739.8561543,15768.57803,0,563.653816,96851.80269,17.58362841,0,745.5171685,23137.88698,480.1646415,4233.99095,0,687.9526428,2175756.574,6344.268646,137.5099358,864.5285787,0,632.3412734,168.9478156,9446,643.5681556,1745.630511,7105.002642,176794.815,0,2691,661.29172,8328,6237.549486,91466.63116,1531.547848,1448.922912,2314.154738,4568,19679.53196,297385.3171,1899.62759,32564.60054,0,1802.966304,240833,953.7729641,1474.830474,16467.61844,511.5257324,8749,171.0714164,3177.991142,2200.902327,34175,2408.895956,76662.50819,119.4042093,1501.506409,200732.5988,1356.096952,310.4486271,5929,1282.213944,2460,19661.23438,228238.1896,14864.27083,162563.7492,278.0438802,5924.554836,3715.214551,48018.68848,43959.55112,521497.03,1043.789053,9281.101931
M24-Skin 1461,0,0,0,0,0,0,0,0,0,0,0,0,0,0,0,0,0,0,0,0,0,0,0,0,0,0,0,0,0,0,0,0,0,0,0,0,0,0,0,0,0,0,0,0,0,0,0,0,0,0,0,0,0,0,0,0,0,0,0,0,0,0,0,0,0,0,0,0,0,0,0,0,0,0,0,0,0,0,0,0,0,0,0,0,0,0,0,0,0,0,0,0,0,0,0,0,0,0,0,0,0,0,0,0,0,0,0,48568,9616.462389,162705,646233,48995.65912,76983,812326.7873,4188.257791,13613.62816,3142,110983.6497,56338.72389,527250.3427,19517,0,502.248754,218615,239.6868904,0,390651,1041.687052,2247.404599,100.7036493,311.797418,0,2746.313318,0,51835.0187,16836530.55,0,6354.670844,543398.9818,866.6549583,0,1328.422885,1921.665264,76625.95945,785.6998042,7636.025811,722.376104,8749.12992,1409.736324,28781.50138,124.3286647,2197,62.47082534,8876.632702,89.72342572,24777.6489,791.5639541,3803066.986,659,141349,0,1547.900009,47097,42512.79517,664031.7714,861.1585846,10404.80155,215.6400626,2442.593245,0,2666.762598,711.757921,6317.684626,1056.573224,18206,0,706.1493386,1097.944742,1186577.088,0,2687.885623,0,1770.922835,1978474.064,384.857218,440566,0,386.6746426,418.0559724,724.827728,45865.34396,17752.25995,157269.0203,321672.1713,48.6046378,0,7875.168708,312.7545364,5064.188943,978.9405033,2165,0,1163.180478,247.045999,3178.199198,620909.0288,0,1817.993985,0,1695.396361,1047.308442,9361.145073,0,1864.48929,0,7170.62066,8950183.549,16036.12264,377.4619936,2134336,316.4436982,1964.718903,0,400.1936958,0,1808.913163,3610.976297,200684.9873,0,1176.206065,2555.374339,106659,0,0,45.83362187,1981.019194,0,15630.58744,5049.916017,39992.75509,819.9565591,6802.194793,0,1206.891798,250.7998316,3001.626289,1414456.618,2204.998397,0,2614.979584,1767.055841,28100,1050.389376,14428.19475,0,904.4485468,98687.46117,0,55.40463582,831.688055,32000.77416,248.1646528,4895.669764,0,440.372755,2334124.139,11238.2624,0,1484.113671,0,546.9820726,939.0842176,11126,265.5840141,2504.514567,8543.338269,321048.4948,279.4616827,3504,56.22463917,11598,6720.804716,91145.92576,2891.812728,1055.199338,2593.249484,4472,20807.45763,354799.6223,1917.143066,24806.66984,0,978.0553233,141197,170.1002855,1189.013994,17911.30926,383.4382998,10821,194.031677,2260.968623,2416.699697,36796,2842.900665,69000.18006,90.80422948,1573.338857,196184.2254,1470.932189,213.4316565,3702,2613.456075,1877,12251.15207,219440.7175,9498.430822,144323.5764,401.8217793,4613.540697,2323.999811,27064.54452,25726.70193,347148.2489,391.9616634,5458.659111
M25-Skin 1462,0,0,0,0,0,0,0,0,0,0,0,0,0,0,0,0,0,0,0,0,0,0,0,0,0,0,0,0,0,0,0,0,0,0,0,0,0,0,0,0,0,0,0,0,0,0,0,0,0,0,0,0,0,0,0,0,0,0,0,0,0,0,0,0,0,0,0,0,0,0,0,0,0,0,0,0,0,0,0,0,0,0,0,0,0,0,0,0,0,0,0,0,0,0,0,0,0,0,0,0,0,0,0,0,0,0,0,120501,23105.23576,266944,1498557,81890.77702,190557,1552028.57,6929.403353,23031.77424,6355,239088.7312,110690.1188,898762.7093,34957,0,975.1344698,322712,484.5312233,349.7711066,536534,1470.36028,12514.02031,0,670.7465249,0,4773.195497,112.7937755,55740.59079,29153278.17,0,7353.15807,534588.1141,1076.897792,0,1347.840123,1459.075637,66586.96159,398.3642016,6738.105308,594.3508115,5811.556401,1939.365626,54765.03762,0,13906,106.7092781,22688.50112,0,45415.62349,1308.89011,8606281.715,403,170979,283.4406559,1091.788933,32367,65325.97035,857755.0678,1333.964092,11336.18755,164.718901,4464.18998,0,1881.824496,997.5548428,16199.94109,3711.202744,60420,0,1982.527074,1221.48246,1882368.889,0,3860.331837,131.5589399,918.2298577,2704711.297,1097.984275,643814,223.3472931,511.2814256,332.3639807,1501.313203,23829.97015,57568.52106,919015.4648,492592.8028,0,0,3178.83877,0,3279.53319,2381.514488,11443,0,1844.07627,0,4794.679132,772761.3888,548.9654529,790.7269508,0,4352.175224,1194.874367,14750.11419,1.0257199,1151.74874,0,6817.020311,10886849.53,25798.5072,162.1687788,3067160,0,5079.73787,0,1269.438039,0,2772.507781,3415.941426,118767.4273,3.06991721,1266.538524,2200.989479,75625,0,258.9484171,587.3909456,2730.155666,125.7941869,7370.845857,5970.753968,76834.40684,693.426389,9690.139732,0,2827.941001,360.4957453,4924.546644,1869467.003,3460.546016,269.3085074,2485.193378,2815.86074,49200,1452.888005,22525.98979,0,435.0571445,118845.5913,76.22162421,0,236.1386557,28416.92143,646.1711234,7067.869839,0,409.3669194,2755176.407,9340.200917,95.40985887,2360.091772,0,840.9718488,1211.83466,14666,652.5447104,1599.372818,6534.361432,192661.8598,0,2452,128.1724786,11945,8326.094297,151672.8698,1571.988747,2557.071548,1701.692065,8105,27816.25727,444299.1242,2630.91456,39590.15144,0,1592.409534,397120,51.59345956,1621.811982,33805.07921,644.081666,9956,302.3103618,5028.557366,4339.004672,57909,3869.686394,63079.23866,191.9277846,2889.886572,223691.0782,1714.575209,484.8359857,6832,1494.187614,3224,22906.6809,384671.9395,15812.27266,223679.6699,517.7966577,7686.616331,4819.079827,63898.43076,54432.3256,722383.4651,1342.934451,9337.162244
blk9,0,0,0,0,0,0,0,0,0,0,0,0,0,0,0,0,0,0,0,0,0,0,0,0,0,0,0,0,0,0,0,0,0,0,0,0,0,0,0,0,0,0,0,0,0,0,0,0,0,0,0,0,0,0,0,0,0,0,0,0,0,0,0,0,0,0,0,0,0,0,0,0,0,0,0,0,0,0,0,0,0,0,0,0,0,0,0,0,0,0,0,0,0,0,0,0,0,0,0,0,0,0,0,0,0,0,0,100,683.6032422,194,973,85.93700358,366,1149.897242,0,730.2909131,13,249.7359706,162.9735232,1034.986375,1386,0,0,18215,0,0,10605,0,0,0,0,0,546.385695,0,1651.941828,522585.8544,0,0,4959.799042,0,201.2672465,0,33.01029085,49.88930583,0,616.4859341,0,765.6192048,0,481.0830929,0,169,7146.343746,234.7857872,0,650.5805979,1.607651953,78118.5333,79,531,0,0,2,3971.634849,53007.00374,33.2695714,833.7545868,0,439.9959828,0,443.6930751,0,61.98905527,42.25195303,56,0,0,0,52330.86585,755.5402408,0,0,0,9491.301344,2.823149593,21203,0,0,0.278423546,213.9001884,0,911.889251,6481.121016,6558.652456,0,0,0,1.29841477,0,6.079397291,166,0,0,0,384.6257821,8735.781529,0,0,0,0,0.510719007,0,0,0,0,1.636403736,74748.24505,0,0,150496,0,356.0876802,0,0,0,0.326862275,0,0,0,0,0,205,0,0,0,1.468785156,0,0,56.33292369,1923.545343,0,56.4618678,0,0,0,1405.342253,42457.03234,176.5445384,0,0,0,90,0,1065.151435,0,0,168.4306945,0,0,0,0,0,0,0,0.954365288,81943.51828,240.6998117,0,704.7919458,2.176454994,0,0,142,0,0,0,119.8630611,0,1,0,2,829.9117705,15784.20084,0,101.9174111,0.436585816,61,586.841099,3900.212613,0,909.729368,0,0,6160,0,0,356.0263373,0,17,0,0,0,930,0,202.0480226,0,0,1522.443534,0,0,52,0,70,426.4939799,6317.544217,0,151.5170776,0,0,76.04947897,357.4627025,0,1072.015159,29.23212163,0
M26-Skin 1464,0,0,0,0,0,0,0,0,0,0,0,0,0,0,0,0,0,0,0,0,0,0,0,0,0,0,0,0,0,0,0,0,0,0,0,0,0,0,0,0,0,0,0,0,0,0,0,0,0,0,0,0,0,0,0,0,0,0,0,0,0,0,0,0,0,0,0,0,0,0,0,0,0,0,0,0,0,0,0,0,0,0,0,0,0,0,0,0,0,0,0,0,0,0,0,0,0,0,0,0,0,0,0,0,0,0,0,90966,17608.8067,165000,1129808,46109.30934,141075,863909.8945,4776.325041,13793.76798,3370,126021.5185,56735.6885,573640.961,18275,0,669.0363405,209092,386.956892,139.4189049,374710,1650.99693,2940.942922,0,249.5291016,0,2744.952866,248.8726072,52679.08563,18767328.8,0,6579.536535,400461.8893,731.2815724,0,2222.795252,1748.017114,116980.4817,58.14918573,6902.32944,614.7079109,10190.48609,2607.480259,39804.7202,65.12421226,2749,474.9470444,10262.92592,0,29074.38007,755.7952819,3983315.702,817,100082,133.4397242,1508.084118,48258,58893.84109,718350.6113,1013.315727,13068.93354,0,5081.830327,0,1870.122872,538.4554359,7266.250287,746.6832984,24376,0,702.5525866,1101.312914,1316326.515,0,2143.858345,39.5661542,1995.990061,1788071.022,812.3338683,367894,0,229.0742812,289.166811,587.6509641,29604.89147,23544.85914,208109.4395,286387.5272,175.3045329,38.4032291,4846.206579,132.9837358,2360.968038,1278.379396,2125,0,1814.37024,0,2459.147405,541742.7641,334.6852211,874.3286491,0,3051.166422,732.288947,7087.135905,114.8322904,1359.249253,218.5886658,4115.418891,8152197.283,16253.29759,599.1028455,2066213,0,4194.373966,0,466.3108442,0,3058.014015,2187.840532,159730.4258,0,664.7802787,2503.137392,75218,0,167.9352664,589.5375114,1860.441351,147.652923,7061.770942,4529.833582,42123.44276,627.9871302,11076.21394,0,1308.147413,428.6783217,2400.18486,920311.2241,3059.211595,0,2294.925647,2637.814842,34047,804.3847716,14981.32826,0,522.9989312,84825.8533,185.784965,2348.30638,959.6558449,30245.92908,190.9505464,6447.608732,0,147.4663032,2320414.733,6797.64426,207.4833979,1152.834363,0.875777147,599.9478748,472.2297004,7538,1325.590373,2165.685274,6809.028538,233148.7138,0,3333,462.34118,7148,7816.191963,86048.22938,1354.507093,2189.431964,1253.088753,5717,25083.47995,401515.9991,2576.601859,31302.5127,0,1607.669511,215698,104.9994835,1027.758211,19990.42093,230.0138901,8702,195.5045925,3091.911656,3381.31254,32943,2847.973222,56039.64236,0,1220.416536,176505.0504,1264.807526,355.9686223,4934,1039.884276,2754,14867.87312,272223.9647,12600.24994,172673.9547,335.0506139,5301.63448,3396.969846,40771.87486,39902.66937,492381.8015,842.5301816,7837.234298
M27- Skin 1972,0,0,0,0,0,0,0,0,0,0,0,0,0,0,0,0,0,0,0,0,0,0,0,0,0,0,0,0,0,0,0,0,0,0,0,0,0,0,0,0,0,0,0,0,0,0,0,0,0,0,0,0,0,0,0,0,0,0,0,0,0,0,0,0,0,0,0,0,0,0,0,0,0,0,0,0,0,0,0,0,0,0,0,0,0,0,0,0,0,0,0,0,0,0,0,0,0,0,0,0,0,0,0,0,0,0,0,55421,26339.5941,188596,1136262,56775.4741,129049,1015112.142,4785.036078,15059.72513,4719,168566.7096,81310.80931,655273.1886,30326,0,2940.409619,342094,480.033744,253.6960713,699618,1865.33412,8978.337635,0,893.0750951,0,9255.15527,278.837962,99119.09969,39457386.38,0,11766.94277,833481.2091,2005.065095,0,2960.219003,3572.199451,193743.9705,437.9480589,6805.210134,1042.359232,9672.042436,3330.293246,55901.31311,230.1312142,8703,249.6097305,18188.62612,0,49204.65304,2802.984102,7125181.063,2370,149098,662.3698909,1860.975486,67489,58394.29521,765995.2516,1665.959947,11284.89446,220.8012371,3527.828505,0,3632.884512,733.1808378,11535.66301,2431.074581,35708,0,1775.970653,2621.279451,2109304.495,428.6283962,7457.156954,328.5198649,2267.680588,2812412.535,1042.079205,607380,0,690.63942,562.8905996,2306.203221,75799.30199,36256.64479,387178.4982,445356.8524,387.6340057,0,8767.614551,206.7071468,5820.174762,3749.801285,5895,0,1650.687239,838.7449416,6041.08611,914539.8943,110.6203077,1570.111261,0,5970.916784,744.0280342,18445.45423,0,1573.806047,44.90431757,10859.74594,11486389.69,21236.77025,908.6029498,3670115,226.6220144,8164.59574,0,1005.823023,0,3736.963057,4557.798661,149816.9258,0.594744745,2243.882625,4868.686676,139259,0,556.5274601,485.6854465,2798.302071,157.1494374,15963.11664,7208.039555,94035.27239,624.7324329,14502.03776,24.75729446,7324.404058,0,4678.525357,1847287.973,2784.856336,0,3189.05654,3402.298353,58459,2576.66468,24958.91829,0,553.7175845,144455.6298,136.7817142,190.8757182,1757.86635,47307.41275,689.5031514,5367.072448,0,853.1273931,3433288.081,11635.18309,188.0304112,1203.777607,0,881.1230594,1202.599505,17580,1195.58141,4107.327461,11169.56317,342705.1281,0,4261,206.945875,7769,9807.700229,138809.4152,2600.239541,2568.418516,3302.26444,7220,24077.84699,419286.8939,2814.165282,36520.81412,0,1313.119332,333436,0,3240.315683,48760.25192,409.1615761,12940,0,3276.529971,3634.433912,54451,2572.227539,83376.59005,0,3360.440849,306060.6402,1604.000454,547.0716957,8997,2941.659497,4560,28521.13514,403307.0034,13243.27085,179435.4528,696.3263619,10901.12295,3921.2646,47410.91611,49576.35289,668260.7244,1469.144631,8148.139596
M28- Skin 1973,0,0,0,0,0,0,0,0,0,0,0,0,0,0,0,0,0,0,0,0,0,0,0,0,0,0,0,0,0,0,0,0,0,0,0,0,0,0,0,0,0,0,0,0,0,0,0,0,0,0,0,0,0,0,0,0,0,0,0,0,0,0,0,0,0,0,0,0,0,0,0,0,0,0,0,0,0,0,0,0,0,0,0,0,0,0,0,0,0,0,0,0,0,0,0,0,0,0,0,0,0,0,0,0,0,0,0,29961,14139.40521,141988,523738,44507.83262,59817,787291.8948,4055.992161,13013.21663,3728,130016.2307,58695.18155,507797.3653,16586,0,868.7638075,174729,0,0,342796,1030.46066,2346.157602,0,457.7535371,0,4318.328646,0,42155.47555,18199560.8,0,3939.544154,776024.0972,1813.905304,0,1304.724626,2197.944032,77531.05436,446.1796628,4491.387804,371.8039069,8398.387602,3010.724423,41303.272,55.81511052,5737,312.8410538,11041.67699,0,17473.11071,2064.609276,4402723.087,1890,135485,155.8131179,1688.09374,53444,51263.25549,733880.8616,1591.155717,11341.84186,599.756101,4422.355504,0,2596.076393,414.9187823,6267.986632,2194.426666,35987,0,1148.247417,1130.580856,1360940.616,0,2117.227397,115.9497857,2536.994261,1677075.307,780.1227542,442786,0,510.0917336,566.3850892,1425.46615,33678.04324,24935.03724,336577.9915,281620.4421,27.72456536,0,8104.580817,120.1341537,4372.125299,1385.818566,2828,0,538.7476075,192.3664323,3408.877048,574056.849,38.46114575,2352.730363,0,3318.799097,154.1056094,13128.59631,0.697875249,2210.898797,156.9067208,9162.935184,5198845.545,15189.68635,996.7937679,2241300,0,5555.414053,13.98768131,1411.842451,0,2252.097448,3559.983268,184956.4486,0,2170.728906,3174.930034,110769,30.22104814,726.3913056,0,2238.033939,414.9825049,16716.91462,4818.660025,43450.93655,922.8473627,10077.28255,0,2888.075891,0,4436.114023,990247.3137,2782.202404,0,2452.878543,2794.799977,39863,1714.827807,21435.49762,0,636.2301945,96289.78374,0,53.79318972,805.0851795,43227.02254,336.0893681,6132.152971,0,441.9574982,2200591.418,9659.965532,0,834.7142016,129.3060064,750.0511979,1218.856874,16752,73.15470323,1309.929888,7144.944364,245607.5073,15.34805225,4085,413.9540274,5163,6752.841508,107894.902,4271.932948,1714.300421,5029.469307,5148,20599.87817,347519.9692,1234.198917,15698.31299,0,587.9186269,169916,33.07049118,1787.486094,30001.50819,111.0018479,8625,235.2019655,2619.471443,3119.731483,48404,943.8240348,29598.75636,0,2276.963178,113369.4224,475.8060142,0,2692,3528.791931,2136,16540.62235,185130.6046,7671.563765,82994.12469,240.0170413,3117.329853,1791.055632,22212.9172,18891.68402,247996.8056,663.2111831,4041.688752
blk10,0,0,0,0,0,0,0,0,0,0,0,0,0,0,0,0,0,0,0,0,0,0,0,0,0,0,0,0,0,0,0,0,0,0,0,0,0,0,0,0,0,0,0,0,0,0,0,0,0,0,0,0,0,0,0,0,0,0,0,0,0,0,0,0,0,0,0,0,0,0,0,0,0,0,0,0,0,0,0,0,0,0,0,0,0,0,0,0,0,0,0,0,0,0,0,0,0,0,0,0,0,0,0,0,0,0,0,498,0,473,537,402.5305647,183,1445.240372,0,587.788134,9,0,151.2557074,764.2673814,1199,0,0,15390,0,0,2496,0,174.9342612,0,0,2.42590202,1184.488441,0,540.5572146,520903.2828,0,0,5518.850748,0,0,0,96.93985478,0,0,1714.469762,0,1546.875986,0,693.2543195,0,409,7337.458484,0,0,325.2736588,0,84061.37831,50,1377,0,0,129,2308.412811,56308.44834,0,848.1904178,0,0,0,0,0,0,446.215455,183,0,120.6072674,0,47237.6441,783.851237,0,0,0,5868.088038,0,20896,0,55.50988766,0,0,3.653137724,751.1946067,8593.379793,5920.04722,218.9907136,0,0,0,0,137.7148083,190,0,0,0,124.4375483,3226.042041,0,0,0,0,0,0,0,0,1.076397007,0,90120.53954,223.0069463,0,199290,190.5560971,349.557298,0,0,0,0,3.462224334,51.08823843,0,0,0,41,0,0,0,1.079095506,0,0,104.919278,577.3950648,0,192.9324545,0,0,0,1111.303716,23431.89224,0,0,0.541118428,0,43,0,628.5818192,0,0,884.1167824,0,0,0,110.4528373,0,145.9152669,0,0,142558.9259,153.9588789,0,264.6745263,0,2.741926847,0,21,43.19747183,0,0,211.2500081,0,17,16.80459298,25,1024.980314,18483.36859,0,148.3325155,0,42,325.4662861,3984.518281,0,728.5034162,0,0,4322,0,110.775087,557.2795154,88.92816897,13,0,0,135.4807768,272,0,0,0,0,1006.413417,0,0,1,0,83,340.1996827,4859.954159,0,0,0,0,0,283.0466177,0,528.5371355,0,0
M29- Skin 1974,0,0,0,0,0,0,0,0,0,0,0,0,0,0,0,0,0,0,0,0,0,0,0,0,0,0,0,0,0,0,0,0,0,0,0,0,0,0,0,0,0,0,0,0,0,0,0,0,0,0,0,0,0,0,0,0,0,0,0,0,0,0,0,0,0,0,0,0,0,0,0,0,0,0,0,0,0,0,0,0,0,0,0,0,0,0,0,0,0,0,0,0,0,0,0,0,0,0,0,0,0,0,0,0,0,0,0,49530,16820.85256,147089,764975,43409.81151,96807,866072.8292,3996.657173,13954.76309,3989,147255.6083,64142.4871,533278.6833,5596,0,1154.874195,197358,148.0276712,359.6084356,475931,1028.357446,4323.05998,0,920.3344613,161.5828642,8214.775322,0,60003.42248,25849276.09,119.5275628,8001.394624,696001.7452,1347.511633,0,1041.593003,3303.818306,107919.8873,635.5533427,7153.532914,664.0646641,9172.89545,4462.612392,60095.09683,458.3907735,7910,393.3846957,14319.28335,0,31562.36285,832.8936231,5951353.77,1776,136567,222.6753191,1615.378766,58763,91948.23232,1074240.118,2186.348874,15205.7456,488.5713463,6738.573323,0,2317.774913,288.3379017,8526.997383,2135.654181,36980,0,1646.724329,2541.34631,1616115.678,304.2556646,3625.446787,0,2352.598691,1803049.676,581.982757,512845,0,206.7571948,571.3936965,1221.849456,45072.10391,30741.61886,565205.0213,427230.5727,0,0,6294.174441,0,4095.878256,752.8816829,5034,0,1226.319693,411.8753772,5666.121856,745861.1139,279.3716666,1513.424242,0,6901.56257,1196.594336,18322.15914,0,2980.513066,340.5841618,7104.979625,6264078.111,20300.87851,1193.421959,2609311,66.29095566,8663.823961,80.48192439,2294.754278,322.4461653,2840.99804,4670.877793,162752.2434,0,2292.44383,2918.103669,100597,0,610.5543151,0,2150.011101,0,12114.40222,8682.16965,111760.7033,1259.671192,14410.92907,127.8477448,4718.320067,794.309588,4477.835217,1399623.022,3676.704255,0,1465.971486,3431.323226,44077,1560.196314,29944.0562,0,854.2059279,106863.6767,0,0,1334.767725,53803.63078,734.6489302,7397.021511,0,216.8801976,2892383.791,9802.913686,0,1693.03753,0,1195.084199,1286.527652,25370,346.7862956,3002.709441,7001.175123,246843.813,0,1989,0,9483,10197.63264,174197.8232,2524.579032,3450.462294,3300.796418,5862,30300.88697,424723.7572,2543.619997,29312.94414,0,1057.18255,273635,151.1941437,3180.50819,35892.86332,153.5521122,12171,353.9185393,3078.495933,3880.563852,69459,2125.328961,56285.33584,271.51333,2356.981731,201579.3211,1137.803299,274.0998111,6629,2462.995194,3334,19970.1154,333789.0163,11872.0885,134902.2931,312.0043241,5168.288177,3233.365908,37134.92906,34737.20931,455058.4003,1146.477759,6257.032513
M30- Skin 1975,0,0,0,0,0,0,0,0,0,0,0,0,0,0,0,0,0,0,0,0,0,0,0,0,0,0,0,0,0,0,0,0,0,0,0,0,0,0,0,0,0,0,0,0,0,0,0,0,0,0,0,0,0,0,0,0,0,0,0,0,0,0,0,0,0,0,0,0,0,0,0,0,0,0,0,0,0,0,0,0,0,0,0,0,0,0,0,0,0,0,0,0,0,0,0,0,0,0,0,0,0,0,0,0,0,0,0,29162,16424.09068,165367,520778,55083.88167,60172,902266.4667,4206.066275,14682.31374,4361,153958.719,67351.98978,580589.1102,32418,0,1041.874165,211085,229.6270763,287.1679774,375771,1080.778041,2565.905626,0,556.482492,277.5177939,8690.635384,168.9694985,52759.48857,26869544.49,88.85029932,5018.949268,518701.2893,1406.39664,0,1034.811008,2352.908337,90453.00072,834.3831261,6488.149826,918.9888012,10490.90298,4038.867292,60420.89388,148.9696089,23911,0,14124.44072,0,27255.26649,1285.799618,7474567.681,1243,114436,177.2284055,1820.519886,66939,99526.38448,1547034.943,2396.436803,24775.48184,371.9614194,6133.931385,0,3255.725337,686.6294668,13146.49524,2672.753191,64984,0,2961.907618,1998.649933,1466320.715,0,5278.257836,0,1956.853269,1895945.403,824.0872105,466002,0,0,509.9983433,657.427879,39457.02097,60672.87061,731793.722,322571.7436,545.6720753,0,8646.471052,299.913464,5141.861949,2649.882452,7092,234.3358963,789.8206099,171.8224639,6190.291887,610898.9639,99.90492325,295.5345915,0,8289.519287,1712.369069,18394.12984,0,2047.70481,0,6401.309991,7379504.04,14881.07455,1034.159725,2753180,412.242004,9413.789591,123.8223203,1770.317561,0,2899.409559,5495.068697,155561.6389,0,1483.264749,2694.080431,120245,111.8109034,398.3201069,137.0492643,589.1971633,360.9348756,15861.60379,6512.914455,112279.8044,1467.643391,17268.33632,181.409307,6754.940502,0,4912.347324,1299906.335,6224.871266,284.0030212,3366.543357,3902.559515,50531,2900.037513,26219.07938,0,1205.238226,90186.68224,122.9015986,1874.171475,1220.202808,49407.09978,1156.268411,12330.07355,0,499.8882258,2521663.11,10072.80404,106.9663029,1118.477398,0,261.2808494,2208.242468,26844,377.6561193,2405.496364,6173.503488,295324.7648,0,3907,147.6692474,4663,15320.98444,215342.1473,2590.935759,4021.115701,4802.363965,7915,37455.36531,514410.1361,1813.308833,18406.64083,99.58050804,804.6319448,213337,1430.22654,3031.217328,44312.6125,226.0500942,9487,413.7729052,4787.051521,6284.839207,78973,1750.374668,35500.44804,0,2253.001653,148503.9903,560.744601,276.8013331,6578,3118.655937,3979,23618.74128,320557.8159,6328.13065,83549.33564,204.58926,3894.981046,1879.56508,26725.12216,22149.00377,316352.5114,676.2538181,4074.917874
M31- Skin 1981,0,0,0,0,0,0,0,0,0,0,0,0,0,0,0,0,0,0,0,0,0,0,0,0,0,0,0,0,0,0,0,0,0,0,0,0,0,0,0,0,0,0,0,0,0,0,0,0,0,0,0,0,0,0,0,0,0,0,0,0,0,0,0,0,0,0,0,0,0,0,0,0,0,0,0,0,0,0,0,0,0,0,0,0,0,0,0,0,0,0,0,0,0,0,0,0,0,0,0,0,0,0,0,0,0,0,0,51745,16290.41022,165652,766737,53247.92939,99066,895608.6378,4229.435679,14114.75359,3865,132275.2758,60515.64827,528704.4282,23701,0,658.8908617,182368,230.6679816,0,407194,864.2248733,1497.149538,0,610.5283426,269.9722746,5003.082737,55.94107265,43410.25376,19848700.69,0,7210.17218,535990.275,885.5485557,0,1397.629182,2311.009989,84206.27734,1105.204396,6821.716039,962.2984229,12268.59502,2963.163254,39602.07746,0,4110,463.7775806,8635.656985,0,31568.68179,1259.588141,4871685.757,394,112255,0,1652.608422,51401,49922.27514,839826.3274,2019.33229,13378.76007,112.8034225,6734.352252,0,1474.490916,754.6447252,7711.591276,1709.490985,25474,0,1579.247869,1272.021955,1418500.605,0,3719.516433,137.166251,2400.334042,1436745.919,454.6062865,409888,0,256.7927061,334.5100873,324.696597,40264.74333,24642.22871,377974.3622,255490.0057,256.762509,0,6587.116756,357.829869,6343.670919,733.1414143,4242,0,1552.517488,556.9993243,4842.263646,449596.9654,30.9175174,2565.29442,0,4984.565793,191.8256273,10422.83867,0,1599.868466,0,6896.879172,6874413.339,16520.61468,689.9324131,2410262,0,2564.865042,0,1441.472355,0,2441.413257,3659.694107,145437.0692,0,753.6513656,2861.146565,95441,0,401.9308677,296.4539756,1773.838809,0,13978.196,5399.586619,81441.96922,1035.38617,11195.48042,103.5374104,4288.587392,374.2569218,5794.265419,1047416.96,1301.091746,0,2651.7452,1815.568564,36335,1463.883236,17694.27907,0,634.7190899,86350.95003,203.9310429,27.24068241,906.2102202,29029.73707,477.9245614,6028.489995,0,425.8952153,2313862.203,10365.03212,0,964.7387858,137.5004864,736.985828,845.5167089,18431,768.292668,1400.652427,7161.982017,297578.4056,127.8979048,2908,363.8377564,7163,8019.590634,117335.9009,1971.101044,1772.563765,2513.23882,6911,21751.96707,392149.4165,1892.590017,24967.47386,153.7613855,958.0790846,217767,146.7603917,2624.137015,27983.25587,250.7183663,9146,372.7179185,3647.686544,4143.16144,48390,1800.304236,50042.51349,0,2254.482245,181726.134,974.3915902,237.4678597,4507,2019.3632,2914,17044.14014,294756.9576,10781.13095,137265.6395,226.3144847,4641.58895,2541.124081,33107.17824,29774.47489,416528.6803,575.0237387,5482.800115
blk11,0,0,0,0,0,0,0,0,0,0,0,0,0,0,0,0,0,0,0,0,0,0,0,0,0,0,0,0,0,0,0,0,0,0,0,0,0,0,0,0,0,0,0,0,0,0,0,0,0,0,0,0,0,0,0,0,0,0,0,0,0,0,0,0,0,0,0,0,0,0,0,0,0,0,0,0,0,0,0,0,0,0,0,0,0,0,0,0,0,0,0,0,0,0,0,0,0,0,0,0,0,0,0,0,0,0,0,56,708.619431,418,854,0,459,414.1777408,0,533.2066865,11,269.5449527,79.32329172,918.1268555,1468,0,0,17045,0,0,9522,0,0,0,0,0.208914088,1396.128035,0,1943.148117,399282.7251,0,0,4799.54187,0,0,0,0,103.6586575,220.6255118,492.1407133,0,1187.671627,196.9473971,995.4360014,0,305,6763.72936,269.3379063,0,412.1110815,0,90848.60726,65,3210,0,0.442323147,48,3713.999699,57621.89004,0,785.0428684,0,521.8520246,0,438.4843829,0,52.50811227,27.62887459,278,0,0,197.3590882,45148.02253,756.9281249,0,0,0,10095.19025,0,19586,2.183834873,0,4.830787094,0,0,848.0295889,6664.939957,6298.261,346.8688694,1.826292246,0,0,2.039364052,0,67,0,2.046040313,0,280.9362843,3555.280636,0,0,0,0,0,0,0,0,0,0,68280.68757,0,0.441885862,204420,0,323.7478079,0,0,0,3.440620335,0,131.7634592,0,0,0.709940213,134,0,0,0,0,0,0,0,378.0801627,0,0,0,329.7868672,114.1011296,310.2821475,31307.26434,0,1.534337821,0,0.509315664,291,0,617.9030063,0,0,764.8734327,0,0,0,0,0,506.9067528,0,1.896632309,131979.7688,30.89962069,0,266.531094,0,0,0,40,0,0,0,255.7854587,0,48,0.281856432,0,1188.366374,13816.10545,0,326.3638788,0,86,192.2141689,4538.347258,0,1058.827817,0,0,5390,437.2710168,0,654.6055872,0,64,0,121.5468305,0,261,0,0,0,0,876.1702551,0,2.530639757,35,0,120,768.1963307,6374.832437,0,223.8648635,0.08285991,0,0,403.9499598,0,847.2448763,0,0
M32- Skin1982,0,0,0,0,0,0,0,0,0,0,0,0,0,0,0,0,0,0,0,0,0,0,0,0,0,0,0,0,0,0,0,0,0,0,0,0,0,0,0,0,0,0,0,0,0,0,0,0,0,0,0,0,0,0,0,0,0,0,0,0,0,0,0,0,0,0,0,0,0,0,0,0,0,0,0,0,0,0,0,0,0,0,0,0,0,0,0,0,0,0,0,0,0,0,0,0,0,0,0,0,0,0,0,0,0,0,0,48171,20281.77828,166307,883545,50549.0432,106204,926770.4949,4338.866596,14478.72438,4380,167582.5854,70870.15169,650047.8589,12953,0,1232.488204,252631,483.2084633,280.9900295,490199,1171.271466,8730.12824,0,748.0081806,0,6392.478597,309.8665252,67785.64137,29228783.34,0,5450.989373,731236.635,1135.010913,0,1039.338272,1860.325708,66069.72497,398.4983205,7832.660545,230.4183348,11769.92266,3476.241081,47304.90461,505.2130315,15828,336.4839546,19859.83517,270.6099005,38228.06633,2017.231866,8952728.666,2244,135001,0,1300.756584,60475,87980.80642,1052693.085,1944.310625,8274.521758,277.6936179,5735.826402,171.4981916,2625.133969,806.074164,11321.38922,2715.631467,57253,0,2448.842373,2258.556689,2029717.19,102.6005065,4847.583737,238.7980483,2624.287185,2700206.442,993.7320504,595517,124.5425922,349.2050622,433.2849229,797.5392009,48364.90608,54787.67302,946448.1992,429662.4148,469.1213146,0,7576.033396,0,5567.644755,3843.09382,9822,0,1272.390785,794.0624669,4014.755745,745198.9734,320.1251983,1584.73739,0,8560.01843,667.7215484,15591.50095,0,1776.370635,0,9764.68544,10071945.39,17792.43543,472.6393457,3634371,53.2689977,10287.99835,154.7830836,2035.192475,0,2091.259715,2712.874203,148965.3823,0,2565.286909,1729.413976,100829,0,388.6929386,0,1439.707615,387.2959294,16420.06808,7189.282805,89171.46531,743.1144711,12196.23703,0,4646.678865,177.7185291,4617.771661,1811008.31,5033.716532,0,2727.368876,2790.746313,56630,2572.101477,29677.79435,0,445.6898114,119298.3904,0,0,1780.767808,50571.74948,532.7750302,7400.968199,0,583.7545098,2950440.366,9754.956617,0,1985.835229,0,901.3025147,493.8013092,19246,237.3369787,2064.673551,5800.11663,252170.1582,111.1349763,3124,187.5896024,5559,14729.93348,149382.5043,3677.757244,3563.699643,5432.335498,8165,37373.93543,609948.8492,1774.504242,23590.6027,0,944.4671763,278873,82.39206615,3302.439355,40751.86197,437.9674354,11577,290.7641843,3404.280453,5056.861143,52446,1610.780696,41729.52509,180.188514,2840.86024,203216.7031,1211.057977,185.5453849,5600,4139.094579,3649,26301.53841,318697.1879,11060.41607,128514.0706,432.25036,5085.100208,2702.694552,36578.66737,35552.009,414265.3394,971.6294408,6205.922717
M23-34 QC Skin4,0,0,0,0,0,0,0,0,0,0,0,0,0,0,0,0,0,0,0,0,0,0,0,0,0,0,0,0,0,0,0,0,0,0,0,0,0,0,0,0,0,0,0,0,0,0,0,0,0,0,0,0,0,0,0,0,0,0,0,0,0,0,0,0,0,0,0,0,0,0,0,0,0,0,0,0,0,0,0,0,0,0,0,0,0,0,0,0,0,0,0,0,0,0,0,0,0,0,0,0,0,0,0,0,0,0,0,79,413.9501324,202,1356,80.27318277,134,1499.572937,0,487.4231499,22,251.4636046,91.25537945,828.7254628,1075,0,0,14895,0,0,9389,0,139.1618974,0,0,0.219872892,1132.052869,0,1741.953646,465400.312,53.86946801,0,5276.797565,0,0,0,48.25260297,0,0,579.7024355,47.84809569,320.2992427,0,1001.287858,0,68,5242.839627,133.9183601,0,726.3266706,0,64505.76529,77,4586,0,0,226,3635.112234,55550.26162,0,598.3012113,0,487.9492777,0,41.37508145,0,0,259.6092261,130,0,0,0,49719.40717,131.9885044,0,0,0,8225.834538,0,17110,0,0,25.1262519,0,0,620.0797455,11547.52122,6682.320842,51.54803848,0,2.382961599,1.673016841,0,0,106,0,0,0,0,962.9640523,0,0,0,0,0,0,0,0,0,6.289751513,69445.25812,0,0,196947,129.6546849,1093.984911,0,111.4403979,1.354648719,0,18.52022171,266.7347934,0,0,0,9,0,2.940767469,4.489598783,0,0,0.839812917,0,949.7721344,0,192.515878,0,199.8680728,0,266.8733055,35229.49626,0,0,0,0,21,0,270.4602678,0,1.523309135,1921.445161,0,0,0,0.976432495,0,512.4526696,0,0,75892.8021,0,0,404.6454923,0,0,0,25,156.3969489,0.988782257,0,554.9578297,0,3,1.383699163,0,226.9129878,13852.20793,135.6913483,431.782506,0,38,54.49511329,3810.756075,0,1077.958214,0,22.75348056,5458,0,0,349.0742823,0,56,0,0,55.31110077,161,0,0,0,0,1321.066034,0,0,19,40.35685885,74,310.2293127,5957.199761,0,0,33.06221539,0,78.66541934,292.207383,0,950.1847349,0,18.39882075
M23-34 QC Skin5,0,0,0,0,0,0,0,0,0,0,0,0,0,0,0,0,0,0,0,0,0,0,0,0,0,0,0,0,0,0,0,0,0,0,0,0,0,0,0,0,0,0,0,0,0,0,0,0,0,0,0,0,0,0,0,0,0,0,0,0,0,0,0,0,0,0,0,0,0,0,0,0,0,0,0,0,0,0,0,0,0,0,0,0,0,0,0,0,0,0,0,0,0,0,0,0,0,0,0,0,0,0,0,0,0,0,0,315,0,188,431,433.233803,307,1132.400632,0,256.9790768,9,194.8994178,159.297834,933.4431562,1605,0,0,18271,0,211.4141604,8495,0,201.3451741,0,0,0,1241.6726,0,838.6128855,491609.8873,0,0,4150.711508,0,64.65392267,0,0,197.147501,0,1342.387261,0,794.1670978,96.0509813,811.5145351,0,289,7375.640347,242.1483479,0,467.5467928,0,71399.74304,47,5202,0,0,19,4402.764862,45266.93277,131.8390304,478.3968386,0,366.9998161,0,0,0,0,301.9921131,130,0,0,0,42517.83563,261.9513224,274.1334793,0,0,6949.484596,0,19195,0,0,1.440051378,0,0,472.3109936,4014.315833,6585.65327,103.410772,0,0,0,0,0,48,0,0,0,0,3998.587539,0,0,0,0,0,70.83610169,0,0,0,0,103554.281,0,0,175959,0,388.1483514,0,0,1.706357189,0,1.538906492,606.7805184,0,0,0,1,0,15.22919064,0,0,0,0,0,236.6157829,0,0,0,0,127.389305,1106.15017,29951.42467,0,0.8858503,0,0.345922844,373,0,742.2028336,0,0.684014748,819.1614477,6.266472346,0,0,0,0,59.45604258,0,0.699991389,74263.82437,62.82804979,0,248.1701975,0,0,3.699005083,0,0,0,0,114.6816041,0,45,0.530599525,2,795.0884947,16255.54032,0,26.82936321,0,48,417.496088,3948.018337,0,832.763456,0,0,5548,0,0,516.5089611,0,0,0.578142982,4.064326616,343.8375259,1586,0,0,0.833666805,0,989.8376684,0,0,12,0,113,844.8282673,5253.427055,0,0,0,0,0,329.3637791,0,780.571318,0,21.90166367
blk12,0,0,0,0,0,0,0,0,0,0,0,0,0,0,0,0,0,0,0,0,0,0,0,0,0,0,0,0,0,0,0,0,0,0,0,0,0,0,0,0,0,0,0,0,0,0,0,0,0,0,0,0,0,0,0,0,0,0,0,0,0,0,0,0,0,0,0,0,0,0,0,0,0,0,0,0,0,0,0,0,0,0,0,0,0,0,0,0,0,0,0,0,0,0,0,0,0,0,0,0,0,0,0,0,0,0,0,71,432.2778383,379,1338,0,562,1067.453432,0,93.03300411,4,157.5124966,0,674.1913217,524,0,136.7456941,14584,0,0,8972,0,0,0,0,0,1157.197038,0,1042.887716,352562.8245,0,0,3654.392946,0,514.6904985,152.6537094,552.5635181,0,0,680.1894803,0,37.30910819,0,635.4016413,0,144,10104.53345,201.3820133,0,1453.026745,0,71274.60605,6,626,0,168.3929683,171,2097.070263,46362.81033,115.9087749,609.6898069,0,309.0724717,0,469.8633489,0,0,0,80,0,0,0,37878.97651,838.1336637,0,0,0,7147.290833,0,15383,0,0,0.638742842,0,0,478.9834333,4005.035744,3845.815235,0,0,0,0.102451338,0,0,162,2.500897358,128.3186401,0,0,5425.413867,0,1.299108563,0,0,0,4.097341177,1.463188272,0,0,0,61230.0215,0,0,186509,153.4200762,332.505569,0,0,1.220552674,0,0,225.1937619,0,0.614902449,0,22,1.617779641,0,0,0,0,1.445439534,0,1799.882891,0,28.24751799,0,0,0,445.671633,29673.40465,0,0,0,0,184,0,127.4816969,0,0,968.3844519,0,0,0.72332067,0,0,17.11216998,0,0,67657.76039,91.0982536,0,308.0953693,54.71827495,0,28.09815747,156,0,0,0,546.3854357,0,0,0.336432433,35,867.0513428,13378.50916,0,167.4981362,0,47,75.86345142,3102.856924,0,642.6315739,0,0,5322,35.30009543,0,195.7718948,0.308859331,0,0,0,0,250,0,0,0,0,1171.586809,0,0,8,0,22,462.5785897,5639.439887,0,0,0,0,0,214.620131,0,342.3405903,0,0
