Sample,C1P d18:1/C16:0 Results,Cer d16:1/C22:1(-H20) Results,Cer d16:1/C22:1 Results,Cer d16:1/C25:1(-H20) Results,Cer d16:1/C25:1 Results,Cer d16:1/C26:1(-H20) Results,Cer d16:1/C26:1 Results,Cer d18:0/C22:1(-H20) Results,Cer d18:0/C22:1 Results,Cer d18:0/C23:1(-H20) Results,Cer d18:0/C23:1 Results,Cer d18:0/C25:1(-H20) Results,Cer d18:0/C25:1 Results,Cer d18:0/C26:1(-H20) Results,Cer d18:0/C26:1 Results,Cer d18:1/C14:1(-H20) Results,Cer d18:1/C14:1 Results,Cer d18:2/C20:1(-H20) Results,Cer d18:2/C20:1 Results,DHCer d16:1/C16:0(-H20) Results,DHCer d16:1/C16:0 Results,DHCer d18:1/C14:0(-H20) Results,DHCer d18:1/C14:0 Results,DHCer d18:1/C22:1(-H20) Results,DHCer d18:1/C22:1 Results,DHCer d18:2/C16:0(-H20) Results,DHCer d18:2/C16:0 Results,DHCer d18:2/C18:1(-H20) Results,DHCer d18:2/C18:1 Results,GM3 d16:1/C14:0 Results,GM3 d16:1/C16:0 Results,GM3 d16:1/C18:0 Results,GM3 d16:1/C20:0 Results,GM3 d16:1/C22:0 Results,GM3 d16:1/C24:0 Results,GM3 d16:1/C24:1 Results,GM3 d18:1/C14:0 Results,GM3 d18:1/C20:0 Results,GM3 d18:2/14:0 Results,GM3 d18:2/16:0 Results,GM3 d18:2/24:0 Results,MHCer d16:1/C16:0(-H20) Results,MHCer d16:1/C16:0 Results,MHCer d16:1/C20:0(-H20) Results,MHCer d16:1/C20:0 Results,MHCer d16:1/C22:0(-H20) Results,MHCer d16:1/C22:0 Results,MHCer d16:1/C22:1(-H20) Results,MHCer d16:1/C22:1 Results,MHCer d16:1/C23:0(-H20) Results,MHCer d16:1/C23:0 Results,MHCer d16:1/C23:1(-H20) Results,MHCer d16:1/C23:1 Results,MHCer d16:1/C24:0(-H20) Results,MHCer d16:1/C24:0 Results,MHCer d16:1/C24:1(-H20) Results,MHCer d16:1/C24:1 Results,MHCer d16:1/C26:0(-H20) Results,MHCer d16:1/C26:0 Results,MHCer d18:0/C16:0(-H20) Results,MHCer d18:0/C16:0 Results,MHCer d18:0/C22:1(-H20) Results,MHCer d18:0/C22:1 Results,MHCer d18:2/C16:1(-H20) Results,MHCer d18:2/C16:1 Results,MHCer d18:2/C25:0(-H20) Results,MHCer d18:2/C25:0 Results,SM C34:0 Results,SM C36:0 Results,SM C38:0 Results,SM C40:0 Results,SM C42:0 Results,SM d18:0/C16:0 Results,SM d18:0/C18:0 Results,SM d18:0/C20:0 Results,SM d18:0/C22:0 Results,SM d18:0/C24:0 Results,Sphd16:1 Results,Sphd18:2 Results,Sphd18:1-D7 (ISTD) Results,Sphd18:1 Results,Sphd18:0 Results,Sphd18:0-D7 (ISTD) Results,SM C24:1 (ISTD) Results,SM d18:1/C6:0 (ISTD) Results,C1P d18:1/C8:0 (ISTD) Results,MHCer d18:1/C8:0 (ISTD)(-H20) Results,MHCer d18:1/C8:0 (ISTD) Results,Cer d18:1/C8:0 (ISTD)(-H20) Results,Cer d18:1/C8:0 (ISTD) Results,SM C30:1 Results,SM d18:1/C12:0 Results,SM C32:2 Results,SM d18:2/C14:0 Results,GM3 d18:1/C16:0 Results,GM3 d18:2/18:0 Results,SM C32:1 Results,SM d16:1/C16:0 Results,SM d18:1/C14:0 Results,SM C34:2 Results,SM d18:2/C16:0 Results,GM3 d18:1/C18:0 Results,MHCer d18:1/C14:0(-H20) Results,MHCer d18:1/C14:0 Results,GM3 d18:2/20:0 Results,MHCer d18:2/C16:0(-H20) Results,MHCer d18:2/C16:0 Results,Cer d18:2/C14:0(-H20) Results,Cer d18:2/C14:0 Results,DHCer d18:1/C16:0(-H20) Results,DHCer d18:1/C16:0 Results,SM C34:1 Results,SM d16:1/C18:0 Results,SM d18:1/C16:0 Results,MHCer d18:1/C16:1(-H20) Results,MHCer d18:1/C16:1 Results,SM C36:2 Results,SM d18:2/C18:0 Results,GM3 d18:2/24:1 Results,MHCer d18:1/C16:0(-H20) Results,MHCer d18:1/C16:0 Results,GM3 d18:2/22:0 Results,Cer d16:1/C16:0(-H20) Results,Cer d16:1/C16:0 Results,Cer d18:1/C14:0(-H20) Results,Cer d18:1/C14:0 Results,Cer d18:2/C16:0(-H20) Results,Cer d18:2/C16:0 Results,Cer d18:2/C18:1(-H20) Results,Cer d18:2/C18:1 Results,DHCer d18:1/C18:0(-H20) Results,DHCer d18:1/C18:0 Results,Cer d18:1/C16:1(-H20) Results,Cer d18:1/C16:1 Results,GM3 d18:1/C22:0 Results,GM3 d18:1/C24:1 Results,SM C36:1 Results,SM d16:1/C20:0 Results,SM d18:1/C18:0 Results,MHCer d18:1/C18:1(-H20) Results,MHCer d18:1/C18:1 Results,SM C38:2 Results,SM d18:2/C20:0 Results,MHCer d18:0/C16:1(-H20) Results,MHCer d18:0/C16:1 Results,MHCer d18:1/C18:0(-H20) Results,MHCer d18:1/C18:0 Results,Cer d18:1/C16:0(-H20) Results,Cer d18:1/C16:0 Results,Cer d18:0/C16:0(-H20) Results,Cer d18:0/C16:0 Results,MHCer d18:2/C20:0(-H20) Results,MHCer d18:2/C20:0 Results,Cer d16:1/C18:0(-H20) Results,Cer d16:1/C18:0 Results,Cer d18:1/C18:1(-H20) Results,Cer d18:1/C18:1 Results,Cer d18:2/C18:0(-H20) Results,Cer d18:2/C18:0 Results,DHCer d18:1/C20:0(-H20) Results,DHCer d18:1/C20:0 Results,GM3 d18:1/C24:0 Results,DHCer d18:2/C24:1(-H20) Results,DHCer d18:2/C24:1 Results,DHCer d18:2/C22:0(-H20) Results,DHCer d18:2/C22:0 Results,MHCer d18:1/C20:1(-H20) Results,MHCer d18:1/C20:1 Results,SM C38:1 Results,SM d16:1/C22:0 Results,SM d18:1/C20:0 Results,SM C40:2 Results,SM d16:1/C24:1 Results,SM d18:1/C22:1 Results,SM d18:2/C22:0 Results,MHCer d18:2/C22:1(-H20) Results,MHCer d18:2/C22:1 Results,SM C42:3 Results,SM d18:2/C24:1 Results,MHCer d18:1/C20:0(-H20) Results,MHCer d18:1/C20:0 Results,Cer d16:1/C20:0(-H20) Results,Cer d16:1/C20:0 Results,MHCer d18:2/C24:1(-H20) Results,MHCer d18:2/C24:1 Results,Cer d18:1/C18:0(-H20) Results,Cer d18:1/C18:0 Results,MHCer d18:2/C22:0(-H20) Results,MHCer d18:2/C22:0 Results,Cer d18:0/C18:0(-H20) Results,Cer d18:0/C18:0 Results,SM C41:2 Results,SM d18:1/C23:1 Results,SM d18:2/C23:0 Results,SM C39:1 Results,SM d16:1/C23:0 Results,DHCer d18:1/C22:0(-H20) Results,DHCer d18:1/C22:0 Results,DHCer d18:1/C24:1(-H20) Results,DHCer d18:1/C24:1 Results,Cer d18:2/C20:0(-H20) Results,Cer d18:2/C20:0 Results,Cer d18:2/C22:1(-H20) Results,Cer d18:2/C22:1 Results,DHCer d18:2/C24:0(-H20) Results,DHCer d18:2/C24:0 Results,Cer d18:1/C20:1(-H20) Results,Cer d18:1/C20:1 Results,MHCer d18:1/C22:1(-H20) Results,MHCer d18:1/C22:1 Results,MHCer d18:2/C23:0(-H20) Results,MHCer d18:2/C23:0 Results,SM C42:2 Results,SM d18:1/C24:1 Results,SM d18:2/C24:0 Results,SM C40:1 Results,SM d16:1/C24:0 Results,SM d18:1/C22:0 Results,Cer d18:2/C23:1(-H20) Results,Cer d18:2/C23:1 Results,DHCer d18:1/C23:0(-H20) Results,DHCer d18:1/C23:0 Results,MHCer d18:0/C24:1(-H20) Results,MHCer d18:0/C24:1 Results,MHCer d18:1/C22:0(-H20) Results,MHCer d18:1/C22:0 Results,MHCer d18:0/C22:0(-H20) Results,MHCer d18:0/C22:0 Results,MHCer d18:1/C24:1(-H20) Results,MHCer d18:1/C24:1 Results,MHCer d18:1/C23:1(-H20) Results,MHCer d18:1/C23:1 Results,MHCer d18:2/C24:0(-H20) Results,MHCer d18:2/C24:0 Results,Cer d18:1/C20:0(-H20) Results,Cer d18:1/C20:0 Results,Cer d18:0/C20:0(-H20) Results,Cer d18:0/C20:0 Results,Cer d16:1/C24:1(-H20) Results,Cer d16:1/C24:1 Results,Cer d18:1/C22:1(-H20) Results,Cer d18:1/C22:1 Results,DHCer d18:1/C24:0(-H20) Results,DHCer d18:1/C24:0 Results,Cer d16:1/C22:0(-H20) Results,Cer d16:1/C22:0 Results,Cer d18:2/C24:1(-H20) Results,Cer d18:2/C24:1 Results,Cer d18:2/C22:0(-H20) Results,Cer d18:2/C22:0 Results,SM C41:1 Results,MHCer d18:1/C23:0(-H20) Results,MHCer d18:1/C23:0 Results,SM C43:2 Results,SM d18:1/C25:1 Results,SM d18:2/C25:0 Results,MHCer d18:0/C23:0(-H20) Results,MHCer d18:0/C23:0 Results,Cer d18:1/C23:1(-H20) Results,Cer d18:1/C23:1 Results,Cer d16:1/C23:0(-H20) Results,Cer d16:1/C23:0 Results,MHCer d18:0/C24:0(-H20) Results,MHCer d18:0/C24:0 Results,Cer d18:2/C25:1(-H20) Results,Cer d18:2/C25:1 Results,Cer d18:2/C23:0(-H20) Results,Cer d18:2/C23:0 Results,SM C42:1 Results,SM d18:1/C24:0 Results,MHCer d18:1/C24:0(-H20) Results,MHCer d18:1/C24:0 Results,MHCer d18:1/C25:1(-H20) Results,MHCer d18:1/C25:1 Results,Cer d18:0/C24:1(-H20) Results,Cer d18:0/C24:1 Results,Cer d18:1/C24:1(-H20) Results,Cer d18:1/C24:1 Results,Cer d18:1/C22:0(-H20) Results,Cer d18:1/C22:0 Results,Cer d18:0/C22:0(-H20) Results,Cer d18:0/C22:0 Results,SM d18:1/C23:0 Results,Cer d16:1/C24:0(-H20) Results,Cer d16:1/C24:0 Results,Cer d18:2/C24:0(-H20) Results,Cer d18:2/C24:0 Results,MHCer d18:1/C25:0(-H20) Results,MHCer d18:1/C25:0 Results,Cer d18:2/C26:1(-H20) Results,Cer d18:2/C26:1 Results,SM C43:1 Results,SM d18:1/C25:0 Results,MHCer d18:1/C26:1(-H20) Results,MHCer d18:1/C26:1 Results,Cer d18:1/C23:0(-H20) Results,Cer d18:1/C23:0 Results,Cer d18:1/C25:1(-H20) Results,Cer d18:1/C25:1 Results,Cer d18:0/C23:0(-H20) Results,Cer d18:0/C23:0 Results,MHCer d18:1/C26:0(-H20) Results,MHCer d18:1/C26:0 Results,Cer d18:2/C25:0(-H20) Results,Cer d18:2/C25:0 Results,Cer d18:1/C26:1(-H20) Results,Cer d18:1/C26:1 Results,SM C44:1 Results,SM d18:1/C26:0 Results,Cer d18:1/C24:0(-H20) Results,Cer d18:1/C24:0 Results,Cer d18:0/C24:0(-H20) Results,Cer d18:0/C24:0 Results,Cer d16:1/C26:0(-H20) Results,Cer d16:1/C26:0 Results,Cer d18:2/C26:0(-H20) Results,Cer d18:2/C26:0 Results,Cer d18:0/C25:0(-H20) Results,Cer d18:0/C25:0 Results,Cer d18:1/C25:0(-H20) Results,Cer d18:1/C25:0 Results,Cer d18:1/C26:0(-H20) Results,Cer d18:1/C26:0 Results,Cer d18:0/C26:0(-H20) Results,Cer d18:0/C26:0 Results
blk1,0,0,0,0,0,0,0,0,0,0,0,0,0,0,0,0,0,0,0,0,0,0,0,0,0,0,0,0,0,0,0,0,0,0,0,0,0,0,0,0,0,0,0,0,0,0,0,0,0,0,0,0,0,0,0,0,0,0,0,0,0,0,0,0,0,0,0,0,0,0,0,0,0,0,0,0,0,77,160.4173939,8377.41781,6806.596879,62,3519.645265,7188.690473,0,518.6590183,0,459.2998768,163.9753638,1179.662511,0,0,0,0,15,0,1599.171103,0,0,1774.731984,0,0,0,91.41201061,0,0,41,0,0,0,0,52612.56843,0,203.4783069,0,0,127.0850039,0,0,192.4171377,391.062203,5.281048055,0,0,0,0,0,174.6943877,0,0,0,94.22039054,0,533,0,0,2756.774804,0,0,0,0,511,0,0,0,0,211.4118575,858.5797732,8346.653705,0,0,1.226462205,0,0,0,0,0.415347266,0,79,0,0,0,0,0,0,0,0,0,4510.545026,0,0,2988,0,0,0,0,0,1638.423349,0,0,0,0,205.6476593,0.814143839,0,0,2767.045041,0,0,0,0,702.4626333,0,0,2120.997525,0,0,0,0,0,0.951581795,0,0,0,0.712481219,0,0,0,0,0,0,1.723703906,31539.59824,0,0,35854,0,0,0,0,0,0,0,0,0,2355.115252,0,0,164.9219695,2901.15328,0,117.5857376,0,14.2293007,0,283.7795752,0,0,2.453001587,0,0,0,0,216.6247767,0,1857.604617,0,0,0,190.0939946,7851.114199,0,482.2781992,161.2101623,0,0,0,0,0,30.01551868,0,0,0,48,0,0.443931741,0,37.88646852,8951.984228,0,0,1369.66634,0,0,11.52033121,47,0,674.8344232,0,1419.895947,0,0,276.6053806,0,333.6521111,0,525.8377553,0,45,0,0,276,56.37959172,0,0,184.0377814,242.0345743,1.49064518,0,79.41694435,23,0,0,0,0,0,0,356.8609872,0,205.3630399,1671.668883,0,12,0,0,0,0,0,0,0,0,0,286.7498067,354.898047,0
blk2,0,0,0,0,0,0,0,0,0,0,0,0,0,0,0,0,0,0,0,0,0,0,0,0,0,0,0,0,0,0,0,0,0,0,0,0,0,0,0,0,0,0,0,0,0,0,0,0,0,0,0,0,0,0,0,0,0,0,0,0,0,0,0,0,0,0,0,0,0,0,0,0,0,0,0,0,0,46,146.0311704,9566.610189,11501.10145,55,3757.249072,8713.623346,21.47537781,233.8948916,0,543.4156414,0,859.7469002,0,0,0,0,13,0,2136.402879,0,0,1520.438476,0,0,185.7028748,0,0,0,12,0,0,0,137.567979,52358.96602,0,277.8766998,0,177.3113801,620.4951704,0,0,113.823718,549.8512521,0,0,0,0,255.9053146,0,212.8556087,0,0,0,166.0413721,0,394,0,0,3749.198935,0,0,0,0,239,0,0,0,0,156.8732614,837.9799923,7468.923225,0,302.7949656,1.697665621,0,0,0,0,0,0,47,2.576733252,0,0,0,0,0.994477627,0,0,0,2756.634589,0,0,619,0,0,0,0,2.469754509,306.6353514,0,0,0,0,0,0.530367769,93.22284026,460.9044393,2056.417,0,0,50.15544359,37,474.3689885,0,0,328.5281378,253.1220672,0,0,0,0,0,0,0,0,0,0,0,0,0,0,0,0,22065.25254,0,0,23676,38.90839061,0,0,0,0,0,0,270.2129766,0,674.4925091,0.289428502,0,0,6434.054136,0,0,0,1.767805523,0,111.3529229,0,0,0,0,0,0,0,21.96651369,0,1593.101877,46.43172753,59.74645141,0,288.3688236,6096.538079,0,638.9092513,662.5022199,0,0,0,0,0,52.24821564,0,103.5373297,0,39,0,32.23620133,0,0,5383.004711,0,32.14632882,673.7132845,0,0,0,67,0,346.0978244,0,1122.544023,0,0,0,0,237.7926316,0,0,0,46,0,0,329,426.0860002,0,0,0,97.94967023,0,0,39.27504491,50,41.67557675,0,0,0,0,0,356.2087889,0,153.5559526,1272.612582,0,25,0,0,0,0,0,0,0,247.1251685,0,0,219.145463,0
blk3,0,0,0,0,0,0,0,0,0,0,0,0,0,0,0,0,0,0,0,0,0,0,0,0,0,0,0,0,0,0,0,0,0,0,0,0,0,0,0,0,0,0,0,0,0,0,0,0,0,0,0,0,0,0,0,0,0,0,0,0,0,0,0,0,0,0,0,0,0,0,0,0,0,0,0,0,0,38,491.4594166,13441.67652,15624.39952,318,6491.601381,12112.06252,0,260.7790164,0,670.6004429,310.1287626,1108.60839,0,0,0,0,80,0,1515.012227,0,0,1944.006341,0,0,82.36320499,0,11.82331876,0,0,0,0,0,0,46614.22082,0,0,0,119.3251417,254.2516323,0,0,0,331.097826,4.493259793,0,0,0,0,0,0,0,0.251758238,0,238.7847911,0,875,0,0,2552.081057,0,0,0,0,20,0.234363555,0,10.41935669,0,0,373.1919206,4195.009344,0,0,0,0,46.96971933,0,0,111.3864128,0.417419571,42,0,0,0,0,1,0,0,0.33620288,0,1946.781401,0,0,855,0,0,2.436993814,0,0.895671621,660.0097323,0,0,41.97299492,0.491254016,194.1644639,0,0,0,1808.732131,0,0,0,64,159.4538727,0,0,324.1489399,0,0,0,0,0,0,0,0,0,0,0,0,0,0,125.6579229,0,0,14913.21387,0,0,24487,51.23523728,0,0,0,0,0,0,0,0,929.6620394,0,0,0,1658.154389,0,0,0,0,0,0,122.8684355,0,0,0,0,0,0,0,0,749.1554588,1.884906532,140.1105506,198.8283768,0,4441.261886,1.000102256,503.0092037,90.63476428,0,0,0,0,0,32.53333784,0,52.74594831,0,34,1.135158582,1.013186415,0,2.336532862,1022.925029,0,31.90633842,281.4166243,0,0,31.64068989,0,0,189.2269768,0,563.1643486,0,0,186.5032016,0,0,0,0,0,85,0,0.263212695,238,398.8095928,0,0,0,506.0732609,0,18.11664209,43.2070084,29,0,0,0,0,0,0,34.86743625,0,0,470.5705302,0,14,0,0,0.225728754,0,0,0,0,0,0,188.5654851,0,0
SL std mix1,0,0,0,0,0,0,0,0,0,0,0,0,0,0,0,0,0,0,0,0,0,0,0,0,0,0,0,0,0,0,0,0,0,0,0,0,0,0,0,0,0,0,0,0,0,0,0,0,0,0,0,0,0,0,0,0,0,0,0,0,0,0,0,0,0,0,0,0,0,0,0,0,0,0,0,0,0,217,361.997523,168818.6156,804.8666335,114,52168.79043,854462.678,4162.9811,14194.49464,4397.767838,148112.2665,83839.64179,594963.3172,72.02333782,0,0,0,21,0,2074.604532,0,0,1689.710725,0,0,0,0,0,0,48,0,0,0,465.1040157,42680.31513,0,0,0,0,85.0882289,0,0,0,0,0,0,557.815635,0,315.786559,0,645.7511472,0,0,0,0,0,47,0,0,8100.092389,245.4088876,0,0,0,746,0,0,0,0,456.393369,362.461354,11207.91667,0,123.6190137,0,0.799087514,0,0,0,0,241.4237574,113,0.472560942,0,0,0,0,0,0,0,0,5438.993151,0,0,3823,0,52.63054079,1.932910246,0,0,4789.058658,0,0,216.0841053,121.82032,0,0,0,285.370381,4069.950353,0,0,0,72,2268.648421,0,0,4315.637456,138.5006947,0,188.5143034,0,0,0,0,0,0,0,0,0,0,0,0,0,0,20090.13001,0,0,6436,0,0,0,0,0,0,0,0,0,1478.437407,0,0,0,1217.414961,123.6984818,0,0,0,115.1247587,1391.052245,0,0,0,85.63205331,0,35.12984043,0,0,0,4574.981335,0,0,0,256.4254822,15489.76533,0,266.5981603,528.7777261,317.2108221,88.08758551,0,0,0,121.9979029,0,0,0,65,0,0,0,0,30437.7723,76.72415708,191.3076975,953.916238,0,0,0,42,170.9831813,1035.377913,184.6621468,6522.762767,0,169.947655,273.2019281,0,654.8005647,0,338.2028497,86.91623267,13,0,0,595,61.12873924,0,0,82.50157047,1035.486883,0,0,78.27647739,38,158.0972827,0,0,91.9292509,0,83.11074472,0,0,190.7152981,5560.377021,0,30,0,152.0763206,0,77.69097458,0,0,0,275.2004097,0,701.7685485,0,0
SL std mix2,0,0,0,0,0,0,0,0,0,0,0,0,0,0,0,0,0,0,0,0,0,0,0,0,0,0,0,0,0,0,0,0,0,0,0,0,0,0,0,0,0,0,0,0,0,0,0,0,0,0,0,0,0,0,0,0,0,0,0,0,0,0,0,0,0,0,0,0,0,0,0,0,0,0,0,0,0,73,125.9170116,182616.0713,1282.8772,28,51583.19926,831192.4921,3767.634869,14818.67756,3847.436289,149947.5989,79555.14254,603299.7865,0,0,0,0,14,0,2047.935595,0,0,1664.137496,0,0,0,0,0,0,29,0,0,0,367.6162783,53403.81655,0,0,0,0,76.61199271,0,0,0,0,14.73063291,0,231.6763888,0,0,140.1305908,0,0,0,0,112.3507589,0,52,0,0,3825.494329,0,0,0,0,237,0,18.75647171,154.0839194,0,0,1300.221921,16390.09118,394.1469561,281.3415202,0,0,224.0549792,0,0,109.034539,0,72,0,0,0,0,2,0,0,0,0,6805.010185,0,0,5423,0,0,0,0,0,1494.989826,0,0,0,179.3519729,204.5334979,0,3.119736587,406.5700671,4673.442356,0,0,0,1,2989.741362,0,0,2991.019306,0,0,0,0,0,0,0,0,0,0,0,0,0,0,0,157.5432647,0,21742.59751,0,0,34318,240.7491416,0.551360374,0,0,0,154.8238568,0,0,0,201.9142192,0,0,0,1226.617356,0,0,0,44.90501884,0,694.7453124,0,223.8216167,0,0,0,0,0,0,0,2978.555575,0,0,0,179.424939,10851.21374,0,230.6074697,295.9095218,0,0,99.95750211,0,0,50.4613266,0,232.637878,0,2,0,0,0,0,19092.3534,94.00196339,0,510.7693034,0,65.07978223,0,127,0,477.7134312,502.0997049,5248.925412,0,181.3540449,224.189518,214.8520398,1190.27891,0,248.0062771,0,41,0,0,999,473.8675914,0,0,0,868.8229583,45.80356978,0,28.77817007,14,0,0,0,0,14.34354315,0,254.2029707,7.782051675,228.709969,4345.132614,0,13,0,290.3925476,0,0,0,0,0,0,19.29744543,580.7217607,0,0
blk6,0,0,0,0,0,0,0,0,0,0,0,0,0,0,0,0,0,0,0,0,0,0,0,0,0,0,0,0,0,0,0,0,0,0,0,0,0,0,0,0,0,0,0,0,0,0,0,0,0,0,0,0,0,0,0,0,0,0,0,0,0,0,0,0,0,0,0,0,0,0,0,0,0,0,0,0,0,31,213.2203896,10838.28696,10982.61812,382,4479.084182,10468.59484,0,756.6424747,0,785.6456898,0,1426.682982,258.5268576,0,0,0,17,0,1805.426271,0,0,1782.896765,0,1.064152378,0,0,0,0,22,0,0,0,169.3823186,56926.20669,0,152.0950745,0,80.6418849,255.4233488,0,0,0,235.354576,0,0,181.0686195,0,162.668244,0,277.2471431,0,0,0,186.3619411,0,264,0,0,6390.770872,181.2988939,0,0,0,401,0,0,0,0,0,651.279184,7957.163628,103.0735804,0,0,146.9637284,0,0,0,0,0,2,0,0,0,0,1,0,0,0,0,3505.803603,0,0,2090,0,117.0635122,0,0,0,2548.501628,0,1.419920952,0,0,441.2074963,0,0.757637396,120.4051567,2824.626214,0,0,0,25,358.0383079,0,0,892.0834352,225.4050205,0.381735216,0,0,0,0,0,0,0,0,0,0,0,0,0,0,0,20554.03834,250.391454,0,23206,0,0,0.519949953,0,0,0,1.494502225,0,0,693.928187,0,0,177.1201875,4739.101963,0,0,0,99.17705434,0,503.1873516,0,0,138.2565724,10.49813187,0,0,0,127.3180985,0,1601.973001,52.68875317,48.1099072,0.135249704,133.6964145,7163.397594,0,566.9011289,522.4429787,0,0,104.7126181,0,0,0,1.468907491,0,0,47,0,0,0,0,5049.953325,0,0,803.0451803,0,0,0,13,0,349.0225845,228.8277599,518.1064727,0,65.30904435,0,0,126.647512,0,130.0787038,85.87257993,46,0,0,492,292.734507,0.489512892,30.77678209,0,567.7882027,0,1.910680378,0,31,0,0,0,61.12757486,0,0,104.731992,0,0,1133.099965,0,10,0,0,0,0,0,0,0,184.0499085,14.06907161,260.6945017,0,21.3275032
M277-samblk1,0,0,0,0,0,0,0,0,0,0,0,0,0,0,0,0,0,0,0,0,0,0,0,0,0,0,0,0,0,0,0,0,0,0,0,0,0,0,0,0,0,0,0,0,0,0,0,0,0,0,0,0,0,0,0,0,0,0,0,0,0,0,0,0,0,0,0,0,0,0,0,0,0,0,0,0,0,46,46.58542564,152297.9686,2871.194167,305,41198.63799,581984.8137,2818.073476,7183.537386,3132.055437,103644.8619,56953.86296,439434.344,0,0,38564.25956,0,9,0,1693.75116,0,0,1716.416162,0,0,0,0,0,0,28,0,0,0,161.4198262,52131.12855,0,379.5056617,0,0,1316.503974,0,0,0,0,0,138.4631702,1528.707303,0,479.9333133,0,225.412761,0,0,0,0,0,28,0,0,19428.24459,0,0,0,0,113,0,116.56136,0,0,190.6214493,642.7633555,11737.08432,257.1117867,115.3507425,0,0,102.4094018,202.3797506,0,87.78608076,0,81,0,0,0,0,1,0.804725128,0,1.735310238,0,12117.80658,77.64745912,0,5517,0,0,0,0,0,1437.233127,0,0,109.2852119,0,317.3554772,0,227.2341024,376.7275182,5881.038719,0,0,0,28,4355.817793,0,0,4359.375351,0,0,218.5584021,0,0,0,0,189.1227163,0,0,0,0,0,0,122.9771619,195.1874432,0,22427.94902,0,173.5491694,21954,431.8986378,0,0,0,0,0,0,0,0,367.4080338,0,0,0,2143.47682,0,0,0,0,205.6463617,2547.075981,168.6933302,0,0,31.88317245,0,0,0,206.9754774,220.6585574,6921.02941,91.2673609,201.277698,48.81118012,466.7066259,15531.37399,0,193.7713456,0,147.4720966,0,0,0.752832294,0,0,0,284.8476812,109.1395285,61,0,0,0,0,22594.75832,0,0,1236.089106,0,118.1650395,0,22,254.815735,2067.941736,334.0657303,2793.987208,0,238.1072942,45.98079899,122.6292624,1686.704179,0,275.274566,0,17,0,0,980,0,0,66.87700958,100.7572573,1027.085979,0,11.42342273,16.56236767,42,150.7291438,0,0,0,0,0,295.602852,0,278.4202375,6710.628705,26.32724775,104,39.243665,233.0161414,0,74.573561,0,0,162.8172675,452.1546282,0,786.3374502,402.8276426,0
M278-samblk2,0,0,0,0,0,0,0,0,0,0,0,0,0,0,0,0,0,0,0,0,0,0,0,0,0,0,0,0,0,0,0,0,0,0,0,0,0,0,0,0,0,0,0,0,0,0,0,0,0,0,0,0,0,0,0,0,0,0,0,0,0,0,0,0,0,0,0,0,0,0,0,0,0,0,0,0,0,56,0,189243.5277,1425.965071,70,56829.87807,726851.2239,3694.842365,9318.844679,3555.493613,133505.3727,65779.3321,568709.9162,75.75678987,0,33923.99663,0,33,0,1162.769322,0,0,1231.919949,0,0,0,0,0,0,54,0,0,0,279.6716402,43839.2696,0.65017051,0,106.1579921,0,1946.360479,0,0,0,248.338699,0,0,1733.622087,0,654.9555805,0,306.580323,0,0,0,180.9528282,0,25,0,0,12656.87876,0,0,0,0,297,0,0,0,0,0,309.674113,19259.43506,0,350.7219581,0,43.06301597,364.192443,427.4736846,0,0,0,201,0,0,0,0,1,0,0,51.20945899,205.5651573,13954.08313,0,0,5684,0,0,0,0,0,1215.063926,0,0,0,0,159.7893642,0,0,477.0858818,3521.647879,0,0,51.19966567,41,4037.54531,0,0,4013.980545,128.2896622,0,177.2065892,0,0,0,0,0,0,0,0,0,0,0,199.7880743,213.5552554,0,23448.29296,0,0,27429,53.48998473,0.556948664,0,0,0,0,1.555955671,0,1.447084416,0,0,0,0,2084.283741,0,0,0,0,0,968.8700145,25.81572641,0,0,0,0,0,0,212.5265866,0,4503.929818,0,499.0152263,0,82.51062256,244.1382784,70.23642837,207.9719556,286.9429601,119.979262,0,0,0,0,42.98500591,150.8573709,447.9694461,0,40,0,0,0,0,29294.03116,125.9295942,0,836.6174171,0,0,15.97760955,32,330.1886429,1722.54871,699.7881205,615.8716402,0,114.3361858,289.5802306,192.0112313,1270.313852,212.9912066,179.3622934,74.274118,150,0,0,630,90.29569361,0,75.9428905,0,1303.653358,0,0,50.16931513,45,0,0,0,0,44.76167422,0,187.6444599,0,499.4630506,5892.181313,0,55,0,285.9441227,0,0,0,0,0,349.3374951,0,793.2080701,343.8662037,0
blk7,0,0,0,0,0,0,0,0,0,0,0,0,0,0,0,0,0,0,0,0,0,0,0,0,0,0,0,0,0,0,0,0,0,0,0,0,0,0,0,0,0,0,0,0,0,0,0,0,0,0,0,0,0,0,0,0,0,0,0,0,0,0,0,0,0,0,0,0,0,0,0,0,0,0,0,0,0,139,0,10767.94099,9000.770751,78,4236.626888,10024.9323,0,503.6937066,0,497.3775381,167.0325325,1140.33716,0,0,285.2418325,0,27,0,1975.54221,0,0,1534.912344,0,0,234.8749495,0,0,0,3,0,0,0,316.6540347,41248.80165,0,0,0,36.17608822,447.8999434,0,0,0,78.58826357,0,69.95715137,0,0,0,0,191.57396,0,0,0,44.687975,0,289,0,0,3694.748577,0,0,0,0,377,0,0,0,0,204.850735,1129.659624,8319.867882,0,132.241394,0.621463631,119.9398181,0,0,0,0,0,55,2.287367441,0,0,0,5,0,0,0,0,3198.226102,0,0,859,0,0,0.428945997,0.694044483,0,1301.592679,0,0,0,0,0,0,0,0,3153.679617,0,0,0,1,575.7951314,2.457608139,0,1034.244703,295.2227526,0,0,0,0,0,0,1.73706426,0,0.110840609,0,0,0,0,221.9174053,0,0,20143.07385,0,0,28054,0,0,0,0,0,0,0,0,0,1840.582821,0,0,0,4743.247244,0,171.7853902,0,0,0,113.7353195,51.48680699,0,0,0,0.828438604,0,0,0,0,944.6358038,28.87601681,147.3921294,0,280.7654975,7309.916538,1.353119076,889.9916034,368.3606091,0,0,0.382313847,0,0,0,0,33.69039653,0,100,1.311507895,0,0,0,5886.66668,0,1.317293764,1112.720771,0,0,0,55,0,506.1981529,0,1549.172545,0,14.00162186,143.1266932,6.81172327,112.8414124,42.73758845,226.5645125,0,89,0,0,791,207.3737383,0,0,0,410.0422839,0.514282293,0,0,2,0,64.1948599,0,0,0,24.12358112,439.2335309,0,36.36096532,616.8355649,0,72,0,0,0,0,0,0,99.74428218,283.0635615,26.73177951,0,0,0
M266-278QCStomach1,0,0,0,0,0,0,0,0,0,0,0,0,0,0,0,0,0,0,0,0,0,0,0,0,0,0,0,0,0,0,0,0,0,0,0,0,0,0,0,0,0,0,0,0,0,0,0,0,0,0,0,0,0,0,0,0,0,0,0,0,0,0,0,0,0,0,0,0,0,0,0,0,0,0,0,0,0,8814,120296.9735,176825.6213,2817480.606,50662,48016.45009,1567873.468,8580.5959,21681.85198,6971.641456,266611.8657,66991.90014,592259.9531,2641.150384,0,12224.69291,0,5275,535.6263814,186360.79,0,604.8947901,2373051.219,6699.562225,9655.130132,153.2705561,550.2692431,1186.947259,414.5523999,12239,499.710264,6804.185999,349.6545103,15324.41402,58097014.86,0,228945.5267,329.193042,33228.69074,2038994.614,7350.418113,1419.43988,14154.36469,539472.2979,1675.159993,288.5674822,5000.039261,1713.413993,25004.74316,42447.50424,713422.7989,0,474.8653747,233.8673118,10636.34609,557.2950469,79197,5391.235805,5757.403496,9409869.877,0,21848.52177,114.4387181,1555.263244,871748,1177.586759,50.46615782,38083.45782,641.4196214,13680.08118,351668.7699,3913208.57,7179.474893,76419.15689,366.6109653,8369.834138,567.3780102,2785.915396,1143.953674,12877.08928,13125.97878,188012,271.5392342,10981.45999,6511.830529,0,1449,0,1409.136364,0,13481.47082,4713965.723,159.384805,9715.573296,1395162,0,517.8419882,1934.607669,0,2800.617532,4224984.973,3368.963548,2329.422381,103313.3388,290.413557,5751.308883,138.7697175,3147.591433,60839.08959,1054553.052,782.8617613,24003.11755,1749.588199,13050,450585.5364,133.2712669,20787.90442,403659.2642,0,1072.503877,23444.3099,105.8242803,25530.54926,19035.03365,270842.7728,413.2361143,3912.15191,0,1298.261234,0,3831.0596,158.4276742,51351.21227,263.3586067,2712.896455,18593833.88,27627.55877,904.393819,5350206,0,10340.53143,188.9057448,1742.804024,132.3384398,7506.823772,0,1122.699659,6775.671925,159543.3015,0,2857.806186,1274.031258,78281.50467,62.27251222,53612.98802,264.8818834,10434.30496,34307.31401,487566.3633,1441.799675,5508.927157,0,989.7753382,1481.962009,20346.86935,173.7989977,20535.1026,223.8802919,3904.091245,13394.44072,182369.3467,25226.50031,365148.8789,2529524.39,2479.223812,84759.0679,343239.9956,0,87.0214608,0,1538.901389,855.1811051,11004.36472,129.642832,1357.431959,250.054338,2036,335.0100674,3828.654837,3652.872619,64980.95985,6666189.043,14558.90237,6012.552807,187468.1682,173.7137281,20431.34037,1158.7695,16286,58668.17184,1095117.002,55325.34502,796631.9595,1936.321199,13587.33492,805.0582829,399.246606,3559.370104,19107.87342,277433.5474,809.497041,15047,0,2698.985175,393641,1869.064156,1451.639539,2958.874768,19376.38447,261492.3687,1805.953451,24826.61785,461.1353422,4101,1100.71536,16970.38893,662.8546975,5175.837155,1787.009126,20629.07613,274352.5187,27.83686638,77362.93909,862517.7894,1268.144222,15648,0,2329.193823,488.7209168,6515.170339,0,1013.117162,4789.511748,51767.58289,11922.6694,149723.3782,298.5758881,3752.478293
M266-278QCStomach2,0,0,0,0,0,0,0,0,0,0,0,0,0,0,0,0,0,0,0,0,0,0,0,0,0,0,0,0,0,0,0,0,0,0,0,0,0,0,0,0,0,0,0,0,0,0,0,0,0,0,0,0,0,0,0,0,0,0,0,0,0,0,0,0,0,0,0,0,0,0,0,0,0,0,0,0,0,9756,119006.5154,181153.5289,2791610.217,45602,49837.44488,1612116.04,8058.343029,18589.33569,6746.796991,248682.8441,67156.73068,554392.4454,2669.549081,0,10694.8185,0,6426,499.462795,220990.9205,0,444.7733204,2230900.161,6063.77334,8136.354449,0,644.1203591,744.401088,0,9489,534.8740724,4952.468331,363.6312226,17262.09553,57064767.14,0,190364.1944,27.83800431,31935.71049,1707789.673,3737.09204,1234.776639,9613.406317,371211.5017,1347.432284,340.1627691,4359.829883,1592.803902,20753.52311,40705.58129,676614.2028,0,741.3578098,83.55854935,7735.748461,608.439789,48023,5120.392076,4961.112241,5786577.528,0,14913.96052,236.3520136,1864.057844,694269,1433.583848,0,46238.74423,387.0547146,19983.58671,304121.1552,3091453.369,5669.539329,61809.32575,241.5489458,6665.679342,377.266228,1537.908798,582.1536357,7007.471146,8915.063585,110609,0,6402.998036,7280.716153,0,1686,0,689.5079725,0,12139.40847,3875263.763,0,9868.22021,1072076,0,541.3418439,1217.234538,0,2614.867573,2884116.97,1820.457753,3156.16555,72229.22509,524.3095789,7636.505224,0,2166.578889,57182.92267,750216.3336,811.1470707,17397.23595,1114.145736,15998,152394.757,368.3017776,19002.63826,336624.2206,138.8052362,417.6591669,21826.66817,264.9939147,22993.65195,16367.08286,205409.4806,226.4682084,3375.077736,0,1956.150257,0,2765.590962,0,33882.87326,0,2288.014944,15704149.21,34131.76433,1225.49911,5837411,0,14067.5688,0,2299.273032,262.5134154,7668.546939,0,1870.871617,7468.616477,219279.615,0,1297.499403,2759.998583,85245.87676,1.136379664,53987.54179,357.113004,5320.126564,26878.89731,340622.5264,1126.397574,7427.608503,0,711.1286396,749.7066088,13931.38888,302.6935893,18753.76635,398.4691493,3285.671104,17030.86721,167384.3112,22118.07043,275862.555,2204015.172,2010.33334,71468.80691,308327.8868,138.5847291,32.77546159,0,1283.360519,877.35925,11418.43278,0,1369.9515,464.7820769,3197,139.2416509,2619.419725,4888.654034,53867.32093,5491381.15,14018.0584,4893.485205,152708.689,86.27543588,13007.80551,1951.975076,11903,63255.67631,828701.1993,46969.85302,639533.4989,1166.549098,12866.17971,363.3055616,424.730876,4611.108325,19500.82291,284882.1094,866.5517971,14265,135.3617475,2610.117408,346401,601.7355726,336.8348343,2882.103883,16913.94309,210802.4256,1698.561835,22880.53957,707.9222852,3778,737.6985705,16335.02381,303.8059411,4938.463264,1758.607999,19290.45162,289942.1015,212.7461806,62280.54319,854314.3268,1820.188351,14349,0,1915.234426,482.8066201,5521.399118,186.195973,1129.832045,4180.988575,49448.10877,11814.38368,141350.238,453.0961803,2982.785183
M266-278QCStomach3,0,0,0,0,0,0,0,0,0,0,0,0,0,0,0,0,0,0,0,0,0,0,0,0,0,0,0,0,0,0,0,0,0,0,0,0,0,0,0,0,0,0,0,0,0,0,0,0,0,0,0,0,0,0,0,0,0,0,0,0,0,0,0,0,0,0,0,0,0,0,0,0,0,0,0,0,0,8962,132298.6734,193715.4661,2808880.07,50405,50030.16808,1646159.415,7885.861837,15441.92535,6578.690859,241019.2522,65883.86515,498656.9152,2458.079594,0,11031.3947,0,4939,309.6254412,179428.2952,0,396.195677,1721617.269,5559.53335,7882.106322,0,272.3027497,578.1164522,344.2149336,6818,398.5619125,4209.142263,334.9443214,16979.60931,58539542.75,0,177869.4991,72.16286909,26942.17612,1299708.945,2604.377154,962.1857824,8262.000688,333125.1082,1155.239836,431.6489665,3816.737519,1655.100044,18846.10315,48000.57529,565335.2328,178.2002023,683.2307836,0,5733.254258,308.1086697,32153,2473.533365,2126.57077,4260186.941,0,10206.5197,292.0663409,790.4399235,646767,1412.046875,0,42191.04909,657.6798031,13102.4263,289144.3438,3763049.136,6298.98876,63441.30602,0,4967.928406,306.5975856,1529.923221,0,4516.197313,5415.557385,84806,132.0374095,3321.856585,5382.711571,0,717,0,511.3314996,0,12735.7869,3404153.453,0,7720.25511,798226,0,563.3839646,374.2715762,0,2233.724831,2195688.478,836.5205123,1437.580628,47989.30516,432.6643875,3232.012503,0,1565.221226,41219.96989,775995.9717,355.5955405,16271.15519,558.3022983,7541,113873.645,1702.060196,10012.32529,255045.8826,166.4701181,293.3430203,11626.82476,359.6346537,15823.05781,6433.598856,165199.9822,304.15127,1789.126591,0,573.4628865,0,1514.643431,121.0375726,22472.81912,0,1986.784879,15752029.59,28428.55144,1293.711479,4260616,0,12227.55568,0,1997.708802,0,8496.76786,138.2154464,756.6143404,5762.33106,205644.0945,101.6472273,3013.316401,1562.131596,101360.3241,49.48162655,30286.56806,426.8987204,3984.586808,16965.99687,192826.4296,764.0460249,4823.502426,0,397.6765726,281.9160569,6342.906869,179.6746066,10161.18796,139.1759056,3098.801923,8018.310804,160448.4388,14886.60056,218808.3721,1893574.601,2463.983077,72205.54133,227356.1794,383.1800759,57.0010884,0,1111.673882,1229.430358,6728.612326,0,916.1503583,24.2238652,1296,47.66103168,2963.158325,3094.585701,40216.69878,4221578.753,9775.099918,4100.261887,127307.6509,88.95136035,12919.02001,921.1598817,10902,39073.7964,659759.308,33632.99579,411736.184,983.5076661,8790.487628,0,0,2990.612427,15144.46703,195790.4613,824.6093674,12692,0,1939.647096,285502,431.494526,34.01105305,2798.920789,12013.1869,126326.4809,1031.177264,15851.37143,275.7115855,2382,352.2190138,11068.99539,0,3995.571529,1438.362018,14872.78869,229806.8875,297.7782086,46161.56278,634944.2116,1244.88031,11210,125.0070593,1310.246332,339.1236488,4242.423346,0,842.378892,2978.632745,42629.62621,9614.217004,127240.5466,213.5335875,1232.974147
blk8,0,0,0,0,0,0,0,0,0,0,0,0,0,0,0,0,0,0,0,0,0,0,0,0,0,0,0,0,0,0,0,0,0,0,0,0,0,0,0,0,0,0,0,0,0,0,0,0,0,0,0,0,0,0,0,0,0,0,0,0,0,0,0,0,0,0,0,0,0,0,0,0,0,0,0,0,0,85,775.0310246,9885.053199,6820.687864,218,3233.246954,7757.433057,0,396.265358,0,487.1215973,200.0736978,1120.642456,176.477396,0,198.4679547,0,1,0,2598.950392,0,0,3356.020891,0.262901855,0,76.24669157,0,0,0,26,0,0,0,375.5281194,108176.1928,0,218.0237075,0,0,455.8398886,0,0,149.3045227,385.9167195,5.26409376,0,0,0,293.171657,137.7637264,932.9649456,0,0,0,44.88721175,0,95,0,0,9582.370615,0,0,149.8609161,0,1221,0,0,63.61458515,0,268.7211119,872.5306483,13416.25745,164.3300173,0,0,0,0,0,0,1.367537438,0,52,0,0,0,0,1,0,0,0,0,7547.287897,0,0,1920,133.347533,0,0,0,0,2818.843076,0,0,0,1.612267608,0,0,0,214.9703716,4553.275851,0,0,161.7239189,0,1246.943785,0,72.98810835,1212.146049,84.27110971,0,0,0,1.980411781,0,187.1767494,0,0,0,0,0,0,0,189.6928621,0.550444353,0,56072.72248,0,0,37666,0,0,0,1.307841707,0,0,0,0,0,1453.47428,0,139.9057018,0,5066.716401,0,138.0851154,0,0,0,408.3073276,0.680812815,1.648490473,0,0,0,138.0193188,0,0,0,1286.138215,0,0,1.523538916,391.6360567,10569.28781,0,477.343469,675.6535989,0,0,0,0,0,0,0,145.973051,158.9671843,30,0,0,0,0,12065.30368,0,0,1074.16491,0,0,0,44,222.8284951,1506.797341,0,1328.775557,0,0,0,0,371.5201606,0,474.789732,0,176,20.00447687,3.586993891,666,83.95060116,0,0,0,37.56130589,0.710628956,0,0,66,0,147.383541,0,0,0,55.28135367,0,0,256.3891122,2186.273061,0,21,0,0,0,23.90901925,0,0,0,247.500702,0,353.1751848,0,0
M266-Stomach 1460,0,0,0,0,0,0,0,0,0,0,0,0,0,0,0,0,0,0,0,0,0,0,0,0,0,0,0,0,0,0,0,0,0,0,0,0,0,0,0,0,0,0,0,0,0,0,0,0,0,0,0,0,0,0,0,0,0,0,0,0,0,0,0,0,0,0,0,0,0,0,0,0,0,0,0,0,0,46341,549631.7714,572311.4923,15106434.15,200908,142008.4664,7050402.054,32316.99553,44321.42495,29572.04439,1084167.041,316884.8061,2433193.127,20847.04701,0,41240.75375,0,19847,1888.617561,1135455.677,578.6620257,3474.293041,10144114.13,26670.6677,24732.18655,389.8921729,3151.372151,2989.231609,1022.827596,40620,1750.988296,24586.78106,303.9950248,36309.04162,100169864.6,0,450151.7034,27.10137161,87014.73968,5772369.831,14331.84623,2347.279847,30236.02602,1193493.053,2252.065025,1052.407757,9980.603052,3801.125587,40008.78797,135971.1471,1940295.739,162.4838368,905.8009586,292.4388687,13236.71265,686.9234591,73024,9043.128668,7291.618314,14474834.38,0,32625.2969,94.42141216,5478.283099,1276433,1541.116117,0,72395.35544,2012.85268,37134.26643,722589.5011,8076343.949,14200.77796,175583.9578,564.9116617,31638.10004,270.4304834,3708.124038,1095.11827,15034.69716,29334.14172,503612,136.4064875,11542.75035,10645.82986,0,857,0,1838.208312,0,32000.56669,12741590.29,107.3526314,21103.43119,3214836,0,776.2464985,5964.159571,0,8710.851517,8218565.513,7752.721212,6776.321485,274548.4958,260.4091631,10959.77284,177.5172218,9363.020174,131979.2303,1934924.094,1787.762216,46224.45901,2944.424082,28154,572920.9564,101.7142156,67778.24411,1167050.453,144.9739122,774.6713035,43065.70157,954.511116,40202.68489,45101.83484,610243.8651,281.3612216,10104.44907,0,2402.13348,1168.148543,18489.88421,0,114559.5439,303.7752044,8230.109351,45616318.27,90573.56149,1593.473615,12321054,0,29712.25175,107.8804552,4090.727258,865.0865013,13954.89027,245.2170356,3691.259084,11436.42747,479354.7618,0,10023.43203,6372.87155,300397.7361,51.74837493,188293.2518,275.0648884,20045.8724,81339.44535,984872.5055,1994.360813,21633.41381,93.97654487,2168.214203,2709.146322,45588.36754,937.8176392,31016.23552,498.7160129,11513.62741,19836.95076,331510.0779,40405.28612,655037.6206,7988226.929,6378.61032,184648.2301,1461543.878,1190.157904,137.9584463,163.0671334,1733.517562,2495.75443,35268.30646,267.4368624,2944.652563,438.3080684,7319,1221.160333,20304.55559,18730.82491,240556.1733,16989043.39,23792.06223,12940.82904,446199.7102,165.2364592,74782.87359,3129.990594,43911,202330.2902,3186831.999,110708.2412,1968243.705,2458.638441,27192.29647,2300.755295,0,8061.904254,48039.28642,594120.9578,2080.001874,52181,481.9747052,6016.011862,1226642,110.6376169,1490.116081,9799.348779,64981.31555,772830.1021,8474.96977,121826.9661,1880.797577,16353,1680.916456,29443.7178,702.217886,20342.14283,3369.361396,40957.10435,460690.1101,2346.400326,166417.838,2092432.234,3752.434461,35165,732.6154465,5971.956844,1077.101042,14710.35014,334.8524667,2714.435273,12730.7434,158001.8312,13196.83378,163377.7446,232.1685694,2516.780508
M267-Stomach 1461,0,0,0,0,0,0,0,0,0,0,0,0,0,0,0,0,0,0,0,0,0,0,0,0,0,0,0,0,0,0,0,0,0,0,0,0,0,0,0,0,0,0,0,0,0,0,0,0,0,0,0,0,0,0,0,0,0,0,0,0,0,0,0,0,0,0,0,0,0,0,0,0,0,0,0,0,0,10759,167062.2723,206377.7197,3850267.197,66373,55410.10748,2059206.674,10212.50244,22798.49888,7925.924235,275550.7598,84131.69388,648218.7858,2962.366171,0,15370.37413,0,7209,691.061649,256290.363,161.5519473,607.2641218,3150682.569,9757.054954,11104.78301,0,821.561362,1432.940274,296.7068183,10249,202.6625491,5425.664436,0,26077.13819,64790843.73,0,249973.0331,0,30995.40833,3369362.782,8933.260219,1863.529783,22553.98328,894349.0985,3178.800328,546.5333359,6833.550076,2145.764554,25135.83395,54828.60749,910837.436,159.8979129,719.6454711,0,13499.5219,360.2868994,81242,11124.20681,8941.958211,10372362.45,0,24902.27232,97.87456228,2568.148888,1004255,2056.443197,105.4574459,38495.37513,1380.631084,29194.691,329129.1394,4697922.301,6234.592558,72845.09565,219.4079299,14369.11841,673.7963716,3285.281176,792.0158994,10190.58805,13689.98383,235466,303.8002965,12309.87579,13684.97791,0,2101,0,2386.229068,0,18688.38732,5212154.462,99.14744674,12372.8729,1780565,0,873.158387,3718.190588,0,3718.682281,4979100.978,2782.787428,3180.540759,174348.2671,195.1748855,3743.983893,0,3503.575268,56358.69136,623546.7721,1269.321069,20684.33337,1175.102762,13123,791180.1673,168.5362552,34694.4238,593499.0438,0,595.6028138,27060.39278,799.148438,34302.75357,19656.8978,221553.5408,421.2489194,5206.697693,0,2813.76472,173.2318648,7925.806585,76.15337834,60693.02226,146.2256245,4091.410163,20803746.93,47078.76712,1900.484972,6321746,0,15303.28767,0,3560.381851,88.77704238,13032.16523,0,1612.213037,7533.233351,220594.4054,381.7233494,3479.138042,4353.007358,147633.4261,29.54518757,80201.50689,137.8680699,12077.30472,28362.60141,507671.9687,1964.826224,8608.837569,183.933137,1271.697344,1202.277762,24010.19695,295.7575915,24100.80226,0,5021.805328,9343.489522,162049.8949,22303.9613,325038.9626,3120792.052,2196.538129,95122.97455,528649.4539,0,185.0827123,69.53762747,1642.926158,482.5644454,14287.74828,104.5049907,1831.615129,237.0156054,2817,418.2162327,7839.1503,5736.897639,75388.30122,8525171.995,20850.32078,6858.677835,231093.1699,104.9678325,22325.25382,1126.573787,15750,58405.06897,823522.9383,57434.22656,682019.2949,1601.416995,12004.36033,796.6917652,310.2653039,3492.657511,17238.23409,259606.2982,1440.429994,13070,204.2173569,2020.724652,480408,56.89940308,952.2117512,4591.926295,27816.62972,313246.9283,2962.820479,46475.64871,466.1705727,5658,1098.569985,13712.30631,569.8980127,6571.846494,1041.551852,17852.40483,217114.9189,169.0220153,57848.31508,835932.2366,1245.994839,14162,184.5681596,2970.925943,474.9444754,5407.94172,0,1258.321586,4393.747078,51289.00427,8285.155589,107021.0208,229.6482925,2629.11056
M268-Stomach 1462,0,0,0,0,0,0,0,0,0,0,0,0,0,0,0,0,0,0,0,0,0,0,0,0,0,0,0,0,0,0,0,0,0,0,0,0,0,0,0,0,0,0,0,0,0,0,0,0,0,0,0,0,0,0,0,0,0,0,0,0,0,0,0,0,0,0,0,0,0,0,0,0,0,0,0,0,0,5359,91278.66413,210464.7526,1124913.229,19061,52296.16395,1473494.768,6910.153022,21388.07917,5919.373553,222586.2117,74562.95997,600097.4669,2702.870463,0,13248.26122,14.19051094,3374,144.3671467,198516.147,0,398.1944545,2529440.879,7129.638775,4673.95748,0,865.2725308,512.8588962,242.5537437,5907,696.2789625,6583.337064,203.7548213,17861.42639,52296673.26,0,180703.7184,0,19810.3024,1044743.024,2099.303102,327.0117731,2812.739746,111319.6419,0,0,2587.760571,0,6503.238371,26537.51021,332586.4489,0,307.1866332,256.6926687,2963.517519,142.4336677,8834,2723.882671,1196.84553,4494836.379,0,9454.529509,198.112859,1034.468412,388577,893.4978272,0,64543.16338,215.483023,10534.15904,156284.9833,2566048.02,3157.035486,33931.15769,110.8930157,5730.210618,0,900.9706587,0,3021.541961,6970.541189,123192,0,6263.203558,2898.161715,0,422,0,935.7814565,0,4012.701377,3415712.019,0,8652.617248,1112890,0,215.04871,1080.354169,170.6094597,1381.403674,3413820.591,3194.317343,3055.414442,99334.56346,715.631906,6804.32495,166.5182396,2369.388707,43108.69092,586067.4691,260.3825778,12935.93801,983.3593844,12267,426977.4125,532.2605008,11335.75887,403527.3911,0,0,16528.06839,347.6702893,17598.24825,13533.52339,216461.7538,0,4697.049765,0,1103.690579,325.5242568,1938.7728,0,20739.73419,0,2502.902773,15530375.92,27910.66134,487.1675869,5968583,0,9462.620085,0,781.4325883,352.1048626,7829.082606,126.9992987,1179.607805,5028.369582,170525.601,324.0871765,4622.179146,2243.009017,122538.2886,0,18190.19582,302.6961062,12320.81504,36180.29455,461379.8418,1119.653314,10681.19682,0,2285.974234,2382.833619,30235.7403,233.6071468,18261.65344,336.1984373,5894.793021,18448.36718,386030.1084,28903.71814,381805.8543,1723101.705,2218.552142,43400.23439,193898.3945,599.6009789,263.5003301,82.64453418,1751.215833,746.556429,12898.90732,174.1481729,1749.051905,0,4577,0,4124.354014,4447.457252,71287.95855,6839713.56,18076.89323,5868.219568,213945.3281,369.842696,7496.751176,3013.90734,22763,111453.6487,1402859.176,73679.92389,868958.7239,1591.684467,17301.06618,1439.065266,548.8580597,6049.032729,31151.52052,463791.4292,225.2705433,8687,294.0034639,8249.345196,279818,1980.543002,25.52236214,1091.378755,18967.45279,234515.8317,394.7639843,19329.04219,949.8968307,4564,547.1228275,2977.350074,661.7885325,7723.89549,1231.049842,19296.74606,315898.1319,151.2447428,111316.0607,1330175.693,1575.633797,22450,0,2651.203538,446.3905213,5266.966853,0,1016.755094,2777.741209,34891.46954,2296.589652,24152.89347,388.2108846,1153.805272
blk9,0,0,0,0,0,0,0,0,0,0,0,0,0,0,0,0,0,0,0,0,0,0,0,0,0,0,0,0,0,0,0,0,0,0,0,0,0,0,0,0,0,0,0,0,0,0,0,0,0,0,0,0,0,0,0,0,0,0,0,0,0,0,0,0,0,0,0,0,0,0,0,0,0,0,0,0,0,111,155.9733735,9594.647917,7411.377012,22,3247.733685,8374.799257,70.93839017,316.3781248,0,591.4444293,353.5730169,1434.675245,372.8226734,0,189.6456353,0,8,0,2825.201458,0,0,4228.473419,0,0,0,0,0,0,25,0,0,0.827527079,261.1144925,118604.041,92.38889981,601.4569733,0,0,983.0161626,0,0,0,460.3206501,10.76291973,0,192.984102,0,0,331.0563097,1246.787551,0,0,0.206998913,36.76984798,0,614,0,0,10159.87577,0,0,0,0,255,0,0,0,203.2446923,262.9445696,1436.243544,14059.51678,0,401.7368177,0,0.930567809,0,0,0,0,0,45,2.368724405,0,0,0,0,0,0,0,0,8753.137822,0,0,1930,0,0,0,0,43.21061602,2835.990405,0.905398766,0,0,0,367.9316801,0,0,234.7083784,5042.879233,0,0,17.16397182,37,1111.548071,0,0,1355.445273,176.5524366,0,89.88783044,0,0,0,0,1.049772696,0,0,0,0,0,0,0,0,0,62360.76962,0,0.671148765,42350,214.6416721,0,0,0,0,0,0,0,0,1433.551405,120.8072282,0,0,4698.713967,175.3083278,0,157.4388912,0,0,579.0094059,205.9403218,73.07280441,0,0,1.07413035,0,0,310.273349,0,1893.56649,0,748.1428169,0,1011.66063,17269.02038,0.040501213,770.036216,956.4152816,76.7867376,0,0,0,0,0,0,236.9287486,69.3955147,33,1.30394054,0,0,160.3474017,13425.31852,0,0,1593.20328,0,0,0,15,158.6263838,2086.215488,140.16271,2718.093583,0,0,184.7530794,0,215.1113695,0,532.1415903,0,121,0,0,1150,228.8829435,0,107.2863166,186.5653858,237.573096,0,0,103.0303901,23,0,0,0,0,0,0,659.8631844,0,115.6523462,2760.293671,0,16,0,0,0,0,0,0,0,155.0227482,0,243.7964398,0,0
M269-Stomach 1463,0,0,0,0,0,0,0,0,0,0,0,0,0,0,0,0,0,0,0,0,0,0,0,0,0,0,0,0,0,0,0,0,0,0,0,0,0,0,0,0,0,0,0,0,0,0,0,0,0,0,0,0,0,0,0,0,0,0,0,0,0,0,0,0,0,0,0,0,0,0,0,0,0,0,0,0,0,8798,127456.5159,178664.1592,3068571.181,59494,46374.93354,1604383.641,7766.779918,19073.82928,5428.031954,213268.3975,64348.12327,491564.6861,3307.043686,0,15768.277,0,5965,544.8159354,242434.401,0,653.3959368,2923800.772,8287.839963,9785.831906,230.9814173,1012.227626,1173.034848,0,10398,630.1900944,6387.575141,0,18081.76056,63230652.37,320.0075622,202491.7308,148.0999208,39169.13853,2217653.384,4711.952886,1456.727293,21717.5501,800205.6993,2336.438309,658.8331553,9025.950038,3955.233108,33545.14255,79622.48306,904400.5449,0,758.1319741,0,6279.997566,545.3246162,36593,4666.840727,5054.60079,7034651.029,0,17377.41559,180.1001809,2062.492565,632935,1746.80586,0,66032.1766,1243.533059,15878.13335,402704.1819,6010558.543,5844.16815,99908.32889,198.5334149,10393.34247,0,1991.949595,769.4458048,9777.723885,11962.49321,170190,266.650321,6765.767434,4974.578634,0.714809565,732,0,878.318439,0,15827.56943,3955408.109,0,9563.529585,1383802,0,481.779424,1622.988177,0,3763.241951,3383324.303,2952.50599,2346.882028,123954.689,170.9580063,3878.512946,0,3459.350349,45785.56193,697757.7773,1793.927874,22968.8169,906.7008777,10873,579171.1702,2536.858908,34991.25742,461397.0122,0,239.0716694,20361.30809,535.5585567,27253.49244,19908.83999,236264.83,135.5211111,4121.181721,0,1153.851905,0,3488.056198,184.355129,61136.39845,57.42902862,3070.889475,17308287.07,33177.05136,14367.27512,4756533,0,13903.58803,0,1458.584343,0,7417.112962,0,687.0749097,7824.13096,226530.5638,0,6744.517685,3483.908312,104949.9169,121.3010205,65604.40468,649.6667601,13714.47859,29898.87933,338847.6915,2163.888179,7439.05052,0,944.3083519,609.9061733,15572.08355,104.4883344,20719.84499,0,6047.33038,8113.957834,132015.1624,22930.39114,332489.4916,2475377.955,2629.887374,75266.28088,376299.1441,1087.86116,0,0,1826.245408,1090.762365,11445.44536,266.4710615,1329.570892,0,4551,163.3480294,3891.346064,4870.986779,72837.46535,7381020.764,16339.16607,6195.990101,228381.7742,100.8720364,20941.10825,1587.040632,12822,66725.54895,1084840.099,48321.98292,745807.049,1463.716128,13637.55629,450.4890889,404.5289544,4211.731449,21062.40364,290173.7287,917.5384675,14734,237.9876065,1513.214202,405895,1191.116885,376.0687524,3157.766931,17150.02774,218017.9226,2078.483462,28911.22239,776.3867946,4922,563.9507805,16790.17468,603.6822666,6583.857773,1564.414762,17868.1973,245521.2015,91.99559948,63471.38172,784477.7634,1726.59337,17031,154.6591401,2297.771368,772.8405746,7518.397284,177.3881966,919.9051185,4391.743888,49795.8353,8733.83104,133052.1391,205.3393442,2459.274229
M270-Stomach 1464,0,0,0,0,0,0,0,0,0,0,0,0,0,0,0,0,0,0,0,0,0,0,0,0,0,0,0,0,0,0,0,0,0,0,0,0,0,0,0,0,0,0,0,0,0,0,0,0,0,0,0,0,0,0,0,0,0,0,0,0,0,0,0,0,0,0,0,0,0,0,0,0,0,0,0,0,0,12527,167295.3907,173968.1557,3946086.229,64759,48517.25283,2032541.437,10176.27157,19117.68669,6561.387442,266661.0863,71525.05501,596320.9741,4400.44671,0,14539.93991,0,6683,705.4294322,322616.2164,0,723.8122266,3441465.174,10742.3763,9361.451494,115.7448745,1343.879949,1478.413835,230.7350858,11132,629.5308412,7151.597955,263.9269805,19858.00006,76547896.38,0,253627.4229,32.81820537,53306.38623,3247340.103,7036.479602,1692.338384,25329.4535,1034439,2551.540493,370.8342903,7074.641188,3611.302671,37358.71525,87859.75667,1090671.236,0,961.6942882,298.2849611,7036.636815,615.2236233,8224,5602.029792,6580.574783,8663063.434,162.8345728,17453.73184,60.11482684,2914.922338,860464,899.8816036,0,81094.02278,895.2840946,22392.13953,439251.9292,6452878.026,8085.326424,89301.8454,383.8616954,12270.79185,357.6585748,2224.060582,864.6051841,11157.94909,10122.73137,199709,0,6036.782174,8162.833063,0,306,0,844.8798099,0,19247.19522,5186907.445,184.5587471,5077.818559,1825209,0,737.9081068,737.2640095,0,5915.614405,4196655.004,3070.787686,5081.632349,188832.6921,380.9181998,5085.002146,0,3631.575025,37513.54181,574315.4624,1375.976831,23894.01105,569.742321,9459,659843.1183,282.7178075,42737.30885,617840.6633,165.1898648,424.9002107,20845.07507,354.6432367,20539.37665,24305.616,284224.5538,348.812457,3041.800856,0,1157.915705,105.4349639,5878.344846,478.3983148,55374.80894,0,3524.484024,25128625.41,40429.7233,1595.385315,6173390,0,14337.80105,282.3568396,1010.345681,280.1605816,9023.787188,236.6916516,2236.722872,7756.002675,295481.8952,0,7793.778492,3778.946963,132068.1412,199.1673818,83820.50736,449.2860533,12088.26833,35775.95857,500029.7248,1200.985354,8035.41475,0,546.9592266,848.051454,20131.57342,1149.26313,14309.6393,0,5718.820985,9304.798186,148444.6237,22953.55404,345196.9042,3124427.142,2822.683803,100096.7791,512367.2557,40.37224896,119.3411085,128.7774214,2103.507431,1007.845497,14320.46985,0,1477.687504,158.9247868,4647,573.8252762,3648.717247,6720.425371,91132.65013,7489080.194,18324.20123,8568.172685,280984.1319,423.8853984,34711.86302,1277.380127,13374,56919.54325,1016002.233,50849.88325,756994.4386,1628.869033,14232.69724,379.6835536,143.6601161,2604.306507,19731.35711,312461.5156,1190.082242,14947,0,1772.388589,534119,1801.003224,89.42620146,3952.921947,24391.14937,309194.1236,3140.182705,34668.16848,735.0877605,3936,482.5250668,2978.47992,618.7772509,7794.921205,324.5826141,5503.034565,246742.1932,41.58779583,53299.39788,793352.8862,1182.373067,14981,0,888.8152926,405.1976352,5618.600449,0,616.7972669,3662.648704,44218.18916,751.0868733,11437.68296,0,253.9285991
M271-Stomach 1972,0,0,0,0,0,0,0,0,0,0,0,0,0,0,0,0,0,0,0,0,0,0,0,0,0,0,0,0,0,0,0,0,0,0,0,0,0,0,0,0,0,0,0,0,0,0,0,0,0,0,0,0,0,0,0,0,0,0,0,0,0,0,0,0,0,0,0,0,0,0,0,0,0,0,0,0,0,15607,262091.0438,207458.5034,7720422.199,86625,51965.37572,2057686.097,9855.88117,21029.60978,7577.443826,327887.7603,78354.0165,643389.4376,4592.299408,0,19874.92925,0,10681,1273.096514,430294.3526,225.6264043,1533.780562,4371948.467,14689.98668,23389.98327,249.0847939,1458.012957,3470.615991,265.2691052,21466,956.0501636,10028.51801,366.4924551,23549.78153,80955953.64,126.6374168,264197.8119,0,61366.93949,4722915.639,11293.98231,2941.252013,14384.27026,557365.8187,2141.762687,324.0030282,4089.254477,1821.007675,20632.45325,41920.36036,660204.789,0,1010.182744,167.8878707,8121.772336,1291.795221,178976,8878.06369,11670.02283,14392825.23,0,37460.93969,678.6119177,2230.202323,1226498,1652.299585,0,68093.21104,831.1002226,23601.43335,233915.1412,3017787.196,4945.059007,47112.02332,273.6481799,9646.793538,0,2413.12254,1084.706892,14021.79683,12959.33717,169769,0,6456.166093,8506.905427,0,231,0,1546.043103,0,18188.57164,7735652.75,113.8854271,12608.1202,2362551,0,445.5662466,3927.239994,0,5005.972585,8160150.076,5786.641694,2832.813918,135706.4585,225.8765268,4241.992296,207.5112611,5214.672873,46478.02319,668802.6464,860.2579257,22008.11159,1199.96155,11519,313455.2238,121.3580237,28629.90333,464552.391,0,1024.521712,21197.27463,0,30908.81505,15902.82273,274786.3504,98.00729757,4393.64698,0,1413.473281,0,5076.139166,480.4813378,57460.3084,0,3693.002048,27576945.06,51673.5178,3437.995855,8708615,0,17970.771,0,2107.968887,643.9931017,9406.240637,118.5627636,2347.200518,8765.485805,268906.0953,0,6153.665275,2383.279407,143325.829,0,86432.4047,189.7561617,9424.965477,34620.2643,490529.4263,752.5135993,7522.440187,229.6115601,335.6305596,1532.384514,17456.06687,1732.177607,20992.09427,0,5190.740341,15210.52641,222868.8064,24653.74392,276966.7338,4570261.995,4567.099532,110120.1939,546601.1327,475.5340375,1.571889889,0,3127.665021,1108.589311,13227.71307,59.10215712,1872.174228,47.13089831,3863,757.8297884,7682.070954,8466.887938,107788.6459,12465853.99,25376.72832,11846.07344,303513.6629,820.9762859,34112.0092,1904.681359,16165,72005.82665,1089538.735,53156.11192,804102.0217,1823.986198,14318.61638,997.4861464,513.7965426,5275.275724,17951.40744,288341.5963,940.6221967,24890,275.6108465,1745.932418,692279,76.79214238,3139.045845,5720.136537,25526.03421,420710.7966,2144.037217,36128.80995,731.0541507,5372,1113.66738,44530.55928,633.2260801,9345.260648,3894.427781,47535.28539,577397.054,1185.652325,115788.4173,1380801.751,2278.734337,17807,346.9488243,3400.141758,602.7046325,8168.303048,0,2092.30634,7061.180451,91019.47661,26350.57014,353620.8045,506.455842,7163.996539
blk10,0,0,0,0,0,0,0,0,0,0,0,0,0,0,0,0,0,0,0,0,0,0,0,0,0,0,0,0,0,0,0,0,0,0,0,0,0,0,0,0,0,0,0,0,0,0,0,0,0,0,0,0,0,0,0,0,0,0,0,0,0,0,0,0,0,0,0,0,0,0,0,0,0,0,0,0,0,257,224.5921896,9167.801363,668.1018606,170,3392.062976,6900.22073,0,335.2036992,0,543.2420201,144.996715,1355.747198,0,0,295.1687718,0,26,0,2190.466648,0,0,4916.612993,0,0,0,0,0,0,34,0,0,0,279.2654029,169824.4198,0,371.3999429,0,0,372.0717161,0,0,167.6369938,548.2118655,7.929978868,0,0,0,0,271.663521,1350.960397,0,0,116.7355076,216.6386307,0,390,0,2.037580394,14662.14588,0,0,0,35.23195415,1031,0,0,32.63194502,0,496.4687625,1321.94248,19520.72025,0,155.6763606,0,0,0,0,0,199.9571426,0,59,0,0,0,0,2,0,0,0,0,11685.76145,0,0,2523,0,0,0,0,1.422469646,2346.135917,0,0,0,0,233.0930218,0,0,460.2432302,3344.610721,0,0,0,40,1601.812134,0,0,1766.549687,58.02941694,1.622578709,0,0,0,0,0,0,1.603761945,0,0,0,0,0,230.7198662,0,86.51977453,73478.15603,187.4747527,0,45799,0,0,0,0,0,0,0,217.111734,0,1855.863198,0,0,0,5127.374169,0,0,42.70046446,0,0,561.7218186,0,0,0,0,0,0,0,0,0,1726.16273,0,413.3690708,0,322.5049344,15228.86861,0,623.271828,476.0643849,0,0,0,0,0,25.70906298,0,58.29447146,43.67232012,30,0,0,0,0,16087.5923,0,0,1188.975138,0,0,0,14,0,1470.445198,0,3195.994421,0,0,194.1706404,0,225.4451535,0,614.3781874,0,36,0,0,2004,122.9642532,0,0,55.30749453,385.5948169,0.372148567,100.1594,0,68,0,128.8185016,0,0,0,0,341.6460035,5.942742918,180.0881492,2312.703997,21.42079412,40,0,0,0,0,0,0,0,156.7488287,93.03973037,509.9090878,0,0
M272-Stomach 1973,0,0,0,0,0,0,0,0,0,0,0,0,0,0,0,0,0,0,0,0,0,0,0,0,0,0,0,0,0,0,0,0,0,0,0,0,0,0,0,0,0,0,0,0,0,0,0,0,0,0,0,0,0,0,0,0,0,0,0,0,0,0,0,0,0,0,0,0,0,0,0,0,0,0,0,0,0,13926,185769.0539,190669.9308,4627517.424,48045,55195.66028,2231604.99,10399.60943,24380.36092,8005.918795,294925.7149,80690.28716,685194.4475,4045.353368,0,15075.66469,0,5924,572.4769154,291223.4234,0,956.7334426,3038412.476,8363.033654,8122.293074,96.90398079,1394.044989,1404.001854,322.5617071,15626,890.6511356,8883.399184,342.0009816,21372.88832,77336575.1,0,244624.5917,0,54167.40082,2901645.255,7240.497058,1698.635646,22151.55174,949167.259,2065.050607,872.9801701,9759.900604,4894.760009,52980.00018,80347.18595,1103938.683,0,1661.872139,249.2122372,8523.489645,358.7718404,41232,7070.162352,4810.715512,9068516.754,0,20583.17948,473.1440346,2406.02644,880070,1176.245281,41.4425477,69407.65602,868.8748049,22514.36602,431510.1206,7451481.574,11719.27446,105303.2141,541.287335,14520.06258,0,2599.787326,913.3658199,15902.80999,17513.50081,198722,0,7962.450155,8329.059755,0,644,0,1126.676741,0,16276.0431,5888641.486,52.32645226,5724.86374,1623145,0,350.9935081,1058.716454,54.97925312,5653.612239,4301612.291,1458.014575,4173.342718,174863.4298,524.8036213,8769.193193,315.917141,3222.045431,52903.20299,831757.2778,2086.81806,32113.16076,1240.726247,11584,195294.9353,260.2381112,33121.05674,588581.2587,0,194.9792571,20635.82067,289.5269516,27581.93385,24969.66305,350412.1383,406.9408293,4437.982324,0,1392.888251,0,10036.73388,0,70324.67457,133.4233035,5582.292029,18526191.85,40247.67214,2231.254588,6329925,0,15785.18721,0,2389.079043,137.3777887,12880.7229,0,1525.918872,10516.09641,310312.3043,0,7773.392184,2766.273603,100510.3412,0,112738.9557,589.317689,15226.39039,41306.52307,766740.9585,1349.87464,10108.24442,0,707.2411229,1542.482975,18793.03791,212.9930862,23509.86334,386.6985633,5090.028331,10701.71433,153865.943,27593.77883,366782.8863,3758246.013,3020.074591,113996.6487,550721.8894,116.0314321,186.7654998,39.70471298,2473.679093,1008.150746,14964.06951,115.0118711,1549.335768,70.15533918,4948,478.986638,7454.958954,8151.799817,119558.5946,9774168.553,21550.01235,7032.559995,245606.002,83.84501011,34961.37766,2489.232302,18279,72518.61507,1200976.741,69019.84228,1232348.779,1869.241975,19292.18594,905.9357515,225.7642692,4273.358972,30176.28153,366328.8159,1494.94468,19063,242.2666398,2407.933875,751554,0,34.97586968,6317.026675,36369.80964,488326.3825,3560.239472,38333.76069,617.4753987,6556,1550.444558,8534.802603,725.3700533,8593.3343,966.7440164,10761.14744,358822.0493,57.81001005,92691.31686,1054032.162,2335.57445,20704,84.41021087,1443.021546,483.6557131,7006.937754,0,1134.441071,5550.049021,75672.23458,4876.62298,59426.36265,536.1392304,1104.934699
M273-Stomach 1974,0,0,0,0,0,0,0,0,0,0,0,0,0,0,0,0,0,0,0,0,0,0,0,0,0,0,0,0,0,0,0,0,0,0,0,0,0,0,0,0,0,0,0,0,0,0,0,0,0,0,0,0,0,0,0,0,0,0,0,0,0,0,0,0,0,0,0,0,0,0,0,0,0,0,0,0,0,6190,47931.02535,181180.6757,1729973.737,38716,52675.72029,1360987.567,6860.585171,22667.10926,6754.785346,241159.969,67292.37452,627861.9771,1269.860496,0,8932.477717,0,8757,970.5802572,150836.8233,0,279.4772422,1428417.742,3084.027405,18387.93625,234.5734853,558.6159412,3642.722258,219.8111582,6432,544.4347148,5546.865599,265.4730031,26073.61269,50340913.5,361.5034878,146165.6624,0,22129.72489,3518688.442,9511.845008,2313.080123,5703.674901,181700.5027,2601.134928,283.0485243,6379.282119,2533.186061,23998.36374,22799.68854,347999.8395,0,1002.500654,353.5234696,29324.84323,709.84201,372411,13070.44129,13142.05394,17603432.85,0,36188.33231,0,1028.886871,946472,1920.692146,0,20435.61151,1220.598934,21293.28137,187105.5021,2413319.727,4331.349909,36731.96577,0,3643.235067,0,3262.061677,1549.131148,17295.33861,18248.91445,252646,0,22370.20598,14420.4782,0,1933,0,3214.227095,55.59806196,2592.081461,5781001.205,0,14462.82032,1311302,0,1114.921036,3092.499686,0,325.8519243,5339666.33,4704.088998,2057.255503,36395.53667,598.5266737,4998.599517,0,910.5946355,104310.6669,1303407.733,954.2095052,5486.073283,1324.864336,16353,177666.815,218.7176166,5333.948355,252693.0184,0,273.9091751,30835.55295,229.4318206,37790.73452,13740.27585,166747.4477,0,3513.927342,0,2392.380719,378.3385024,3639.766866,937.3558986,15710.20673,101.1273063,1088.221436,17741672.69,32468.70986,462.2293264,6564644,0,12328.95613,0,1633.278806,346.9573385,9446.815753,152.8984275,1187.840917,2604.954564,84458.32342,86.60079176,1481.481745,1988.539882,46659.05867,538.8676863,8919.512471,48.57407543,4161.105721,25356.76299,392797.3306,1636.035524,11709.07583,185.2418184,900.785876,2215.666098,26191.31179,171.2228107,32927.79652,353.4697218,7220.93132,14319.49974,202409.9093,13690.45086,217209.4824,1808961.505,892.0423449,32593.05515,196631.1414,927.1789736,269.3476658,115.9220867,562.9492847,835.6338013,9001.363124,0,1531.949664,418.6493751,0,0,1667.22755,2177.93136,37500.89955,6419543.474,12768.93253,5966.901129,151529.6912,1257.463976,3612.977266,2220.331369,14448,77823.01243,876681.7948,38646.9341,523313.1971,596.4808054,11279.42576,89.28805409,431.7912562,7236.425527,15574.77431,148907.3938,149.5237217,12462,244.477934,2270.551834,214899,3820.601226,4330.963349,3337.584751,7613.152193,92496.95133,951.2201518,10446.40407,1327.708367,3257,922.4523235,54089.92381,0,2604.130934,4027.332291,48072.5989,511548.6095,427.0332393,79092.9158,1064940.759,2026.374697,16260,669.7341106,6439.42492,344.6749984,5201.448382,0,1908.646373,5052.026436,76087.11577,35270.71477,453708.4281,805.4668418,11138.80968
M274-Stomach 1975,0,0,0,0,0,0,0,0,0,0,0,0,0,0,0,0,0,0,0,0,0,0,0,0,0,0,0,0,0,0,0,0,0,0,0,0,0,0,0,0,0,0,0,0,0,0,0,0,0,0,0,0,0,0,0,0,0,0,0,0,0,0,0,0,0,0,0,0,0,0,0,0,0,0,0,0,0,4577,98373.43297,178868.8743,1122853.667,22687,56221.21662,1400856.492,6507.692447,21303.52718,5798.568322,222989.9476,78753.57978,620020.1452,1520.282,0,10420.09855,0,7043,573.8718404,143879.6171,0,464.5636912,1917701.851,5549.833811,9628.963119,497.1102808,688.5375902,1587.024153,0,6311,816.6673285,8198.946148,338.7664941,16693.27706,54297188.54,0,178170.3183,0,25203.14793,2081402.115,4869.582169,863.1146323,4371.314877,172809.6979,1049.874713,308.8362865,5400.734116,1582.491658,20234.95072,47452.93546,635944.0137,0,555.3513601,279.5794,9355.185193,521.3804883,34692,7948.185514,6208.285229,10374533.22,0,29644.05599,0,1144.976279,609088,1357.932418,0,37559.01283,758.0739853,17724.74423,317630.6755,4654872.176,9249.844547,80410.39579,719.9250963,6251.26073,0,2717.836772,691.004018,15682.40569,23623.73186,388322,160.59158,14761.19886,10801.85671,0,1773,0,2475.744949,45.94875763,8017.190027,5344060.128,0,8044.865583,1396416,0,576.5226411,2473.819277,92.17763307,1571.254253,5476429.174,3521.417655,2641.403438,94730.24059,498.0711381,9846.773842,211.4394064,1430.624445,128024.8356,2041119.618,1688.083474,17992.21516,3068.748618,29711,191147.4786,296.6449117,561.3005871,338293.3826,0,548.4637241,26363.82414,156.4205668,30407.4284,33319.74188,538732.713,117.3837175,5804.691497,227.1391505,4041.395091,237.6924275,1625.980437,118.9672167,24567.01056,0,2324.199364,22956046.88,40395.65033,1665.15137,8501591,0,17679.20838,231.6001847,2272.221201,0,4857.608756,0,1393.534419,5891.460949,136489.7241,0,3358.46369,3190.502166,88005.31183,109.4778891,18763.54205,297.9840861,13809.55471,59210.44148,786777.5776,2600.432494,14507.56537,308.807808,2836.666571,3878.739876,34184.98765,230.2074221,27922.49707,283.8884173,6065.450777,27826.60996,381643.4858,39245.83248,676146.3395,1927451.129,1100.637811,56547.16753,213092.6039,50.34810211,0,0,941.6953529,1405.252518,22613.23195,184.2815062,1952.686015,0,3271,0,3414.787306,5154.030549,72822.13409,9302840.311,19428.17325,5044.58878,183375.0498,67.38421944,7024.535316,3148.345838,31920,124842.3571,1596650.052,125990.1406,1256994.046,2177.431269,22458.46779,1509.302227,468.8294318,4658.240272,37431.97666,640161.7942,297.2259503,9731,379.4489369,4854.341323,300093,26.09688888,341.2771667,1427.774484,17838.94637,311415.2834,1838.984555,27291.16181,1563.916513,6615,863.6172282,10870.47834,452.7567968,8720.34967,882.1154047,18733.86778,541321.3374,84.22629059,137432.7155,1838289.694,2804.682404,30522,0,2402.041192,597.2789139,7749.409793,210.4707874,825.4948499,3020.286579,40693.55292,6940.084261,84281.27203,495.4704611,1938.160432
blk11,0,0,0,0,0,0,0,0,0,0,0,0,0,0,0,0,0,0,0,0,0,0,0,0,0,0,0,0,0,0,0,0,0,0,0,0,0,0,0,0,0,0,0,0,0,0,0,0,0,0,0,0,0,0,0,0,0,0,0,0,0,0,0,0,0,0,0,0,0,0,0,0,0,0,0,0,0,219,60.58667387,9564.34197,2816.223318,32,3317.105863,7888.918615,0,289.6798628,0,386.4939472,199.6451776,1064.191876,130.9433111,0,427.1369969,0,3,0,2656.765113,0,0,4605.578622,0,0,242.2373191,0,0,0,0,0,0,6.664031064,484.1574647,132478.3316,0,456.1793637,0,0,630.4187239,0,0,0,681.4121371,4.790223511,0,267.8517049,0,251.1742825,0,1380.512697,0,0,0,48.50073423,0,532,0,0,13347.63161,0,0,62.96742598,0,673,284.0586383,34.78854211,52.37487151,0,0,1136.301997,15770.52085,40.52174557,558.1721137,0,0,0,0,0,53.47872964,0,351,0,0,0,0,0,0,0,0,0,8595.518225,0,0,3121,0,0,0,0,0.425737629,3374.748772,0,0,0,0,530.4172536,0,0,0,3787.477335,0,133.8416438,0,31,72.48268325,0,0,1573.919385,0,0,0,0,0,0,0,0,0,0,0,4.673014621,0,0,0,3.364985157,0,63997.69458,0,0,44098,0,49.13744466,0,0,0,0,0,234.9814803,0,1920.288876,0,0,128.3703278,4766.140902,0,0,0,0,0,123.2506438,0,100.5187889,0,128.4661459,0,119.0322007,6.17048163,246.4408784,0,1632.186849,86.99259966,0,0,1032.606891,11865.57131,30.40011384,693.807894,563.2367033,0,0,0,366.7877589,0,0,0,0,0,78,0,0,0,0,16971.1619,0,0,1372.028957,0,0,0,169,175.2771002,2229.103447,440.1371556,2511.491982,0.60561344,0,0,0,144.4719805,0,337.1563612,0,115,0,0,1872,186.9380674,1.493858783,0,0,245.1414304,0,0,67.19172422,0,0,81.24892115,0,0,0,0,378.1890683,0,536.0938302,2984.662363,0,26,0,0,0,0,0,0,0,372.9059898,0,364.3299198,128.1292076,0
M275-Stomach1981,0,0,0,0,0,0,0,0,0,0,0,0,0,0,0,0,0,0,0,0,0,0,0,0,0,0,0,0,0,0,0,0,0,0,0,0,0,0,0,0,0,0,0,0,0,0,0,0,0,0,0,0,0,0,0,0,0,0,0,0,0,0,0,0,0,0,0,0,0,0,0,0,0,0,0,0,0,7696,99769.67701,169703.1558,2486899.265,33811,48536.44048,1203547.258,6487.647101,20218.54007,5662.834689,224632.4915,63616.0882,525456.7472,1356.847372,0,9312.612848,0,6509,648.2335753,190219.0627,119.2544062,419.4208895,1773453.182,4662.174493,12917.08382,567.4077921,586.1418018,2847.801888,301.7970725,11711,389.0988661,6750.645631,410.1116482,20597.59163,57211351.59,0,207512.472,42.36659776,33073.05813,3182361.436,6756.968047,1700.219707,7617.28394,338500.0865,2117.767857,513.8912068,4985.741166,1989.330909,29416.54802,41397.02044,691450.7679,0,1517.691641,332.9650002,13811.22791,1001.02039,210284,9451.390021,8757.123539,12501857.71,0,34402.28258,91.54521097,1919.046852,773765,2215.545188,0,40633.26311,455.7216418,18584.12628,287276.7872,4720661.987,5805.132373,64259.4422,0,5709.040991,276.8581459,2558.748132,1749.563624,26258.70027,18366.19405,312203,0,17938.10519,11380.39188,0,311,0,2646.436153,0,8859.417236,6502980.242,0,16151.24283,1395547,0,628.3497856,2474.029217,0,2355.255961,5739783.999,3044.82131,966.4789295,83447.39066,584.0774296,5653.821645,0,2489.529599,121539.3252,1544709.306,511.6984714,17488.52655,2885.745403,20707,541027.0766,114.8535051,11672.55533,374435.0631,0,1058.163822,28920.85938,823.7087736,40587.95456,24318.94582,370497.5094,504.0883064,5232.546312,0,3346.377016,148.7462451,3482.053703,249.1955738,35900.74503,0,3003.743296,19708932.01,40215.00458,8836.168627,7498486,0,19618.92413,0,1364.793842,124.3569289,8136.108937,262.2446346,1176.839953,4540.037097,159931.9006,230.6663498,4226.147807,1469.737184,95566.0577,473.9059043,44409.02747,392.1164192,9831.39455,38726.64935,611338.4088,1532.199854,12393.46296,0,2054.740866,1188.518403,29818.19698,381.9436736,31070.78715,188.8477955,4834.953599,17372.09333,275304.2139,23547.27065,343510.0666,2078928.286,3398.381048,59876.00725,237649.1635,549.8240559,0,0,986.2536352,725.1653035,15628.17984,0,1006.205428,89.7070053,3244,234.2455344,4430.414562,4128.400758,72913.789,6780683.819,15661.01551,7607.765156,212031.9943,700.2237771,12033.83463,2261.494777,22803,91895.49773,1468279.323,66070.28193,841102.5017,1547.126274,14009.17914,842.8031914,345.6789644,4048.373201,18519.15106,266031.0011,590.2246444,14671,197.4129805,2637.853671,306622,2189.000713,1027.99041,2899.024455,14792.4473,223285.8651,1588.498627,19061.00106,154.7758916,3401,1810.138576,58772.61611,373.7727685,5081.209378,4112.063618,48359.88681,421219.7156,413.5063326,95945.69591,1300890.527,2444.310971,19621,251.4009757,2662.666267,626.2065432,7494.208585,82.44131159,2234.038201,6663.784578,77693.37522,33165.48138,404290.4839,636.3893936,8458.512189
M276-Stomach 1982,0,0,0,0,0,0,0,0,0,0,0,0,0,0,0,0,0,0,0,0,0,0,0,0,0,0,0,0,0,0,0,0,0,0,0,0,0,0,0,0,0,0,0,0,0,0,0,0,0,0,0,0,0,0,0,0,0,0,0,0,0,0,0,0,0,0,0,0,0,0,0,0,0,0,0,0,0,12733,158732.0563,194773.0993,4062677.597,92794,49132.21579,2127487.944,10286.70415,22423.20985,7831.5901,296416.126,82457.19394,666818.8876,3741.222719,0,16903.22027,0,8628,723.8914602,353204.392,0,1327.395228,3003556.403,8299.620804,12396.59623,285.135208,1695.492656,1619.864087,390.6582284,19446,896.866913,10117.22171,0,23008.96511,75798912.87,0,263395.1082,0,47006.18926,3348543.634,8277.699596,774.1140046,19617.02873,660203.1396,2365.8228,1011.900278,8263.990086,3519.117464,41424.43652,92551.19486,1171367.443,0,909.8089473,155.1739054,10872.6324,331.5014738,62042,7306.497112,5856.88124,11200013.92,0,22956.91355,43.56228577,1812.465916,775377,1150.043226,0,73165.79233,1028.21256,30363.44752,686512.06,6204117.552,10340.01109,131834.4461,279.027283,15535.38541,430.3407208,1851.647002,1015.190257,14683.01149,21286.71591,230462,0,10759.93468,8742.300941,0,141,0,1442.437007,0,16309.39122,6948198.895,0,14356.3204,1504865,0,579.2050885,4401.472257,0,4486.601813,4666657.018,2956.274309,5210.824938,134604.5682,406.3317651,9008.74485,185.1415716,2455.808042,84926.04497,1167179.984,1633.094462,27941.28758,1985.821062,15835,270958.7335,29.46678759,34118.46728,527105.5029,253.2445528,366.5251971,34430.63741,440.7661312,33100.71681,25459.05379,352305.8792,421.131548,4480.229853,0,1391.941133,382.8216672,12359.63643,94.53387601,65164.50153,172.1011282,5760.35627,23275831.15,39509.08437,1696.113103,9171230,0,22577.77706,0,1364.694634,909.2401288,13145.27173,0,2828.142601,7906.082935,292973.2003,278.522963,8230.723672,3272.38624,147891.0861,65.60489123,74727.17897,318.8406946,14381.715,45969.20705,659527.0785,1259.493774,12312.26818,152.3827025,1911.803477,1588.157773,23142.10774,983.1570471,24467.30282,243.9213323,7548.096668,10572.67187,229965.2007,31121.91541,432027.3272,3617196.761,3047.558624,123627.5197,460453.7893,100.0837757,22.7259418,0,2755.706707,779.8257752,18440.35994,1.379309893,2379.551369,141.5547043,5186,538.7566583,6572.050187,8956.94627,123261.8395,11246213.23,25756.55817,10980.14912,259494.6904,158.7130303,26038.46457,1943.015669,24745,83376.37178,1186752.663,86885.24044,1212382.19,1734.637165,22205.08382,204.837777,405.9891954,5509.403388,25477.46496,381241.344,654.4896902,24631,0,2634.92186,577126,2564.740842,1097.012379,5114.50027,27928.80557,417506.8908,3240.466871,30205.1408,743.7003068,7107,1356.515633,20261.25818,1001.951171,8489.721736,1901.354818,22587.13778,503696.2497,136.1833871,91794.44747,1369967.091,2306.752239,21119,0,2653.231513,737.4384514,7070.090865,193.1878846,985.3393999,4790.744402,62112.89332,12049.69085,145532.4264,678.7015683,3501.501508
blk12,0,0,0,0,0,0,0,0,0,0,0,0,0,0,0,0,0,0,0,0,0,0,0,0,0,0,0,0,0,0,0,0,0,0,0,0,0,0,0,0,0,0,0,0,0,0,0,0,0,0,0,0,0,0,0,0,0,0,0,0,0,0,0,0,0,0,0,0,0,0,0,0,0,0,0,0,0,15,84.73106556,9150.601511,8187.443535,266,4468.710114,7927.933551,0,188.471435,0,390.7528638,246.5321578,1143.232417,0,0,463.4350715,0,16,0,2799.698288,0,0,5506.359697,0,0,0,0,0,0,26,0,0,0.130016737,542.1906753,169664.925,0,139.9153631,0,244.6685305,288.1336471,0,0,0,578.4790165,0,0,0,0,0,0,1490.076835,0,0,0,592.551375,201.5123116,142,0,0,17585.80801,116.3508464,0,0,180.2548149,1685,0,0,87.63905339,0,138.6733866,1813.233644,16400.62129,0,442.3987353,0,0,0,0,0,52.5061875,0,6,0,0,0,0,3,0,0,0,0,10776.36401,0,0,5700,0,0,0,0,0,3896.326761,0,0,240.9986709,0,165.9976108,0,0,282.040491,5872.848918,0,127.3722889,0,29,1504.235487,0,0,1692.499104,37.63890248,0,3.506789092,0,0,0,0,0,0,0,1.313275679,0,0,0,0,0,0,64576.85613,0,0,49177,0,201.6427279,0,0,0,0,0,0,0,2213.942684,106.1807563,0,3.234272791,4287.733309,0.706510735,0,0,41.30279686,141.5565276,494.0174721,0,0,0,51.80827228,0,0,0,113.7757274,0,2584.700212,0.547401205,793.4254702,2.503244488,369.5993523,9351.059558,0,841.8203233,1293.811782,157.6969956,0,156.0369616,0,0,85.85128876,0,0,0,12,0,0,0,191.8853088,15644.45034,0,0,1264.889853,25.65046884,0,0,27,0,2728.145315,123.016262,2087.40968,0,100.3595487,114.6022683,0,448.1136395,0,653.5995682,0,54,0,0,2611,73.48738646,0,8.433280627,0,182.0790094,0,31.52887214,51.1557922,0,110.5767295,83.14030283,0,0,0,0,109.5583477,0,7.880461357,2865.617901,0,33,0,0,0,0,0,0,0,349.5748991,0,411.936244,385.8224024,0
M266-278QCStomach4,0,0,0,0,0,0,0,0,0,0,0,0,0,0,0,0,0,0,0,0,0,0,0,0,0,0,0,0,0,0,0,0,0,0,0,0,0,0,0,0,0,0,0,0,0,0,0,0,0,0,0,0,0,0,0,0,0,0,0,0,0,0,0,0,0,0,0,0,0,0,0,0,0,0,0,0,0,8707,122779.4153,181355.416,3037700.789,50126,50215.97859,1693220.158,8200.30799,20883.46968,6779.394466,246314.8783,75952.75206,617729.9369,2609.64345,0,11504.47357,0,6359,513.1492081,217117.4662,0,709.1180615,1991247.539,5936.870806,9955.658274,172.7089538,613.659417,1347.745291,199.7199101,8835,523.8040941,6249.241381,0,19352.54379,58054004.32,0,224847.5006,36.35969784,40899.04946,2050390.594,4102.734731,1576.216414,9964.438435,439414.5259,1494.854033,654.2974061,5058.653502,2138.918424,24978.52099,45750.71189,700633.081,244.1809143,584.6018406,124.750655,8221.483867,409.5231648,70934,6064.935134,5021.549233,8904919.035,0,17637.94586,52.75131039,2499.375412,765128,1322.33664,158.6914418,48709.73521,150.1488381,16721.80094,345688.8119,3721709.326,5415.963451,62762.18134,336.6696458,6967.869285,0,2172.174055,1148.905891,16780.29295,12869.39342,163659,0,7809.65923,7959.325051,0,1231,0,1060.169899,0,14599.9066,3658874.199,0,10689.37512,1284628,0,453.8445229,2097.389505,0,3997.06313,3836680.603,2938.691368,2906.824815,106846.8362,355.427256,4562.757587,0,2321.334085,59149.50493,675913.056,812.7533991,16711.83427,1087.193891,13064,197649.6454,303.5027225,24026.58515,380202.4835,0,88.8199075,21062.80744,353.0709655,24026.41954,15558.21837,227876.2296,358.4331581,3776.240633,144.8327542,1492.949446,0,4976.080378,0,47227.73472,0,2918.494247,15336935.43,36329.89784,9933.319936,6011095,203.1345234,9834.165314,0,1838.526565,537.7256446,9647.61882,0,2419.170688,6600.573435,186494.6541,0,4306.418153,2956.722895,77331.30221,39.70286697,58464.75603,345.850651,9371.653137,34577.56977,477441.1394,743.5945087,7265.583417,0,752.107459,858.2171703,20490.99898,154.1430494,19230.37746,463.2010959,6329.220921,12217.12998,177608.8134,20342.19492,325101.4046,2488645.556,2085.520526,79859.89618,356320.8516,718.9729449,48.00394597,0,1783.430514,561.7489051,10384.98782,0,1144.886711,121.8909124,2061,234.1058331,4268.261278,5241.417614,72232.74768,6428775.723,14308.70244,8141.17594,209096.4783,172.0321789,14965.03418,1944.261627,16941,69395.46875,1098579.622,54009.02507,829774.0309,1614.937253,13564.66533,811.3944731,465.7108332,5589.033642,17542.05757,227950.6746,194.8971951,17351,0,2750.337434,385933,42.63825329,952.1423549,2673.1431,19971.61906,243604.3168,1679.350344,25631.39673,285.1267823,4404,909.7936755,18831.13232,394.3130876,5326.016686,1350.747955,21964.92334,273536.1914,54.02418786,61833.90881,1008810.055,1960.533472,14624,240.8396773,2178.825595,622.8065597,5189.822694,0,1310.479794,4944.843859,58962.52593,11022.31136,155262.0448,328.6531558,3601.43406
M266-278QCStomach5,0,0,0,0,0,0,0,0,0,0,0,0,0,0,0,0,0,0,0,0,0,0,0,0,0,0,0,0,0,0,0,0,0,0,0,0,0,0,0,0,0,0,0,0,0,0,0,0,0,0,0,0,0,0,0,0,0,0,0,0,0,0,0,0,0,0,0,0,0,0,0,0,0,0,0,0,0,7934,131687.6698,185156.698,2761772.337,46361,49313.80266,1520959.789,7906.337147,15344.11677,6061.817649,243944.8799,68198.48976,467502.0808,2466.996661,0,10961.99518,0,5784,324.7557322,189630.742,0,702.7439881,2303316.892,5788.696666,9254.749168,0,316.5276172,740.0837527,0,8595,400.3315616,4864.117025,205.5730359,15569.37794,59504288.5,0,180688.6059,0,27937.44718,1372334.308,2773.088964,1501.895109,8741.110341,385437.5631,1412.711387,184.507658,3964.647769,1816.033037,19337.50606,39315.38606,590456.1479,0,964.639502,191.6721971,7865.822812,168.9641005,39188,3896.447992,3788.025726,4516839.723,0,9666.166589,214.0871668,1020.58038,633013,1476.346304,0,46969.61211,316.6046481,15674.29061,271783.8927,4944191.856,4432.223375,54511.79518,370.1313716,4559.563209,0,1452.782397,454.5068127,5835.652315,6891.83389,93572,0,4547.493297,5157.988145,0,1350,0,871.3228089,422.8764717,12214.62524,3745935.593,0,8161.873327,897312,0,277.2587372,1423.620103,0,3125.631877,2489775.653,1245.92827,1734.47252,48448.41046,388.7694009,3324.86462,206.347194,1724.272584,56595.30236,627221.7125,248.6647548,12385.67516,1072.517165,10692,157383.3097,308.6686791,13246.669,367804.2814,0,109.3856144,14956.35854,0,20340.43348,17114.53379,175549.1216,0,2114.941052,0,1624.272801,137.2093709,1892.52642,106.3738479,20159.73397,0,3003.084219,14347139.6,26989.92455,572.4482816,5629076,0,12666.89597,1.628914204,1436.83769,292.2579809,6056.713399,0,1740.962434,4162.331048,181086.795,0,3027.487281,2963.330641,108244.1038,0,46144.02778,249.4093181,6001.709775,22537.90188,315614.5974,846.1528172,4934.227307,0,774.3051174,1192.242228,10881.16104,99.2743693,12696.32209,0,5038.999102,12357.91914,169933.7118,18266.25716,331950.1189,1786241.668,2076.650241,75130.51641,287458.1994,0,0,0,882.1073977,719.7853526,7348.162978,0,760.8311362,0,2331,179.5743279,3104.025333,3951.377416,49318.82962,5762189.275,9887.05457,3214.167833,165496.5614,252.0835491,13552.72551,1460.129296,12080,53380.70921,835070.6205,38586.85008,545230.8976,1601.735016,8629.556544,240.3356789,499.3966162,3825.476528,19457.79557,285071.8955,291.0200696,12747,0,1822.350892,322774,1460.218725,820.27329,3168.884441,13153.70879,158806.7447,1534.954552,21316.15567,372.5911092,3634,246.6427519,13468.23047,170.5470278,4679.391663,1293.781495,17033.91637,256427.1868,470.3731078,51780.61125,680679.2434,1009.377441,13034,0,1894.442423,536.6440205,4900.835373,0,911.2575797,3245.104832,49272.19701,10004.13364,130768.3808,548.2349569,2703.160812
