Sample,C1P d18:1/C16:0,Cer d16:1/C20:0(-H20),Cer d16:1/C20:0,Cer d16:1/C22:1(-H20),Cer d16:1/C22:1,Cer d16:1/C23:0(-H20),Cer d16:1/C23:0,Cer d16:1/C25:1(-H20),Cer d16:1/C25:1,Cer d16:1/C26:0(-H20),Cer d16:1/C26:0,Cer d16:1/C26:1(-H20),Cer d16:1/C26:1,Cer d18:0/C23:1(-H20),Cer d18:0/C23:1,Cer d18:0/C25:0(-H20),Cer d18:0/C25:0,Cer d18:0/C25:1(-H20),Cer d18:0/C25:1,Cer d18:0/C26:0(-H20),Cer d18:0/C26:0,Cer d18:0/C26:1(-H20),Cer d18:0/C26:1,Cer d18:1/C14:1(-H20),Cer d18:1/C14:1,Cer d18:2/C20:1(-H20),Cer d18:2/C20:1,Cer d18:2/C25:1(-H20),Cer d18:2/C25:1,DHCer d16:1/C16:0(-H20),DHCer d16:1/C16:0,DHCer d18:1/C14:0(-H20),DHCer d18:1/C14:0,DHCer d18:2/C18:1(-H20),DHCer d18:2/C18:1,DHCer d18:2/C24:0(-H20),DHCer d18:2/C24:0,GM3 d16:1/C14:0,GM3 d16:1/C16:0,GM3 d16:1/C18:0,GM3 d16:1/C20:0,GM3 d16:1/C22:0,GM3 d16:1/C24:0,GM3 d16:1/C24:1,GM3 d18:1/C14:0,GM3 d18:1/C20:0,GM3 d18:1/C22:0,GM3 d18:2/14:0,GM3 d18:2/16:0,GM3 d18:2/18:0,GM3 d18:2/20:0,GM3 d18:2/22:0,GM3 d18:2/24:0,GM3 d18:2/24:1,MHCer d16:1/C16:0(-H20),MHCer d16:1/C16:0,MHCer d16:1/C20:0(-H20),MHCer d16:1/C20:0,MHCer d16:1/C22:0(-H20),MHCer d16:1/C22:0,MHCer d16:1/C22:1(-H20),MHCer d16:1/C22:1,MHCer d16:1/C23:0(-H20),MHCer d16:1/C23:0,MHCer d16:1/C23:1(-H20),MHCer d16:1/C23:1,MHCer d16:1/C24:0(-H20),MHCer d16:1/C24:0,MHCer d16:1/C24:1(-H20),MHCer d16:1/C24:1,MHCer d16:1/C26:0(-H20),MHCer d16:1/C26:0,MHCer d18:0/C16:1(-H20),MHCer d18:0/C16:1,MHCer d18:0/C22:1(-H20),MHCer d18:0/C22:1,MHCer d18:2/C16:1(-H20),MHCer d18:2/C16:1,MHCer d18:2/C22:1(-H20),MHCer d18:2/C22:1,MHCer d18:2/C25:0(-H20),MHCer d18:2/C25:0,SM C30:1,SM C34:0,SM C36:0,SM C38:0,SM C39:1,SM C40:0,SM C42:0,SM d16:1/C23:0,SM d18:0/C16:0,SM d18:0/C18:0,SM d18:0/C20:0,SM d18:0/C22:0,SM d18:0/C24:0,SM d18:1/C12:0,Sphd16:1,Sphd18:2,Sphd18:1-D7 (ISTD),Sphd18:1,Sphd18:0,Sphd18:0-D7 (ISTD),SM C24:1 (ISTD),SM d18:1/C6:0 (ISTD),C1P d18:1/C8:0 (ISTD),MHCer d18:1/C8:0 (ISTD)(-H20),MHCer d18:1/C8:0 (ISTD),Cer d18:1/C8:0 (ISTD)(-H20),Cer d18:1/C8:0 (ISTD),SM C32:2,SM d18:2/C14:0,GM3 d18:1/C16:0,SM C32:1,SM d16:1/C16:0,SM d18:1/C14:0,SM C34:2,SM d18:2/C16:0,GM3 d18:1/C18:0,MHCer d18:1/C14:0(-H20),MHCer d18:1/C14:0,Cer d18:2/C14:0(-H20),Cer d18:2/C14:0,MHCer d18:2/C16:0(-H20),MHCer d18:2/C16:0,DHCer d18:1/C16:0(-H20),DHCer d18:1/C16:0,DHCer d18:2/C16:0(-H20),DHCer d18:2/C16:0,SM C34:1,SM d16:1/C18:0,SM d18:1/C16:0,MHCer d18:1/C16:1(-H20),MHCer d18:1/C16:1,SM C36:2,SM d18:2/C18:0,MHCer d18:1/C16:0(-H20),MHCer d18:1/C16:0,MHCer d18:0/C16:0(-H20),MHCer d18:0/C16:0,Cer d16:1/C16:0(-H20),Cer d16:1/C16:0,Cer d18:1/C14:0(-H20),Cer d18:1/C14:0,MHCer d18:1/C18:1(-H20),MHCer d18:1/C18:1,Cer d18:2/C16:0(-H20),Cer d18:2/C16:0,Cer d18:2/C18:1(-H20),Cer d18:2/C18:1,Cer d18:1/C16:1(-H20),Cer d18:1/C16:1,GM3 d18:1/C24:1,SM C36:1,SM d16:1/C20:0,SM d18:1/C18:0,SM C38:2,SM d18:2/C20:0,DHCer d18:1/C18:0(-H20),DHCer d18:1/C18:0,MHCer d18:1/C18:0(-H20),MHCer d18:1/C18:0,Cer d18:1/C16:0(-H20),Cer d18:1/C16:0,Cer d18:0/C16:0(-H20),Cer d18:0/C16:0,Cer d16:1/C18:0(-H20),Cer d16:1/C18:0,MHCer d18:2/C20:0(-H20),MHCer d18:2/C20:0,Cer d18:1/C18:1(-H20),Cer d18:1/C18:1,Cer d18:2/C18:0(-H20),Cer d18:2/C18:0,DHCer d18:1/C22:1(-H20),DHCer d18:1/C22:1,DHCer d18:1/C20:0(-H20),DHCer d18:1/C20:0,GM3 d18:1/C24:0,DHCer d18:2/C24:1(-H20),DHCer d18:2/C24:1,DHCer d18:2/C22:0(-H20),DHCer d18:2/C22:0,MHCer d18:1/C20:1(-H20),MHCer d18:1/C20:1,SM C38:1,SM d16:1/C22:0,SM d18:1/C20:0,SM C40:2,SM d16:1/C24:1,SM d18:1/C22:1,SM d18:2/C22:0,SM C42:3,SM d18:2/C24:1,MHCer d18:1/C20:0(-H20),MHCer d18:1/C20:0,MHCer d18:1/C22:1(-H20),MHCer d18:1/C22:1,Cer d18:1/C18:0(-H20),Cer d18:1/C18:0,MHCer d18:2/C24:1(-H20),MHCer d18:2/C24:1,MHCer d18:2/C22:0(-H20),MHCer d18:2/C22:0,Cer d18:0/C18:0(-H20),Cer d18:0/C18:0,SM C41:2,SM d18:1/C23:1,SM d18:2/C23:0,DHCer d18:1/C22:0(-H20),DHCer d18:1/C22:0,Cer d18:1/C20:1(-H20),Cer d18:1/C20:1,DHCer d18:1/C24:1(-H20),DHCer d18:1/C24:1,Cer d18:2/C20:0(-H20),Cer d18:2/C20:0,Cer d18:2/C22:1(-H20),Cer d18:2/C22:1,MHCer d18:1/C23:1(-H20),MHCer d18:1/C23:1,MHCer d18:2/C23:0(-H20),MHCer d18:2/C23:0,SM C42:2,SM d18:1/C24:1,SM d18:2/C24:0,SM C40:1,SM d16:1/C24:0,SM d18:1/C22:0,Cer d18:2/C23:1(-H20),Cer d18:2/C23:1,DHCer d18:1/C23:0(-H20),DHCer d18:1/C23:0,MHCer d18:0/C24:1(-H20),MHCer d18:0/C24:1,MHCer d18:1/C22:0(-H20),MHCer d18:1/C22:0,MHCer d18:0/C22:0(-H20),MHCer d18:0/C22:0,MHCer d18:1/C24:1(-H20),MHCer d18:1/C24:1,MHCer d18:2/C24:0(-H20),MHCer d18:2/C24:0,Cer d18:1/C20:0(-H20),Cer d18:1/C20:0,Cer d18:0/C20:0(-H20),Cer d18:0/C20:0,Cer d16:1/C24:1(-H20),Cer d16:1/C24:1,Cer d18:1/C22:1(-H20),Cer d18:1/C22:1,Cer d18:0/C22:1(-H20),Cer d18:0/C22:1,DHCer d18:1/C24:0(-H20),DHCer d18:1/C24:0,Cer d16:1/C22:0(-H20),Cer d16:1/C22:0,MHCer d18:1/C25:1(-H20),MHCer d18:1/C25:1,Cer d18:2/C24:1(-H20),Cer d18:2/C24:1,Cer d18:2/C22:0(-H20),Cer d18:2/C22:0,SM C41:1,MHCer d18:1/C23:0(-H20),MHCer d18:1/C23:0,SM C43:2,SM d18:1/C25:1,SM d18:2/C25:0,MHCer d18:0/C23:0(-H20),MHCer d18:0/C23:0,Cer d18:1/C23:1(-H20),Cer d18:1/C23:1,MHCer d18:1/C26:1(-H20),MHCer d18:1/C26:1,MHCer d18:0/C24:0(-H20),MHCer d18:0/C24:0,Cer d18:2/C23:0(-H20),Cer d18:2/C23:0,SM C42:1,SM d18:1/C24:0,MHCer d18:1/C24:0(-H20),MHCer d18:1/C24:0,Cer d18:0/C24:1(-H20),Cer d18:0/C24:1,Cer d18:1/C24:1(-H20),Cer d18:1/C24:1,Cer d18:1/C22:0(-H20),Cer d18:1/C22:0,Cer d18:0/C22:0(-H20),Cer d18:0/C22:0,SM d18:1/C23:0,Cer d16:1/C24:0(-H20),Cer d16:1/C24:0,Cer d18:2/C24:0(-H20),Cer d18:2/C24:0,MHCer d18:1/C25:0(-H20),MHCer d18:1/C25:0,Cer d18:2/C26:1(-H20),Cer d18:2/C26:1,SM C43:1,SM d18:1/C25:0,Cer d18:1/C23:0(-H20),Cer d18:1/C23:0,Cer d18:1/C25:1(-H20),Cer d18:1/C25:1,Cer d18:0/C23:0(-H20),Cer d18:0/C23:0,MHCer d18:1/C26:0(-H20),MHCer d18:1/C26:0,Cer d18:2/C25:0(-H20),Cer d18:2/C25:0,Cer d18:1/C26:1(-H20),Cer d18:1/C26:1,SM C44:1,SM d18:1/C26:0,Cer d18:1/C24:0(-H20),Cer d18:1/C24:0,Cer d18:0/C24:0(-H20),Cer d18:0/C24:0,Cer d18:2/C26:0(-H20),Cer d18:2/C26:0,Cer d18:1/C25:0(-H20),Cer d18:1/C25:0,Cer d18:1/C26:0(-H20),Cer d18:1/C26:0
blk1,0,0,0,0,0,0,0,0,0,0,0,0,0,0,0,0,0,0,0,0,0,0,0,0,0,0,0,0,0,0,0,0,0,0,0,0,0,0,0,0,0,0,0,0,0,0,0,0,0,0,0,0,0,0,0,0,0,0,0,0,0,0,0,0,0,0,0,0,0,0,0,0,0,0,0,0,0,0,0,0,0,0,0,0,0,0,0,0,0,0,0,0,0,0,0,0,0,638.6207828,3201.48661,7586.916434,297,1413.980764,3182.051775,32.06728496,302.1357808,0,370.3369912,0,664.4185866,0,0,1,1601.878781,0,0,1521.329122,0,0,0,0,0,0,0,34,0,0,0,0,43037.52348,0,0,0,0,1972.53302,0,0,0,39.4657129,1204.769016,0,0,0,0,0,0,0,387.9143325,0,0,0,557.5141042,0,21971.748,0,104.1255415,358.5470197,0,113.7457946,1999.500392,0,1489.487551,582.9616072,7309.554984,0,159.4318793,0,0,0,0,0,37.36487184,0,2247,0,0,0,50.24203932,0,0,1,0,0,0,0.556604216,3784.426197,0,0,776,0,0.95645663,0,810.6860481,0,0,184.2057847,0,0,1937.391469,20293.83882,0,677.316656,0,0,0,283,59.02171484,0,174.7866769,0,0,0,0,0,0,1.656517492,18.66124752,0,0,0,0,0,0,15525.77588,433.8850235,0,16201,0,0,0,0,0,0,0,0,0,3461.750543,0,0,837.4377135,26398.69121,0,43.612486,0,0,100.6793298,117.2402055,0,0,0,0,0,0,0,0,0,2349.24706,17.46652099,612.0782465,0,0,0,225.251987,4829.486013,123.8644345,2823.570237,222.7377139,138.9292342,0,0,179.4584128,0,0,0,0,0,36,0,8.646969166,4209.513703,187.3829179,0,3699.41297,0,44,0,879.0458001,0,1141.308494,0,0,197.4272935,0,411.7281165,0,137.630871,0,242,0,0,743,693.9900417,0,491.7080346,0,0,0,24,0.387069004,179.4898172,0,0,7.159288942,0,192.4018904,0,0,864.8229407,0,45,0,0,0,82.49967718,0,283.4655826
blk2,0,0,0,0,0,0,0,0,0,0,0,0,0,0,0,0,0,0,0,0,0,0,0,0,0,0,0,0,0,0,0,0,0,0,0,0,0,0,0,0,0,0,0,0,0,0,0,0,0,0,0,0,0,0,0,0,0,0,0,0,0,0,0,0,0,0,0,0,0,0,0,0,0,0,0,0,0,0,0,0,0,0,0,0,0,0,0,0,0,0,0,0,0,0,0,0,0,306.6369353,3643.008689,11440.22833,101,3547.980652,3544.805562,0,0,0,329.2477068,0,626.3352274,115.751198,0,19,1430.681371,0,0,1170.236728,0,0,112.1454674,0,0,0,0,17,0,304.2113708,0,0,31126.9838,0,217.3470695,0,129.4825351,299.602617,0,0,0,37.75139105,3419.615451,0,0,111.1601357,0,0,0,1.17376896,102.206051,0,0,0,1182.063033,0,22978.56343,0,0,348.0816362,0,0,1650.125594,0,588.3073461,431.1561938,3103.817031,0,0,0,0,0,0.717873464,0,0,0,1305,0,0,0,0,0,0,0,0,0,0,0,2585.4678,0,0,413,0,0,0,1142.805244,0,0,217.6539322,1.598771862,0,1231.126364,10455.03187,0,0,0,0,0,104,277.3884397,0,0,0,0,2.405550068,0,0,0,0,0,1.519349686,0,0,0,0,0,9194.896326,436.5864898,0,11613,0,0,0,0,0,0,0,0,132.0649824,2457.912255,0,152.8465763,0,19029.96678,0,0,0,0,0,0,0,0,0,0,0,0,0,0,0,933.6989938,0,370.2808607,0,0,0,178.5064735,3279.903583,0,1299.268607,25.51946216,30.33688181,33.01240271,0,0,0,0,13.19969547,0,0,67,0,0,1976.011906,0,0,1550.875453,0.359447504,29,0,370.3111631,0,319.3173018,0,0,267.0826561,0,0,10.26490407,0,20.72534112,11,0,0.342869465,190,168.0931687,0,258.6903692,0,0.261821942,0,48,0,0,0,0,0,0,0,0,0,521.2151049,0,2,0,0,0,0,26.08988713,258.0491131
blk3,0,0,0,0,0,0,0,0,0,0,0,0,0,0,0,0,0,0,0,0,0,0,0,0,0,0,0,0,0,0,0,0,0,0,0,0,0,0,0,0,0,0,0,0,0,0,0,0,0,0,0,0,0,0,0,0,0,0,0,0,0,0,0,0,0,0,0,0,0,0,0,0,0,0,0,0,0,0,0,0,0,0,0,0,0,0,0,0,0,0,0,0,0,0,0,0,0,466.8723296,4361.019676,10650.88535,144,1761.325569,3779.652534,22.36235695,0,0,355.508468,0,608.9939175,0,0,2,1706.642938,0,0,827.0857939,0,0,54.19330859,0,1.004793474,0,0,0,0,95.41860192,0,0,29126.08786,0,0,0,162.6302885,698.767906,0,128.3044434,65.1713326,101.0662886,2692.186325,155.8746896,0,0,0,0,0,0,0,0,0,133.950031,939.6667313,0,24426.77593,0,0,0,0,0,1435.143832,0,466.6357867,332.7736085,3552.280458,0,175.7761722,0,0,0,1.020853685,1.023401089,2.681821776,0,332,0,0,0,7.655832283,0,0,1,0,0,0,0,2655.892247,0,0,181,0,0,0,467.3026187,0,0,153.891071,0,0,635.103231,8903.091839,0,123.5823197,0,0,0,140,339.4958538,0,0,0,0,0,0,0,0,0,0,0,0,0,0,0,0,9581.68805,0,0,12799,62.56990146,0,0,0,0,0,0.391099415,0,0.255429263,2089.796937,0,0,0,10134.0025,0,0,0,570.2641163,0,0,0,0,1.160727699,0,0,0,0,0,0,1045.911656,0,0,0,0,0,0,1830.657625,0,868.9014251,162.6743209,0,0,0,0,58.3216907,0,0.612270309,0,0,37,0,1.02979034,2062.120105,0,0.84424044,1046.646857,130.4816601,0,0,363.3359381,0,620.1972552,0,150.7452178,0,0,0,0,0,0,299,0,0,193,1029.437095,0,0,0.647210096,0.356787153,26.98337803,20,0,0,98.43583815,2.380379225,0,0.509366341,0,0,0,281.070996,0,12,0,0,0,42.23512302,0,102.6627868
SL std mix1,0,0,0,0,0,0,0,0,0,0,0,0,0,0,0,0,0,0,0,0,0,0,0,0,0,0,0,0,0,0,0,0,0,0,0,0,0,0,0,0,0,0,0,0,0,0,0,0,0,0,0,0,0,0,0,0,0,0,0,0,0,0,0,0,0,0,0,0,0,0,0,0,0,0,0,0,0,0,0,0,0,0,0,0,0,0,0,0,0,0,0,0,0,0,0,0,0,460.1064514,210476.7827,760.5577364,70,58484.56392,947158.1719,5332.609979,12398.66394,4864.502156,168662.0483,93486.17515,737790.6496,0,0,56,1907.442137,0,0,1231.233727,0,0,0,0,0,0,0,39,0,0,0,0,43554.81872,0,0,0,0,3078.895425,0,0,0,0,160.4886656,116.5521465,260.3952612,0,346.4012194,0,0,0,373.2835683,0,0,0,0,0,40195.79537,0,0,809.0457589,0,0,2276.740893,0,1781.060075,222.4632667,6072.957551,0,330.9974907,0,133.7696201,0,0,0,0,145.584506,1743,0,0,0,0,0,0,2,0,0,0,0,8239.106692,0,0,3065,0,0,0,170.8077851,0,164.9093607,244.9238612,0,223.5417363,2043.726185,27682.59218,0,0,0,0.948705853,226.1092613,186,2373.393723,0,0,0,0,0,0,0,0,130.665187,0,0,0,0,76.23837551,0,0,20536.84733,233.1570447,0,26162,0,0,0,0,0,0,148.9696964,0,0,4435.670412,0,200.316964,266.1153474,24132.15022,0,58.45116571,0,1181.158051,0,0,0,0,0,144.7822818,0,0,0,274.8955464,0,4362.733459,0,640.8723528,0,261.4851525,0,216.1936012,11601.31298,0,2080.591041,166.9032594,158.7730469,0,0,0,31.68290332,2.59088739,0,0,0,58,0,0,33353.54694,137.4713661,0,9868.643782,0,19,0,3968.005971,135.1354436,7504.234774,0,147.6221356,562.8898393,0,505.9718506,0,493.81568,0,492,0,0,843,49.63182236,163.4667499,1241.448375,33.46388727,7.230150698,0,8,0,0,0,100.7747812,0.918530363,0,388.6951437,0,365.7201364,5984.733563,0,137,0,0,0,577.2185167,47.81815327,872.3608677
SL std mix2,0,0,0,0,0,0,0,0,0,0,0,0,0,0,0,0,0,0,0,0,0,0,0,0,0,0,0,0,0,0,0,0,0,0,0,0,0,0,0,0,0,0,0,0,0,0,0,0,0,0,0,0,0,0,0,0,0,0,0,0,0,0,0,0,0,0,0,0,0,0,0,0,0,0,0,0,0,0,0,0,0,0,0,0,0,0,0,0,0,0,0,0,0,0,0,0,0,16.07659752,199199.6058,2553.601358,217,56886.42147,934872.8352,5001.936378,14870.50651,4297.374197,153440.761,86719.56475,625496.7773,171.0893034,0,16,1592.249052,0,0,1408.854878,0,0,0,0,138.191274,0,0,0,0,0,0,0,37424.0008,0,0,0,0,1392.419579,0,0,0,84.07843443,406.4039931,131.4096244,0,0,0,0,0,0,239.5822144,0,0,0,208.6331244,0,39179.73224,0,0,44.38827025,0,0,1678.001676,0,1404.034614,1330.006338,4752.69566,173.9747573,0,0,118.9728671,0,0,0,0,156.7830372,1308,0,0,0,0,0,0,2,0,0,0,130.973728,3729.750489,0,0,1741,0,0,0,809.4584495,0,0,244.9176119,0,348.9715117,1677.410145,23647.34096,0,411.0683435,0,0,0,147,921.4037151,0,0,0,0,0,0,0,0,0,0,0,0,0,0,0,0,20206.68239,643.6680862,0,23447,88.96194762,0,1.482299538,0,0,0,0,127.8108893,0,2769.493441,0,0,0,15189.67918,0,0,219.3987737,466.2216092,0,55.47363241,0,48.53002452,0,210.4953094,0,0,20.17527738,195.31778,0,3731.612156,0,620.653246,52.56590998,252.0530448,0,234.9722196,7670.894834,0,1982.711933,438.2749956,130.5313865,482.8686032,0,184.9001928,0,38.06137454,0,0,0,106,193.0499477,0,18595.54183,148.1732157,181.6520014,5061.131788,0,57,237.8478967,1993.32724,116.9836088,4310.130333,200.0942858,197.2134866,451.1225527,0,411.9384235,0,230.8443083,0,621,0,0,1073,432.4531026,79.62042158,978.2566126,0,0,0,11,0,0,0,0,0,0,350.324803,0,203.001454,3632.681961,78.35903841,32,8.117702486,0,0,417.2493005,0,905.5517375
blk6,0,0,0,0,0,0,0,0,0,0,0,0,0,0,0,0,0,0,0,0,0,0,0,0,0,0,0,0,0,0,0,0,0,0,0,0,0,0,0,0,0,0,0,0,0,0,0,0,0,0,0,0,0,0,0,0,0,0,0,0,0,0,0,0,0,0,0,0,0,0,0,0,0,0,0,0,0,0,0,0,0,0,0,0,0,0,0,0,0,0,0,0,0,0,0,0,0,454.4745818,25613.31604,5961.257009,43,9988.11344,8806.887112,0,831.4716395,0,313.8578512,0,799.2346594,0,0,1,1612.054052,0,0,1210.546824,0,0,0,0,0,0,0,0,0,0,0,0,37906.66245,0,0,0,263.5895129,506.9703517,0,0,66.66938105,203.533743,1515.612476,0,0,0,0,0,103.739567,0,355.6511547,0,0,55.61521424,269.4422339,0,27696.22222,0,0,435.6926135,0,0,936.4299484,0,329.1410529,569.9764106,6993.00673,0,143.6738105,0,188.0015407,0,0.077366419,0,0,0,883,0,0,0,1.481833612,0,0.52015961,1,0.693964458,0,0,0,2961.090449,0,0,573,0,0,0,1770.204044,0,0.484089254,0,0,375.5242434,1424.684373,11805.58084,0,0,0,0,0,100,367.1923435,0,0,0,0,0,0.680359973,0,0,0,0,0,0,0,0,0,0,10082.88954,266.8072402,0,13888,0,0,0,0,0,0,0,106.0995798,1.919029255,2124.196893,0,0,0,12629.06585,0.634914559,0,0,455.0910357,127.7319659,0,0,0.782314268,0,0,0,0,0,0,0,1637.85435,0,300.4771642,0,0,44.625851,229.1061873,3814.258467,0.72036318,860.4281468,273.514534,346.9395481,1.258686907,0,139.4455225,0,0,93.55126036,0,0,28,5.902902687,0,3319.57892,176.7316532,120.3498415,1258.760668,0,56,0,272.1618745,0,1801.881672,0,0,23.03377858,0,303.5244199,0.702648479,0,0,77,0,14.65967242,402,369.5501093,0,70.78267609,0,21.68211308,0,24,0,0,0,0,0,21.31818525,114.7137985,0,96.0583526,857.9382538,0,39,0,20.3515605,0,212.566056,0,424.5836267
M212-samblk1,0,0,0,0,0,0,0,0,0,0,0,0,0,0,0,0,0,0,0,0,0,0,0,0,0,0,0,0,0,0,0,0,0,0,0,0,0,0,0,0,0,0,0,0,0,0,0,0,0,0,0,0,0,0,0,0,0,0,0,0,0,0,0,0,0,0,0,0,0,0,0,0,0,0,0,0,0,0,0,0,0,0,0,0,0,0,0,0,0,0,0,0,0,0,0,0,0,87.57861815,169189.2465,1021.99948,243,53527.18154,695368.8915,3717.040468,9207.468645,3391.677387,130037.2874,65185.74782,536230.182,30884.4089,0,11,797.9081721,0,0,813.7124392,0,0,0,0,0,0,0,53,0,0,0,0,30499.18686,0,0,0,0,2640.787386,0,0,142.5358994,0,0,0,745.5308713,0,296.8350989,0,122.2060417,0,319.7962401,0,135.3535282,136.602823,0,0,69552.39158,0,238.1693023,147.2405191,0,0,1411.701696,0,1660.620255,301.3077172,8188.433638,0,407.6837705,0,164.1229334,0,0,0,0,406.6905243,4269,240.8486453,0,0,0,0,0,1,0,0,0,0,3464.8759,0,0,3108,0,0,0,1392.423896,0,0,308.1668824,0,528.39415,1301.485609,30254.99144,0,402.3591011,0,345.2745537,0,175,1524.632593,0,0,0,0,0,0,0,0,0,252.3100299,0,0,0,44.31586653,0,0,18039.12785,290.6712491,0,13815,0,0,0,0,0,0,94.65865458,295.1460262,0,1769.499936,0,0,0,15318.28815,0,0,221.6786382,1586.966047,0,0,298.5383769,0,0,339.5198584,0,18.05364201,0,167.4116975,0,6345.641404,0,569.9707035,0,0,0,485.1627118,16195.50126,103.1496652,2951.751354,524.6762349,73.01511378,0,0,0,0,0,0,261.3082201,0,50,0,100.9769328,30836.52667,61.89026231,291.0062665,8531.486048,0,52,90.09199459,4134.906884,530.3154019,5619.462352,0,188.2543411,685.6000591,0,1385.986498,0,254.5348281,0,758,0,0,310,238.9774289,82.79927824,1509.0429,0,0,76.36869199,7,0,0,0,0,0,54.96546124,363.7221295,0,312.0893794,7044.982057,0,38,0,0,0,678.0407508,75.60444596,1496.70219
M213-samblk2,0,0,0,0,0,0,0,0,0,0,0,0,0,0,0,0,0,0,0,0,0,0,0,0,0,0,0,0,0,0,0,0,0,0,0,0,0,0,0,0,0,0,0,0,0,0,0,0,0,0,0,0,0,0,0,0,0,0,0,0,0,0,0,0,0,0,0,0,0,0,0,0,0,0,0,0,0,0,0,0,0,0,0,0,0,0,0,0,0,0,0,0,0,0,0,0,0,507.3702592,164708.2917,1815.612449,69,47180.19521,593174.3078,3494.244317,7863.800314,2937.779877,116352.7967,60529.92578,524327.2111,17418.39146,0,4,1097.624767,0,0,670.039495,0,0,0,0,0,0,0,0,1.028568466,217.2461355,0,0,34270.9862,0,0,0,0,3093.849672,0,76.37041932,181.3075306,0,0,0,670.4300775,0,0,0,0,0,49.27990519,0,0,0,0,0,59672.69267,0,266.3417694,345.8366933,0,0,2452.201612,0,1182.990377,639.2771006,6422.314454,0,267.7219819,129.9682645,0,0,0,0,199.1554252,172.5133174,3987,0,0,0,0,0,0,27,0,0,0,260.1951774,11250.77649,0,0,5173,0,0,0,667.3799011,0,0,632.0833186,172.748308,390.2214765,1274.071334,23646.72455,0,756.3433787,0,0,0,523,1918.350087,0,225.7055875,0,0,0,0.80906138,0,0,0,0,0,0,0,245.0316889,2.385173304,319.17641,25159.84591,0,0,10436,0,52.26595378,0,0,0,0,0,129.3648417,0,1321.364759,0,0,175.5180578,18063.54566,0,285.4820337,0,1697.285842,0,0,0,0,0,189.9813306,0,0,0,123.1075044,0,8222.082987,146.5135577,680.842375,0,328.574127,0,481.1288598,13258.27621,0,1820.409475,807.0242864,173.7789402,0,0,0,260.6315922,0,0,291.9308224,0,95,0,275.4131239,39217.70792,315.033792,126.4520328,8166.805919,0,57,0,4225.066667,410.0230412,7384.96213,0,0,805.4694091,39.19844517,822.2639821,0,510.8818447,0,582,0,0,597,205.594287,25.01434951,1342.877015,0,0,7.382611289,105,18.86508172,0,0,59.26805125,31.70305229,70.86756265,222.3086383,0,280.3747699,5747.841205,46.66379598,71,0,0,0,501.817433,0,941.321524
blk7,0,0,0,0,0,0,0,0,0,0,0,0,0,0,0,0,0,0,0,0,0,0,0,0,0,0,0,0,0,0,0,0,0,0,0,0,0,0,0,0,0,0,0,0,0,0,0,0,0,0,0,0,0,0,0,0,0,0,0,0,0,0,0,0,0,0,0,0,0,0,0,0,0,0,0,0,0,0,0,0,0,0,0,0,0,0,0,0,0,0,0,0,0,0,0,0,0,231.1283394,9869.053926,6066.741996,65,3907.320251,6269.050727,0,509.2630149,25.79198799,375.4695481,0,704.5502233,0,0,15,1996.890064,0,0,1548.692759,0,0,0,0,0,0,0,0,0,0,0,0,35832.32969,0,0,202.7678311,0,643.2665687,3.24365554,0,0,401.4961535,1254.371475,0,0,0,161.3901866,0,0,0,0,0,0,0,857.0886244,0,17508.74247,0,123.1000778,370.6538689,0,0,878.4010357,0,531.7947295,391.8134408,4608.936372,0,0,0,0,0,0,0,0,0,760,0,0,0,0,0,0,1,0,0,0,0,3955.671605,0,0,267,0,0,0,757.273193,0,0,0,0,200.9447266,373.0849645,11179.10843,0,0,0,2.768364364,0,188,522.6581141,0,0,1.399228987,0,0,0,0,0,0,0,0,0,0,0,0,0,11348.01645,0,0,12094,62.79970756,39.88697858,0,0,0,0,0,0,0,2015.474233,0,0,0,9900.078379,0,0,0,315.7806477,0,0,0,0,0,0,0,0,0,0,0,2216.637204,0,0,3.765275967,0,0,154.8945495,4956.987018,0,1142.98143,363.2522709,0,0,1.683842865,143.3093554,0,105.4354451,0,0,0,34,0,0,2900.067573,0,0,1655.104625,0,72,0,756.7508353,0,1544.291479,28.28236404,44.47495587,223.1555129,0,161.1904323,0,156.7274465,0,184,0,0,296,292.1054228,0,25.34671547,0,0,13.90918954,49,0,0,0,0,0,0,339.0221729,0,189.0596402,1155.598288,0,88,0,0,148.4815076,179.9942067,0,303.0069395
M201-213QCThymus1,0,0,0,0,0,0,0,0,0,0,0,0,0,0,0,0,0,0,0,0,0,0,0,0,0,0,0,0,0,0,0,0,0,0,0,0,0,0,0,0,0,0,0,0,0,0,0,0,0,0,0,0,0,0,0,0,0,0,0,0,0,0,0,0,0,0,0,0,0,0,0,0,0,0,0,0,0,0,0,0,0,0,0,0,0,0,0,0,0,0,0,0,0,0,0,0,0,8134.057912,163558.8621,326371.5307,5134,54764.94631,701201.7987,3211.032159,14545.19944,4186.326879,147422.6565,62297.07916,526292.38,3595.89286,0,352,114679.9164,0,247.2664848,204274.218,672.7815578,637.5199551,0,3059.746807,0,794.6899554,0,569,368.8657287,30245.49492,0,531.5331831,33091347.99,0,84770.58795,1.399373941,1321.499113,153803.257,205.4076778,27963.03307,1043381.517,706.689865,20604.81425,0,1783.814274,1492.06166,18642.76488,0,259.9395289,3548.694738,56317.68086,0,489.2103073,251.2779142,2921.049349,350.0057169,1840435.697,0,5692.702189,37238.96284,0,0,2773.724473,2275.866371,62968.71499,159800.7435,1793000.677,2864.734609,33666.73659,40.16914828,301.9228612,0,952.8273496,406.7767658,5479.083044,2575.582872,28732,272.9143776,812.4317304,0,2237.119115,899.421802,0,186,0,0,0,1328.201271,1120769.39,0,2265.177975,424743,0,1090.520961,346.3049935,2513042.432,0,3356.062859,71256.979,727.6529897,25655.66588,28155.34624,435381.9764,0,6196.163857,0,2531.451646,917.8061622,8025,96130.53673,515.5397022,377.9766846,145.7483194,13972.9386,422.5120775,2838.130264,273.1580243,37690.51777,1763.342618,22126.60316,0,1272.155275,0,7354.5885,0,376.4072608,9457286.55,49311.96109,466.5473329,1908686,0,8198.709015,297.9009984,667.4082816,0,2090.763651,1171.759626,38203.35739,14476.20093,494802.0624,371.4483562,8560.035844,40557.10468,1387579.021,124.5713997,6794.474512,12684.08333,160376.7896,678.1077652,2916.247423,0,1164.623734,6928.681186,106217.0414,0,2046.236903,0,12351.97993,260.5371068,4785.156314,305.191631,4979.952838,6735.641943,111920.1007,2285.389373,43170.87192,926318.2706,2057.231867,100643.5465,51247.83164,318.4711122,0,0,945.6761244,1274.110776,21480.15426,153.3005544,6767.447449,109.3587466,8446,698.9855583,9906.546503,1238268.425,10717.51359,14082.82182,529465.5174,5578.198693,53509,233869.7886,2736903.573,43292.93839,551214.9519,1397.660953,11201.59113,1347.201478,0,672.4093113,4389.585378,51196.39003,760.8519884,10501,0,1026.519243,58684,240.704446,5865.510612,75433.72105,259.1396619,5326.582475,1031.060695,1111,0,1809.433882,4.476207337,400.1871557,827.2893809,9971.75448,30925.96503,6.194275118,45863.88596,657870.8963,1912.863982,9248,12.88954727,458.1220633,864.8206365,5927.471902,318.5997617,3467.248058
M201-213QCThymus2,0,0,0,0,0,0,0,0,0,0,0,0,0,0,0,0,0,0,0,0,0,0,0,0,0,0,0,0,0,0,0,0,0,0,0,0,0,0,0,0,0,0,0,0,0,0,0,0,0,0,0,0,0,0,0,0,0,0,0,0,0,0,0,0,0,0,0,0,0,0,0,0,0,0,0,0,0,0,0,0,0,0,0,0,0,0,0,0,0,0,0,0,0,0,0,0,0,8798.895025,160335.9308,300448.7754,4612,49158.68712,643381.3045,3459.496482,14083.26497,3701.502594,146502.9617,64023.42367,471681.6191,3328.178119,0,526,123196.2384,0,295.5989738,205304.5736,802.8090432,401.6258746,0,2366.41941,0,450.8505198,0,622,261.536777,27915.33475,71.82295582,436.0465431,32956472.55,0,105284.0505,0,945.9553948,140095.6037,392.930612,31115.80254,1104966.184,543.1863112,15795.6757,0,981.4340355,1570.864209,14741.43453,0,243.9013197,3912.764329,50580.35227,0,411.2829342,0,4287.289823,0,1408944.225,0,4168.032049,37448.73634,0,0,2791.363753,1050.074325,56558.57739,176895.5404,2169030.632,2460.885854,38840.39068,0,389.230564,0,297.7741215,0,5227.922303,898.123132,22235,158.159832,788.6018639,0,1404.432712,480.6859597,0,68,0,323.1337572,0,641.8824111,1002455.887,0,1294.692977,395428,0,649.7911377,0,1956645.22,361.1005536,1801.753895,80536.05422,1101.647509,20260.45049,28658.9801,368718.1041,136.2038521,6324.548838,0,2751.314967,316.905787,4500,186635.9462,95.9684043,239.3589705,0,12936.56418,138.5610818,4687.907394,554.0807464,47380.61491,1680.364946,17623.97909,0,2487.220225,241.522329,6070.349503,0,1361.296535,8626563.97,49581.97054,214.0369471,2075485,0,10608.82358,0,561.8276486,0,2672.64283,829.2522497,35349.67638,12893.16524,466104.7751,122.9788085,8554.593352,44226.51173,1817726.152,0,6430.359967,11930.45181,135644.4373,580.0650289,1416.297042,257.7336817,1017.165845,4467.440261,83143.10007,231.2647741,1322.708142,191.8138524,11750.22259,0,5746.798345,295.8045743,3533.440921,6361.821625,80750.63188,2213.730422,43185.22165,804062.6344,2972.128107,96774.84375,48811.08189,332.8115139,307.104585,267.6778472,2739.409494,829.0926974,19625.74393,239.7184814,7281.498191,317.7262725,5803,498.3844779,10352.3864,1561620.216,7515.448375,13306.89654,438820.2665,4238.30641,45257,212321.719,2268144.27,37659.32703,455827.907,1950.085707,9586.173324,1036.781435,0,1013.527666,2324.705882,43855.06794,714.635313,8471,0,1026.240162,54168,385.9021887,5286.826534,75261.86145,298.9185851,5018.266449,585.4162171,1396,16.18144406,2007.053718,0,693.2069304,658.355098,10494.37172,29673.77289,69.67930977,35023.53213,537732.5751,1798.357148,8852,29.9420387,491.8913188,486.2617216,6456.444021,356.0446208,3489.605847
M201-213QCThymus3,0,0,0,0,0,0,0,0,0,0,0,0,0,0,0,0,0,0,0,0,0,0,0,0,0,0,0,0,0,0,0,0,0,0,0,0,0,0,0,0,0,0,0,0,0,0,0,0,0,0,0,0,0,0,0,0,0,0,0,0,0,0,0,0,0,0,0,0,0,0,0,0,0,0,0,0,0,0,0,0,0,0,0,0,0,0,0,0,0,0,0,0,0,0,0,0,0,7849.362699,164148.0907,302155.2759,4788,53831.24669,646465.7257,3319.124191,9211.416746,3764.93073,132593.0022,61300.79366,426275.2161,3565.988405,0,539,107955.6796,0,325.5479666,222581.8188,380.6751725,420.3790252,0,2269.075495,0,573.8698235,0,531,315.749385,26923.19266,0,286.7588744,36117691.95,0,94765.89876,0,360.5620367,114305.7703,171.789922,23527.56664,877506.5718,396.1154513,11752.02539,88.90366116,1358.089042,1345.147824,13278.63606,0,406.8389494,3141.871111,45461.1441,0,388.6957972,0,2963.817181,377.2967543,1170433.099,0,3271.980477,33616.07634,0,0,2740.504517,1511.578738,51430.45418,145563.2822,1758553.702,3311.755338,27199.55086,0,556.3574704,0,660.4339146,271.1494824,3263.394291,634.6651473,14194,40.04761543,529.980179,147.3906523,1133.435584,678.8057027,0,85,0,439.7093052,0,616.9549729,891955.114,0,1813.530287,307083,0,271.9893183,0,1585816.505,0,1372.148415,52081.68919,537.0885817,13539.60029,19548.12063,350223.262,0,3876.014362,0,2380.120176,527.1429816,5139,105727.9759,107.1010457,263.8214117,0,7132.948232,129.9747148,3844.135077,0,25288.13093,691.133982,14465.74081,0,1216.916223,0,4255.686081,0,455.6198373,5969405.237,37171.15909,61.89922315,1626986,0,6470.617066,1.212443211,506.867884,0,1626.005278,288.2646917,19435.96202,11429.92171,417456.6771,0,7468.608324,42543.04349,1287041.323,74.59782605,2872.974739,6202.145856,75696.14519,647.6578076,1425.425657,102.2330377,1087.834337,3357.339549,40034.31444,0,849.7868244,0,7004.972032,0,4031.73117,0,2586.981542,3929.019339,74284.9127,2492.476699,30874.98943,589037.4013,1498.025452,64415.38012,37686.47378,73.91599465,0,0,1602.387051,477.7377238,12771.03406,29.03618895,4151.724733,211.9573525,5856,468.9411074,6401.69102,1146266.793,9400.33578,9217.316796,349522.6393,4318.741372,24117,122541.1778,2205857.609,27175.0197,417313.1601,1242.755886,7590.55439,1184.311575,0,1058.509036,2379.665913,40307.17949,213.1614921,10275,0,344.2988381,47553,1476.475883,4327.125356,53628.30042,293.4164677,3568.160906,176.4160607,1255,0,1083.344919,0,791.1001611,724.6678996,8380.027179,22741.79459,57.73275998,27964.90098,483168.4489,1723.034576,7712,0,289.3040174,267.7108103,5399.223188,289.3640889,3782.240585
blk8,0,0,0,0,0,0,0,0,0,0,0,0,0,0,0,0,0,0,0,0,0,0,0,0,0,0,0,0,0,0,0,0,0,0,0,0,0,0,0,0,0,0,0,0,0,0,0,0,0,0,0,0,0,0,0,0,0,0,0,0,0,0,0,0,0,0,0,0,0,0,0,0,0,0,0,0,0,0,0,0,0,0,0,0,0,0,0,0,0,0,0,0,0,0,0,0,0,231.8105569,3822.788712,5364.240177,56,2837.898475,3633.528672,0,546.4015671,0,274.8372562,0,949.8561627,0,0,4,2221.917129,0,0,1491.339885,0,0,33.54900991,0,0,0,0,37,0,74.85452576,0,0,58951.75366,0,0,0,0,975.3544032,0,0,352.8204204,112.868448,1003.169629,0,0,0,299.8177661,0,0,0,311.4387087,0,0,0,409.3052282,0,19014.06724,0,0,809.4616436,0,0,1062.808862,0,523.7579801,290.5616463,10011.02842,0,492.2829568,0,167.8439681,0,0,0,0,0,602,0,0,0,0.37292155,0,0,0,0.149348206,0,0,0,3200.986984,0,0,1904,0,0,0,37.52206714,0,0,31.01715819,0,0,113.3187654,10844.09995,0,0,0,0,0,111,361.8731237,0,0,0,0,0,0,0,0,0,0,0.489359009,0,0,0,2.280429682,0,18297.24134,372.9200889,0,20088,0,0,0,0,0,0,0,0,0,2480.353017,0,0,248.0598034,10010.35409,0,0,60.12674911,165.4460098,0,0,0,102.6670141,0,133.1514892,0,0,0,0,0,1528.025949,0,136.4803506,0,226.2500039,1.213735788,0,5991.708594,0,413.7328269,325.7152334,135.9378033,0,0,0,0,0,0,0,0,34,0,1.298957894,5023.439907,142.9206927,0,2821.881384,0,29,312.4089561,1712.982547,0,2816.371402,0,0,0,0,253.8418356,0,259.2045951,71.82499604,129,0,0.792344787,649,537.9139445,0,684.6031961,0,0,30.79635717,6,0,0,0,0,0,0,0,5.188682692,147.7173977,1582.431563,0,23,0,0,0,208.9115262,0,404.5406314
M201-Thymus 1460,0,0,0,0,0,0,0,0,0,0,0,0,0,0,0,0,0,0,0,0,0,0,0,0,0,0,0,0,0,0,0,0,0,0,0,0,0,0,0,0,0,0,0,0,0,0,0,0,0,0,0,0,0,0,0,0,0,0,0,0,0,0,0,0,0,0,0,0,0,0,0,0,0,0,0,0,0,0,0,0,0,0,0,0,0,0,0,0,0,0,0,0,0,0,0,0,0,6785.957288,173022.0738,255202.383,3408,50723.40918,700559.2249,3153.032062,13638.43564,3367.119649,130552.1547,64327.69854,481433.76,2207.405725,0,87,87962.12929,0,104.3388578,188685.9842,520.2750455,0,0,2633.140767,0,794.2420859,0,511,504.1685649,25499.25889,0,310.4080368,34834998.34,0,72659.71197,0,781.0662457,111031.9677,648.8144192,25042.91902,970086.4237,495.0877905,17124.34851,0,1621.097832,1397.267846,11541.49311,0,274.1636563,3827.296182,52450.36124,0,463.3060138,214.9098811,1521.155049,0,1492871.758,0,3842.273001,26253.89959,139.0710869,0,3658.996016,1805.514119,71680.2007,139976.6478,2325284.853,2720.536996,34540.8038,0,567.0184442,0,1185.710813,249.0893392,4416.721602,1059.461524,26305,0,856.8351417,0,1962.694634,0,0,118,2.532460828,0,0,1071.209785,849515.2747,0,2740.053007,326621,0,411.1953216,188.0088038,1804546.585,481.3343153,2623.134529,108842.9897,801.8454453,25838.37399,21987.98764,370277.223,302.0885122,6118.398639,0,4438.96778,766.5942525,6951,181483.9508,449.8980031,452.7418151,0,10885.11998,226.318202,3932.407866,720.0066929,27972.33578,966.1117625,17131.14546,0,1763.519372,204.4625579,7764.454051,0,1849.3942,8555793.339,32587.54388,335.2504039,2076818,0,8657.957615,0,269.6506127,0,2330.836654,321.4545476,21943.1645,12079.8781,386693.1571,0,5897.245132,29392.80988,1651364.91,0,11739.5491,10926.0307,138889.1425,1568.876245,3815.212756,0,2583.411815,4490.905219,78772.74593,201.2919982,1850.76237,137.7130664,11361.45334,410.854777,5383.133783,337.19358,5034.355933,3729.494989,90283.73869,2916.084685,41532.00921,948786.4254,2800.970332,100984.2355,47318.76789,251.7058783,83.75346018,0,2325.461317,1259.222967,21281.73515,262.9359764,6324.24679,672.51584,10760,1021.251079,12087.02141,1685187.021,15276.58715,13480.17088,666371.9752,6322.586593,42310,210870.3342,2235493.297,39301.49482,522231.5373,2040.84345,9332.867452,833.9909454,0,1568.034986,3204.593907,49307.85474,808.0244403,13850,0,864.7015853,61883,0,6473.401787,105644.8077,235.9579283,5689.307668,939.8443771,1811,53.79266659,3193.054305,0,643.5563196,507.9719141,7482.499967,22637.83343,29.69393034,34511.16422,513500.5802,2231.760738,9710,21.33855897,399.8952454,586.6942836,6881.24723,221.497406,3508.976129
M202-Thymus 1461,0,0,0,0,0,0,0,0,0,0,0,0,0,0,0,0,0,0,0,0,0,0,0,0,0,0,0,0,0,0,0,0,0,0,0,0,0,0,0,0,0,0,0,0,0,0,0,0,0,0,0,0,0,0,0,0,0,0,0,0,0,0,0,0,0,0,0,0,0,0,0,0,0,0,0,0,0,0,0,0,0,0,0,0,0,0,0,0,0,0,0,0,0,0,0,0,0,8350.430763,181966.7251,419276.6792,5572,56564.70507,698140.7475,3873.888295,16248.21503,3935.871938,154946.9822,63271.49919,538677.832,3134.023943,0,184,131335.8064,0,305.7397295,202199.637,482.7910134,0,213.0606704,2688.197848,142.1275671,1233.181358,0,927,532.2440295,36539.11392,0,319.018762,35510550.98,0,114522.1046,126.1285647,1024.942695,105565.0304,0,25016.31046,1013095.724,144.905744,17804.25112,170.7594595,2054.137655,2044.021665,18267.10232,0,358.0789002,3856.505981,73755.53461,0,449.0724,306.8038348,4427.194108,0,1766352.879,0,3825.602858,22107.06954,0,0,1655.045472,1134.959351,55915.80982,201390.3285,2763901.153,3440.340581,51731.05779,0,450.2338437,0,1527.792725,487.8828515,6595.347081,1808.98111,23637,59.83445645,839.1686641,0,2074.383432,209.8460518,0,158,0,268.2347042,0,62.61279955,1062048.447,0,2376.911932,408259,0,622.2835089,0,3239942.441,130.2764995,1839.464675,117310.4869,1192.804119,41211.43879,30827.73485,393693.2635,0,3610.09755,0,1888.534867,1010.043607,9443,210965.6028,453.8447948,444.1102999,162.621423,15217.75457,0,5546.51309,449.0246451,41758.8024,1200.24786,22551.03809,0,2311.932627,422.7814917,6225.731039,0,911.6936195,11872397.76,50014.13758,158.3153023,2059904,0,8667.756468,0,0,311.2441221,2858.314235,722.4115716,30731.65019,15598.92444,598076.5356,0,12738.55323,44813.6404,2146554.963,0,6103.199537,20289.1569,203126.5898,1076.756471,3454.390555,0,2192.721203,12107.6848,148472.4659,167.5800493,1006.702105,387.9293451,18165.53185,0,3961.341478,44.22272465,5695.305683,6746.09591,115691.0928,3475.797044,48392.6515,924581.8571,1977.230735,86538.61806,74933.55849,5.79668264,51.63084503,232.2499251,2252.777881,1531.336495,32794.56946,361.8593577,8777.807407,372.616442,13103,558.2980228,12060.11227,1956248.115,16725.50668,17594.92071,736217.9125,7213.664287,63939,258914.0874,4160187.048,47586.34184,722456.1551,3247.825188,13462.18241,1512.411164,269.4984642,1679.652971,3741.575406,52598.76784,510.9761305,10880,0,1211.252595,59060,43.37339864,10661.56678,125899.2337,828.7380651,7635.47838,1016.498361,1233,140.480846,2339.629204,0,488.3308856,1504.920957,13899.09475,27102.60696,38.18415398,66185.83915,958079.6556,2409.385202,15293,0,321.6869699,678.6205548,7453.565178,412.0802481,4450.801896
M203-Thymus 1462,0,0,0,0,0,0,0,0,0,0,0,0,0,0,0,0,0,0,0,0,0,0,0,0,0,0,0,0,0,0,0,0,0,0,0,0,0,0,0,0,0,0,0,0,0,0,0,0,0,0,0,0,0,0,0,0,0,0,0,0,0,0,0,0,0,0,0,0,0,0,0,0,0,0,0,0,0,0,0,0,0,0,0,0,0,0,0,0,0,0,0,0,0,0,0,0,0,5853.256831,186553.8176,256722.1649,3829,56255.60833,736295.4106,3482.290653,17178.01971,4153.971208,143312.4774,71121.74207,605391.9535,1863.284458,0,82,91804.81414,0,362.6072394,143403.6765,353.6614732,0,0,2891.998907,0,771.9941564,0,616,573.0458415,30912.50699,0,172.4599945,32626545.43,0,95432.69835,0,572.1600058,81907.89093,171.9864274,30000.69569,1191251.891,665.3587302,19627.29825,323.300686,1253.099009,1858.346362,16125.20849,0,281.8358151,3010.835098,40531.32711,0,573.7261541,0,1761.947374,102.8168767,1156875.865,0,2163.3198,24049.42201,0,0,210.3675487,1931.475385,51581.86246,166876.9112,2438210.226,3062.973918,34104.49542,0,420.1553884,0,379.4741832,310.4586278,4434.473362,910.8721085,15185,0,924.6648127,0,1711.279558,0,0,238,0,350.7054325,0,92.48782622,616570.4098,0,1850.135981,267465,0,591.0502117,0,2076256.49,0,1949.115197,79109.96853,625.7199612,38100.00504,28161.92446,328426.2531,0,3890.081053,0,367.7350989,410.7110168,5528,194329.6914,0,32.7005125,313.1080034,11299.38077,0,3488.025718,414.9933169,41803.79207,806.5908222,14969.57379,172.3053762,2206.422986,143.2654003,7701.785458,0,353.7000971,6250067.886,39351.53051,0,1573850,0,4063.060929,0,0,115.5429023,1630.441263,581.0755926,29578.99965,13922.8648,411866.5606,0,8825.156108,47204.90277,1666021.518,0,1543.642052,11398.05956,155239.8625,214.002471,1835.827165,265.7448362,1493.176345,5443.484428,88185.13034,0,2121.371665,0,11839.6674,0,5001.597986,535.0015081,3460.455589,5086.113173,84354.32963,1356.76724,30709.84417,466363.4011,2301.422766,79577.61229,47104.52531,909.9343479,0,318.2614137,1548.269803,910.8767254,20802.28784,31.88287314,8299.538798,71.8618199,6055,422.0181196,7196.925097,1281648.955,12534.51899,13724.00164,501348.0185,4108.165461,55299,179447.595,2454301.751,43162.00159,527141.7616,1833.568995,10140.89704,2032.579616,58.95111254,1198.266689,1862.821882,27772.53807,365.9302454,5651,0.22356002,711.8109828,47598,2245.099063,6171.912628,103720.7896,288.4087148,6811.815271,473.3495695,1337,0,1224.749523,0,684.8929044,481.5768672,9491.847723,20701.4713,0,41878.87257,585507.4733,1752.559827,9900,0,209.7153755,397.7622555,6128.771951,324.0283703,3484.028473
blk9,0,0,0,0,0,0,0,0,0,0,0,0,0,0,0,0,0,0,0,0,0,0,0,0,0,0,0,0,0,0,0,0,0,0,0,0,0,0,0,0,0,0,0,0,0,0,0,0,0,0,0,0,0,0,0,0,0,0,0,0,0,0,0,0,0,0,0,0,0,0,0,0,0,0,0,0,0,0,0,0,0,0,0,0,0,0,0,0,0,0,0,0,0,0,0,0,0,386.0121343,4011.773698,4769.448853,63,2919.62437,3463.412109,0,336.1190711,0,303.7418393,272.7690188,612.2970619,0,0,5,1811.53365,0.689563245,0,1156.704469,0,0,0,0,0,0,0,20,0,0,0,0,61507.41321,0,306.5138848,0,0,402.9548336,0,127.8660746,923.0373955,0,946.2296366,0,0,0,0,0,0,0,201.9192931,0,0,0,508.681126,0,13973.40472,0,0,571.3835631,0,0,702.2315226,0,607.4388076,883.8995085,11527.94768,148.5606221,123.9891941,0,0,0,0,0,0,0,253,0,0,0.612621229,0,0,0,1,0,0,0,0,3035.629199,0,0,1078,0,0,0,1299.364588,0,0,0,0,0,224.6689911,10050.55447,0,0,0.145963892,0,0,158,310.4690466,0,0.881436932,0,0,0,0,0,0,0,0,0,0,0,0,0,0,23412.68848,472.604559,0,20675,0,0,0,0,0,0,0,0,0,1925.894538,0,0,0,9207.322951,0,0,0,527.0090074,0,0,0,0,0,0,0,0,0,0,0,1584.402094,0.49841055,0,0.840678707,0,0,169.5734838,4534.733952,0,932.9925731,274.9320193,0,0,0,0,0,0,0,0,0,86,0,0,5570.194694,0,0,2559.544652,0,280,86.25428036,2611.30906,130.2703202,2581.087922,0,18.41939933,135.5543311,0,237.2785385,0,110.3955933,0,148,0,0,926,549.1357226,105.904597,187.8820015,12.37351448,0,0,0,0,0,0,0,0,14.05491629,231.7865934,0,151.3795927,2902.589929,24.53992495,11,0,0,0,259.0445113,0,530.517534
M204-Thymus 1463,0,0,0,0,0,0,0,0,0,0,0,0,0,0,0,0,0,0,0,0,0,0,0,0,0,0,0,0,0,0,0,0,0,0,0,0,0,0,0,0,0,0,0,0,0,0,0,0,0,0,0,0,0,0,0,0,0,0,0,0,0,0,0,0,0,0,0,0,0,0,0,0,0,0,0,0,0,0,0,0,0,0,0,0,0,0,0,0,0,0,0,0,0,0,0,0,0,7442.530325,187254.0896,286220.2182,3321,52646.61926,705834.3629,3486.206497,15970.08795,4069.01861,142431.8402,64785.09961,558949.3245,2873.862602,0,286,124492.7465,0,440.6450383,248042.1594,628.2879281,0,0,2880.514573,0,806.2120194,0,953,444.751224,30909.21098,0,219.4858657,35064573.57,0,91560.02286,0,716.8506597,154505.2743,0,25502.27594,1118942.585,628.3473485,16001.26389,0,1331.03718,1766.6685,15737.73438,0,295.8299061,5521.241838,73444.52368,0,564.2391565,0,4469.055055,0,1653602.276,0,4576.811451,36985.84763,0,0,2190.544184,1499.806347,52716.83548,176741.8758,2700009.96,3456.744642,37340.39961,0,129.139533,0,167.4594046,445.9769885,6184.059015,2109.480253,37347,0,764.8544238,0,3338.916831,171.4950495,0,418,1.330632729,407.8715021,20.55554369,196.8657722,926087.7641,0,3105.699723,461733,0,428.9130296,196.0345543,2552730.868,84.37207509,1655.980343,92146.67567,655.6590095,33155.57172,30959.88941,458145.1548,0,4651.800652,201.4981295,955.8851382,829.178888,9484,169979.0893,261.4326757,267.0184289,356.2658088,11494.32846,911.3306046,5050.651121,470.321007,43398.08259,1772.979826,34583.11379,0,1497.618246,442.600755,6852.558521,0,0,8905645.898,39667.05217,216.6198704,2022643,0,8026.726353,144.28756,143.8809436,0,3687.233099,490.3433543,29960.32015,12794.1487,532790.5617,0,10349.18941,46211.04686,1853070.395,0,2039.702899,18501.76971,225922.9236,1995.207104,4218.593161,0,2098.34363,7110.162999,111014.0221,424.5404826,1304.063531,494.7618737,15428.03172,0,5888.214856,246.3888538,2991.192088,7311.184271,133276.2486,3997.95672,66917.93012,1033452.213,2672.471023,97897.96697,57595.06598,149.5718206,287.3251974,0,2427.654332,1617.588086,19144.18671,227.9555876,5642.122314,0,7309,1024.906828,14947.14899,1716059.56,11018.58185,13302.88054,421521.7995,5878.441899,58235,199497.4276,2852471.187,42224.87536,594834.0412,2153.968144,7804.369312,1119.152853,0,1255.843356,5167.202921,72573.73886,589.5725369,5427,304.8788878,855.6641669,55179,963.860844,7628.101046,118290.6631,435.1209561,5940.627304,1352.48554,1485,97.32698416,1511.135766,92.51959417,1258.833603,637.8945785,9961.68329,26114.02499,58.69751567,45811.14651,595649.145,2739.826204,11071,0,390.3495057,426.3921863,6664.398535,273.5989119,3416.638924
M205-Thymus 1464,0,0,0,0,0,0,0,0,0,0,0,0,0,0,0,0,0,0,0,0,0,0,0,0,0,0,0,0,0,0,0,0,0,0,0,0,0,0,0,0,0,0,0,0,0,0,0,0,0,0,0,0,0,0,0,0,0,0,0,0,0,0,0,0,0,0,0,0,0,0,0,0,0,0,0,0,0,0,0,0,0,0,0,0,0,0,0,0,0,0,0,0,0,0,0,0,0,17951.06711,180273.6454,512859.529,8437,53421.20557,709136.7138,3326.564341,17468.62454,4984.113082,177020.036,68203.16742,546977.0575,6179.405884,0,1967,225677.8311,0,489.9863454,609210.167,1898.717743,3791.064815,0,5095.713346,173.9822201,2055.050682,0,985,656.1458262,31947.75463,0,317.4894264,46028854.37,0,145610.1703,0,927.766711,463730.9779,662.4265063,25622.7934,919013.8184,191.7242197,13706.3639,392.4742981,2094.83873,1769.238306,12477.02848,0,546.1331014,5028.867667,55967.02312,0,528.8865583,236.1581778,5510.906708,1268.286662,4017305.947,0,7510.634082,81158.70075,276.0378074,59.35185095,4862.2134,2212.051242,77375.64087,173094.0319,2104400.51,3011.67169,39635.11679,0,458.5417276,0.558295677,2169.510861,410.8158369,9441.524719,3834.352329,53445,0,933.1915308,0,6913.350391,2804.016288,0,826,0,100.7322643,0,2973.685717,2019159.821,0,7474.525096,737377,84.62989137,837.4104615,355.4886402,4190988.828,921.3592069,3881.677767,140741.206,664.8873499,35068.63599,45639.91473,646761.785,963.050946,15126.76043,286.7585866,7008.369953,2263.39882,8011,473072.7333,521.6198007,1030.174577,0,19933.66168,185.9576975,9606.212567,658.5910343,60510.49448,5027.208686,53640.38287,286.751799,2472.997024,224.6391536,11749.87321,1.909840622,3587.70269,18635881.05,71239.17422,958.1982033,4463581,0,12625.98098,0,1102.400778,0,4545.265295,1481.199179,39215.52781,18803.89874,829678.4703,330.0632942,14229.76218,55292.37394,2486996.394,446.4178442,23772.0967,22884.46289,273973.6714,1677.907347,5293.294649,340.0896421,2686.739229,8711.821736,165519.065,0,2000.514662,587.3460882,23723.12428,0,5462.023181,699.1982414,9870.549478,11791.12445,193629.8003,8961.779404,105582.6378,2391381.332,4651.336944,179704.0063,116338.0314,86.9002847,27.23051131,32.89516099,3678.417402,2396.013897,27605.95154,503.8306356,11054.25104,537.5131049,16791,1523.359173,27357.29415,4477047.971,28127.25586,23632.9158,999657.5982,9414.00781,77660,322580.9683,4830345.884,63207.16159,840182.8604,3975.712573,16020.83984,1494.000141,0,2240.51722,9613.589202,118065.7952,1160.351906,29298,205.3988262,2141.182404,154086,810.3859768,11887.46683,159609.3471,707.9000645,9356.240884,1582.409268,1919,38.26457295,4322.189715,375.7309601,1489.592952,1469.25299,18615.47008,71561.85373,0,77405.80986,1072707.383,3235.125896,22548,0,935.1554213,1011.148555,10009.46314,557.7130898,6109.595441
M206-Thymus 1972,0,0,0,0,0,0,0,0,0,0,0,0,0,0,0,0,0,0,0,0,0,0,0,0,0,0,0,0,0,0,0,0,0,0,0,0,0,0,0,0,0,0,0,0,0,0,0,0,0,0,0,0,0,0,0,0,0,0,0,0,0,0,0,0,0,0,0,0,0,0,0,0,0,0,0,0,0,0,0,0,0,0,0,0,0,0,0,0,0,0,0,0,0,0,0,0,0,6278.90018,143147.6748,306438.4732,5121,42458.29206,553179.7197,2826.896593,11873.8515,2875.550401,104060.1878,50330.96351,434686.2958,2640.811991,0,382,106087.563,0,280.0302553,192293.1945,499.6224701,64.32524709,0,3203.503403,187.9097649,448.9751158,0,777,619.0898319,32493.03696,0,218.9488379,35703870.96,0,98152.8349,0,885.7021379,118605.0572,173.0378692,27382.17082,1100611.004,658.650962,14993.22937,107.9779202,1032.019692,1828.999605,19506.63023,0,315.8303948,3023.939417,53247.54072,0,374.8494565,0,3049.466358,0,1554922.844,0,3950.948076,22895.5703,0,52.87532059,1776.051372,902.341958,50579.00492,226773.2142,3026230.077,2603.098079,35284.65302,0,381.4004793,0,690.9692754,141.8116228,5678.118417,1173.969161,17392,0,573.3985464,0,1527.750758,228.2560767,0,161,0,0,0,0,709090.634,0,1979.56033,331095,0,119.8040345,256.8534776,2327266.591,210.841581,2354.493189,87146.75857,983.1616433,31612.04842,15204.15671,422295.6418,0,4649.356992,0,1522.801902,422.5126123,4558,198143.6324,336.4256649,113.4678864,184.3736753,12643.60279,0,4591.848485,307.1631131,57865.3158,768.0156898,16321.58641,0,2040.548461,0,9895.903828,0,597.2021912,9380590.247,46359.90562,279.8751031,2356126,0,12880.84048,0,312.1439005,0,2697.428481,538.094875,33201.58786,12719.95434,539671.7595,523.7459082,10128.76819,44111.40102,2135919.71,0,1371.242876,13261.45082,173364.857,673.9869098,4807.753784,0,2375.145449,7513.829896,119859.7589,298.8781829,1505.470854,0,13884.13671,0,5527.256863,108.2372525,3934.713889,5281.75187,88048.18528,2212.19644,35900.6208,780039.1447,2013.691408,82161.04736,59779.34501,206.6994025,0,0,1855.47486,1582.591275,27754.20859,288.0106892,10131.5888,0,9271,372.1760821,9057.683025,1798299.886,14428.31276,14910.77377,554533.9231,6236.27342,63435,207823.9094,3091047.269,58325.67586,573280.5335,1341.334068,12123.45528,1546.418474,137.8164662,1487.687147,2875.861961,44742.74015,385.9060669,6409,0,1264.055281,64090,1096.498422,8427.661433,102393.8571,355.1783133,6659.036382,871.422361,2004,451.8589124,1660.284216,0,345.7688187,936.4166995,12788.80569,34734.37812,22.10704029,57132.13804,709724.8497,1536.629718,11976,0,384.0368971,719.2562291,7567.812725,371.9222185,3828.729743
blk10,0,0,0,0,0,0,0,0,0,0,0,0,0,0,0,0,0,0,0,0,0,0,0,0,0,0,0,0,0,0,0,0,0,0,0,0,0,0,0,0,0,0,0,0,0,0,0,0,0,0,0,0,0,0,0,0,0,0,0,0,0,0,0,0,0,0,0,0,0,0,0,0,0,0,0,0,0,0,0,0,0,0,0,0,0,0,0,0,0,0,0,0,0,0,0,0,0,92.79882106,3229.207831,4350.101919,41,2158.895919,3203.141123,2.660442409,288.0184841,0,321.4760725,133.2111023,827.2087382,0,0,79,1986.908634,0,0,1496.261445,0,0,260.7223662,0,0,0,0,49,0,394.5579391,0,0,64280.73531,0,299.4951833,0,0,170.6171638,0,0,336.1179379,0,1187.558126,286.6377211,0,0,0,94.47393878,0,0,0,0,0,0,133.3203966,0,3058.975117,0,0,162.108444,0,0,524.098297,0,311.4827332,1171.008691,11814.60464,0,0,0,0,0,0,0,42.30802499,0,366,40.12848254,0,0,0,2.600305811,0,1,0,0,0,0,3691.513852,0,0,1280,0,0,0,3424.029041,0,0.45166511,203.0702858,0,0,378.0515586,4088.406777,0,0,0,0,0,50,220.5816868,0,0,0,0,0,0,0,0,0,0,0,0,0,0,0,0,20960.1723,0,0,22850,139.8726771,0,0,0,0,0,0,0,0,1675.301407,0,0,165.6202909,8330.764768,0.191552099,0,0,236.6892073,0,0,0,0,0.69269149,0,0,0,0,0,0,2576.423288,0,361.2188857,0,413.7210337,0,265.7707104,5431.973032,0,669.2088854,300.983527,0,0,0,0,0,45.82888094,0,0,0,59,2.782197812,0,5399.125493,115.3865616,172.0322358,1819.702907,0,190,0,3412.885904,69.2932104,1197.160143,106.432554,0,0,0,355.5539105,0,222.1340754,0,43,0,0,875,88.25015895,0,521.4400091,0,0,14.79797227,3,0,0,0,0,0,0,257.7863253,0,50.70610272,2078.423728,0,20,0,0,28.58541358,246.4604829,20.58295821,299.2472612
M207-Thymus 1973,0,0,0,0,0,0,0,0,0,0,0,0,0,0,0,0,0,0,0,0,0,0,0,0,0,0,0,0,0,0,0,0,0,0,0,0,0,0,0,0,0,0,0,0,0,0,0,0,0,0,0,0,0,0,0,0,0,0,0,0,0,0,0,0,0,0,0,0,0,0,0,0,0,0,0,0,0,0,0,0,0,0,0,0,0,0,0,0,0,0,0,0,0,0,0,0,0,7301.325826,194635.0793,342038.8618,4916,52179.51161,705014.8968,3351.110741,15189.22074,3721.199277,142992.9552,66185.38712,536819.9896,2458.402917,0,99,95720.98194,0,297.3226607,111653.3921,260.770218,0,0,2765.614094,145.8849022,595.6165823,0,999,393.789214,32617.544,0,476.0625793,34082008.53,0,77956.16177,0,613.0668625,58402.90024,150.2073494,24214.51868,988072.7135,286.9313526,19620.53549,252.0954328,1711.552978,1743.457383,18835.33582,0,351.1662763,3780.032552,44195.79649,0,360.4188462,0,3599.2257,0,1256613.438,0,3005.428291,16272.48172,0,0,2210.742709,1754.16286,56821.19336,169543.4739,2728290.019,3764.626847,47613.84845,0,497.3084286,0,222.7266364,0,3884.707112,1156.892363,16052,0,536.774738,0,3139.600248,0,0,86,0,167.8616907,0,47.70262736,618894.6935,0,851.5921316,252820,0,276.5574947,0,1964163.357,213.9324065,2227.766939,82854.19996,527.2322252,37245.25561,28886.32513,541020.3041,0,4081.921473,0,1366.428215,461.5580673,4776,123077.0877,234.0705932,0,247.0893488,15435.91111,495.2278226,3454.9464,166.7311033,46286.53118,641.7373031,15368.5084,0,1218.569555,0,7297.720315,0,335.779243,9308687.163,48384.38931,0,1955813,101.8099453,1314.421133,1.230090171,0,0,2809.511523,565.0656592,37698.01624,21865.04863,648660.6537,299.9313297,10402.46693,54226.99784,1545538.823,0,2008.888909,13646.53711,259172.1737,857.4605492,3383.189189,69.117245,2114.536244,9999.274236,124527.7553,250.0962537,1744.175768,105.5716274,16493.46285,0,6118.860502,287.2610026,2829.126397,4923.648666,87326.97048,1161.619091,27302.96028,403842.1739,1570.634738,79675.95987,35626.22674,713.6172681,0,218.7113735,1539.05419,1489.436888,25071.98533,347.6074387,7916.001368,648.7263396,9416,143.9732736,6023.423186,1250566.803,5736.528276,20876.85416,551468.4593,5332.15501,65350,274375.7055,3316451.837,50154.58637,811983.7805,2138.262967,11280.12038,2442.282661,96.75461251,1444.73939,1859.215886,32372.29228,713.4367166,5509,93.65743947,1183.017696,32808,74.31438049,6636.549761,87629.34747,775.8907758,6103.733028,409.1762582,2011,23.39043452,1427.433088,0,757.7981087,1042.726381,15933.47491,17962.41182,54.73047037,53414.30455,866177.499,1372.363894,14386,0,360.1946171,1077.38886,6957.070271,278.2190297,4448.662264
M208-Thymus 1974,0,0,0,0,0,0,0,0,0,0,0,0,0,0,0,0,0,0,0,0,0,0,0,0,0,0,0,0,0,0,0,0,0,0,0,0,0,0,0,0,0,0,0,0,0,0,0,0,0,0,0,0,0,0,0,0,0,0,0,0,0,0,0,0,0,0,0,0,0,0,0,0,0,0,0,0,0,0,0,0,0,0,0,0,0,0,0,0,0,0,0,0,0,0,0,0,0,14754.20119,190414.2147,409276.4373,6565,49267.52425,651731.0762,3731.209422,15427.63985,4336.364647,153848.8278,62148.69538,489136.4864,3764.549071,0,433,158617.0389,0,311.4851916,294078.7404,889.2617493,586.6790033,155.3515207,5853.237901,0,769.9147543,0,1159,729.8673547,38468.99033,0,218.2841999,43148292.99,0,115690.3181,0,1055.173267,163240.3797,294.8160429,31403.82926,1147516.878,679.0930271,17283.22178,0,1340.47163,960.7780741,16753.44206,0,653.4433067,4191.574183,55369.91763,0,1069.810337,364.4096874,2671.8791,0,2328638.325,0,5786.437059,27512.06147,0,0,2801.90619,1207.190649,75513.54294,154784.365,2748305.404,3028.563008,34918.66265,0,317.5712359,0,96.48493432,1093.161072,7130.332588,1483.46214,28978,0,1078.558681,0,2231.556115,324.4370327,0,390,0,0,0,513.3909996,1016665.179,0,1887.358093,422359,0,900.8342075,360.3497365,2678880.484,431.2695327,2966.415628,117802.9718,945.5993746,37757.66267,37343.79796,447604.237,292.2371096,7346.212694,235.0343772,3246.178925,1916.366391,6843,378046.9817,225.8872476,661.1652877,443.8989855,16611.93606,159.6449794,5606.211913,0,48226.79921,2523.73117,24873.33279,0,1975.010962,324.2584518,12314.40732,0,1168.382698,14652387.22,46374.27257,720.3503517,2459454,0,9751.226181,0,0,0,2681.897768,788.8801225,37915.95466,18399.35901,533455.0941,275.7530952,12866.82325,53235.03655,2206679.368,255.1502218,7618.88718,18839.88452,247393.7297,1539.597969,1874.46696,0,2063.302428,6971.70163,103914.2902,439.4363464,427.2906284,455.3807626,16039.53381,0,4243.84499,214.2830809,5517.033328,7059.443357,133299.6103,3229.211521,58958.11009,1137234.306,2605.275063,114748.8564,63937.54731,463.4004178,191.3024834,165.8351168,2105.351713,1425.159543,24203.02006,383.2408496,8296.74234,199.9431707,10631,1130.042387,17433.60469,1535109.225,16744.90823,14164.25105,658420.1016,9132.569844,63990,245021.9743,3293680.262,43678.39649,567941.6987,4276.141479,11946.28827,1568.440862,196.7447279,1777.24957,3940.306547,70219.44838,547.1613949,12516,1.309201624,923.8020471,36690,2033.223033,5635.705657,71879.75537,0,4714.050153,1436.500711,731,28.95361109,2167.850814,0,1111.237667,1187.045778,13179.96412,34250.29706,57.36953402,54666.27923,834823.1512,3686.787472,11620,0,550.130441,385.1694299,6069.526432,395.8928468,4264.206902
M209-Thymus 1975,0,0,0,0,0,0,0,0,0,0,0,0,0,0,0,0,0,0,0,0,0,0,0,0,0,0,0,0,0,0,0,0,0,0,0,0,0,0,0,0,0,0,0,0,0,0,0,0,0,0,0,0,0,0,0,0,0,0,0,0,0,0,0,0,0,0,0,0,0,0,0,0,0,0,0,0,0,0,0,0,0,0,0,0,0,0,0,0,0,0,0,0,0,0,0,0,0,10613.59811,171407.0676,455194.7892,6469,51067.35111,696622.1062,3141.984803,15615.49634,4544.343433,179516.3674,67271.03041,508172.9163,3684.163395,0,320,151321.3236,0,454.7834588,220914.6715,964.2210545,424.9322106,0,5389.956352,0,1351.341594,0,2173,282.6902342,34485.42268,0,405.8452678,40668351.75,0,110339.7262,0,1707.616268,151427.4894,428.5880794,33562.2847,1311151.612,723.2420099,22624.241,165.8169299,1365.820823,1447.921374,16583.72864,0,785.186914,4248.618972,55626.20335,0,708.3597293,0,4445.910565,158.2932287,1781397.552,0,6180.161611,20356.83652,0,0,155.5551098,2057.605973,65973.28472,211598.4399,2813274.941,3666.348558,42285.43391,0,0,0,585.9036489,716.2608321,8345.77978,2255.257152,26515,0,1151.732941,0,2876.251776,327.8020678,1.598342355,40,0,199.9805332,0,262.5373998,977469.2447,0,2229.385191,378683,0,244.4426363,0,2968932.085,182.2982427,2144.59087,125788.293,1621.949326,40909.29683,37917.1787,554234.849,0,4471.233533,0,2074.865081,1599.796546,6297,214756.9217,332.2681259,195.4817633,271.6303214,13864.83944,209.588565,5224.396865,564.4839613,49223.46387,2287.532112,22929.66991,0,1527.642865,342.257528,11841.33894,0,137.5319862,13518454.94,68055.27447,394.378679,2947641,0,16200.34102,0.259570719,416.6740184,45.96710712,2589.257635,964.9305173,34648.6561,18549.82562,647219.9464,525.886511,12280.23071,43748.20241,1751791.583,0,2232.420303,13968.23471,218079.8847,390.8733183,4083.401982,0,2519.234751,7675.151258,159260.5007,0,2633.755354,529.3515895,19179.94981,0,6537.576149,440.2266094,4252.329744,7141.414905,127334.545,2834.095317,60133.55437,1135238.516,3185.525058,99674.62651,63441.87104,489.292638,73.78706104,0,2012.032735,1645.503788,27303.8787,395.9404174,10047.28987,231.5825516,10964,973.7440578,12551.03843,1818907.851,11938.9817,20350.05201,689411.3428,8324.201686,67648,270463.0667,3440197.377,46996.87778,715733.3769,3001.026425,14904.31255,1095.113393,0,1386.790212,5953.993674,70391.78623,98.36948594,7136,0,667.8608415,64711,1204.575569,5814.148664,96967.26496,405.4149357,5397.508963,1091.152369,2009,68.01624449,1578.300285,0,835.2205319,1105.908457,13296.20113,35915.88065,48.47731156,55998.88449,964787.227,3176.62654,12214,0,372.5054029,378.5313381,6502.082867,378.1265484,4844.321195
blk11,0,0,0,0,0,0,0,0,0,0,0,0,0,0,0,0,0,0,0,0,0,0,0,0,0,0,0,0,0,0,0,0,0,0,0,0,0,0,0,0,0,0,0,0,0,0,0,0,0,0,0,0,0,0,0,0,0,0,0,0,0,0,0,0,0,0,0,0,0,0,0,0,0,0,0,0,0,0,0,0,0,0,0,0,0,0,0,0,0,0,0,0,0,0,0,0,0,370.2620109,4399.070893,4317.917762,48,2276.489491,3138.687791,0,281.3848541,0,321.6119355,0,831.3604358,0,0,23,1883.01851,0,0,1441.289843,0,0,31.3654306,0,0,0,0,43,0,0,0,0,86349.83365,0,515.5604486,0,0,235.0041825,0,156.2004612,1445.546448,183.4206559,63.30054067,0,141.4602811,0,0,0,0,0,0,0,0,0,246.7213821,0,10467.15334,0,0,169.9786632,0,0,558.5596673,0,295.1073953,1708.513851,10331.83353,0,0,160.4112778,244.5247146,0,0,0.388696435,0,0,245,0,0,0,0,0,0,1,0,0,0,0,4648.097355,0,0,2361,0,0,0,1208.797757,0.526417637,0,0,0,0,242.827059,5192.560537,0,0,0,0,213.2046746,55,330.1564856,0,0,0,0,0,0,0,0,0,0,0,0,0,0,0,0,26339.03044,0,0,27284,38.12178326,0,0,0,0,0,1.319176872,0,0,2283.266927,0,0,355.8598115,8592.924469,0,0,0,143.0695399,0,0,0,85.3437405,2.640593967,0,0,0,0,0,0,2058.901027,0,250.3046911,0,0,0,0,5604.097545,0,1202.512955,615.3656575,0,0,0,0,3.598657652,12.32752412,0,0,0,15,0,114.6246106,8157.580987,0,0,1933.690361,153.6767115,10,492.7508749,3780.944325,152.8063164,2064.792446,120.4275489,0,0,0,493.150167,0,184.853593,212.9105965,172,0,0,124,67.4577516,0,292.69312,0,0,56.51534824,46,0,0,0,0,0,0,395.975814,0,185.4734675,2872.590092,0,8,0,18.24578651,0,175.9706338,0,494.8291756
M210-Thymus1981,0,0,0,0,0,0,0,0,0,0,0,0,0,0,0,0,0,0,0,0,0,0,0,0,0,0,0,0,0,0,0,0,0,0,0,0,0,0,0,0,0,0,0,0,0,0,0,0,0,0,0,0,0,0,0,0,0,0,0,0,0,0,0,0,0,0,0,0,0,0,0,0,0,0,0,0,0,0,0,0,0,0,0,0,0,0,0,0,0,0,0,0,0,0,0,0,0,10260.69194,173532.5372,413836.5909,6157,52025.99665,679691.8897,3510.112604,14801.80196,4544.641254,152778.7798,61920.29485,509867.5267,4875.835298,0,320,183448.2934,0,519.7699844,299601.9227,489.3786584,0,0,5503.460801,0,971.0383181,0,2275,500.2677514,34728.45969,0,318.1579704,41471899.96,118.5619824,107691.8242,0,1716.700584,192933.8496,649.4678518,32508.98238,1317493.064,728.822067,25763.67966,0,1372.39467,1146.648761,13864.67146,0,426.4929946,5126.385894,58330.38019,0,820.8612295,159.5631149,4615.94322,0,1922348.623,0,5308.154746,28826.54527,0,200.9607987,5442.820894,1345.785565,78373.07956,156700.4264,2112757.786,2793.723839,22181.2588,0,440.0843494,0,1860.758291,783.0849468,8626.739966,1501.296401,25278,171.6371267,521.618195,0,2727.773396,811.5290749,0,221,2.043009848,367.3601806,0,1426.576916,1165692.842,0,3304.410813,481902,0,605.876668,160.5329169,2789096.964,546.6956101,2810.31501,122079.2787,762.0680057,42365.77906,31535.41217,398832.2764,439.8113608,10991.89678,367.3002682,4043.40857,1888.85983,6696,246674.7306,126.0398679,283.1128699,356.4319399,15129.26529,179.6653488,3757.755394,327.0204363,43186.80019,2410.71238,22597.51576,0,1732.435859,193.6577362,12638.76743,0,1812.5462,16610799.47,67640.31082,130.52349,3087716,0,16264.02622,212.0835404,825.9045801,187.2024567,1368.35001,666.0123717,50507.46075,19563.25779,779630.0219,489.7458618,16333.17135,74100.33434,1856484.056,377.1561243,19853.26346,18000.27578,229508.2195,1504.671308,3412.093689,0,2003.751487,8595.367696,123880.6217,0,2046.19085,400.7368922,17873.73636,0,4652.495349,218.3542276,8930.914078,8174.638215,143214.6522,2881.055877,52445.27982,1148310.849,4619.618971,145586.822,88558.06974,105.556671,28.12014342,779.6961117,2962.539454,1975.644459,21484.8921,330.9280108,17091.50696,314.7222705,13226,968.0933011,12920.92909,2776197.472,20141.26445,33245.39956,1194276.575,9205.583632,80470,239047.5612,4040383.578,43458.80732,672757.1675,3049.046077,12465.49749,1373.157113,0,1203.588509,4825.602288,64036.99353,415.3542768,20223,0,1212.322181,80260,436.8332806,9322.954088,94572.52644,504.618016,6018.294341,1009.777529,294,260.0802535,5100.139526,0,1320.723697,1286.20906,13946.98176,38098.74074,14.69834709,51020.00684,911232.6532,2720.669157,14377,0,445.4396552,471.6516078,6494.412681,480.4099329,5199.97517
M211-Thymus 1982,0,0,0,0,0,0,0,0,0,0,0,0,0,0,0,0,0,0,0,0,0,0,0,0,0,0,0,0,0,0,0,0,0,0,0,0,0,0,0,0,0,0,0,0,0,0,0,0,0,0,0,0,0,0,0,0,0,0,0,0,0,0,0,0,0,0,0,0,0,0,0,0,0,0,0,0,0,0,0,0,0,0,0,0,0,0,0,0,0,0,0,0,0,0,0,0,0,12527.93569,187598.2149,499862.7761,8420,51097.75176,692167.26,3358.897537,17706.02481,5411.762226,181651.4198,68605.44362,489272.9074,7490.605205,0,1800,221020.7827,0,637.8061489,636619.5532,1858.091207,1967.908188,0,5666.362816,0,732.5862735,0,1549,217.6989559,38560.26053,0,130.2546148,47048053.82,0,116838.9135,0,1799.432611,299267.6699,467.492795,24171.23415,1076680.527,278.169565,14259.56197,0,1240.592918,1185.35768,12654.75811,0,195.3701838,3645.077667,54245.72285,0,416.7053522,0,4369.70612,383.0616957,2784142.262,0,7353.867416,53858.71891,0,189.1060108,4540.765192,1996.346429,74733.19935,168161.5783,2382505.354,2729.256529,41107.12443,0,686.0510275,0,1628.166249,537.9593132,5540.036225,1714.44393,32683,0,758.7470028,0,4042.321336,2045.699654,0,196,1.174231817,233.3710339,0,2288.935361,1815516.476,1.72169676,5817.666834,522411,0,0,866.9531166,3760403.526,503.3087985,3097.777835,135749.3546,252.8092848,40777.00078,38059.58554,665501.0028,327.3577808,8986.053986,268.925843,5830.920954,1680.13463,8477,388183.0007,50.57425819,262.1526348,207.3340167,23144.75893,275.0983685,4110.670692,878.8549083,46265.59524,2036.305866,43305.60923,1.087297677,1056.892659,211.0797946,8174.86087,0,1626.376311,17175226.74,65423.14158,951.9272837,3435245,163.3739295,12805.45388,0,0,0,2525.706059,384.2811677,38450.93723,13846.49675,677122.8024,330.7228614,14307.66258,45544.21387,2155654.059,722.1521798,17806.48651,20306.24339,275377.6389,1103.169192,5045.475219,0,2160.391831,7749.364831,124642.4071,0,1849.233768,47.62989969,27250.70029,0,4740.674572,274.4164594,7787.73146,10398.9624,156075.5969,3532.778668,84465.59652,1901758.066,2843.350254,155342.2632,93994.67478,59.30013536,28.12800949,238.7103052,4068.606669,1857.321329,25664.61333,495.1791951,10091.12315,580.9418619,14646,1712.939696,15556.06411,3383281.954,29979.54765,28104.77631,970589.3185,7639.569931,83302,268147.5615,3750375.012,50781.78352,798159.7031,3832.65024,16334.48505,1797.656653,0,1072.408611,4393.602343,88800.73818,377.6639835,20775,0,1095.348984,101022,153.8295884,8073.218503,122242.7115,275.7062393,6399.135063,808.1377601,2168,42.48219018,4263.566903,0,639.891518,673.2837551,14710.60521,49520.7571,42.16205356,64197.03799,875263.3174,2489.228286,16634,0,808.6660797,645.6539465,8101.416918,341.8464135,4602.318168
blk12,0,0,0,0,0,0,0,0,0,0,0,0,0,0,0,0,0,0,0,0,0,0,0,0,0,0,0,0,0,0,0,0,0,0,0,0,0,0,0,0,0,0,0,0,0,0,0,0,0,0,0,0,0,0,0,0,0,0,0,0,0,0,0,0,0,0,0,0,0,0,0,0,0,0,0,0,0,0,0,0,0,0,0,0,0,0,0,0,0,0,0,0,0,0,0,0,0,58.02408467,4847.198933,5337.91193,67,1283.916944,3751.485439,0,352.9766441,0,259.3373122,115.1509762,1005.197757,113.3142281,0,28,1531.694683,0,0,1817.007809,0,13.7062414,0,0,0,128.0985636,0,38,0,297.375062,0,0,72430.07041,0,215.600481,0,0,535.2148509,0,0,1194.382567,28.47525856,1137.920999,0,0,0,0,0,0,0,333.3659837,0,0,0,625.8257137,0.882212763,2663.279219,0,0,132.0480147,0,0,385.3599236,0,310.5589885,987.0726007,10442.97381,0,175.1126446,0,158.382867,0,0,2.588297249,0.470099658,0,142,246.501188,1.220836588,0,0,0,0,0,1.603461163,0,0,0,3234.84135,0,0,930,0,0,0,569.7133389,2.852908913,0,0,0,0,0,4721.100497,0,0,0,0,0,0,316.8270031,0,0,0,0,0,0,0,0,0,0,0,0,0,0,0,0,31566.04906,0,0,18725,0,0,0,0,0,0,0,0,0,1451.995344,0,0,78.87392672,5967.270889,0,0,0,371.4004009,0,0,0,0.905770641,2.165397998,0,0,0,0,0,0,1753.704443,0,0,0.86813143,0,0,0,4148.506313,0,897.9876053,180.1255147,0,0,0,0.809812222,0,0,0,0,0,25,0,0,3947.845496,0,0,1633.00576,0,27,280.1726211,2086.885344,190.5497552,704.4692024,0,32.72455218,0,62.95034356,0,0,259.3825948,0,34,0.547703303,0,322,43.63282682,0,164.0526937,1.010380104,22.45273285,22.42446768,23,0,0,0,95.68231358,0,0,200.8271378,0,0,982.4405705,0,78,0,12.68146105,119.7096798,90.58471716,0,351.3040289
M201-213QCThymus4,0,0,0,0,0,0,0,0,0,0,0,0,0,0,0,0,0,0,0,0,0,0,0,0,0,0,0,0,0,0,0,0,0,0,0,0,0,0,0,0,0,0,0,0,0,0,0,0,0,0,0,0,0,0,0,0,0,0,0,0,0,0,0,0,0,0,0,0,0,0,0,0,0,0,0,0,0,0,0,0,0,0,0,0,0,0,0,0,0,0,0,0,0,0,0,0,0,7390.587066,178048.255,311180.6602,4481,50902.60275,638153.9265,3482.854953,13994.5816,3841.961095,138168.0529,67187.43228,481325.3723,2854.216445,0,394,121083.1332,0,300.989754,209796.9158,614.3949594,620.2581184,56.50092973,2211.524465,0,963.1965358,0,1235,520.155356,29788.37339,0,363.7646092,35423790.83,0,96865.48804,0,1030.486989,152477.082,352.0356812,27092.11199,1169598.837,386.9786561,16988.29307,0,1428.311698,1088.259306,15158.71677,0,233.2413255,3896.523965,44054.07453,0,320.122631,268.4405247,3875.334412,0,1707448.84,0,3801.577123,38338.5425,0,60.45518569,2127.097234,1577.67987,65115.50024,161322.5112,1844100.097,3137.676481,38744.23794,0,908.8788398,0,884.7570795,150.1315181,6045.701438,1136.06155,19050,0,176.4450552,0,2534.898869,1077.439103,0,145,0,267.7834453,0,509.3230892,899700.5221,0,1825.83543,335815,0,313.2774098,0,1981642.228,131.5522294,2337.98239,82674.42367,605.3276508,24176.85603,24314.09385,354050.6536,383.5357908,4961.099098,184.8288722,3938.872237,523.7246905,4713,207048.8851,360.5213673,395.1708773,0,10736.2244,167.1286297,3464.382686,456.9654187,40517.62597,1001.562826,21558.19414,136.2807894,1203.112795,152.8084239,5668.751573,0,421.5872568,8226606.15,38152.35903,0,1834080,0,12794.83976,0,522.3998459,152.5943818,4001.348149,1147.200423,27556.03003,12966.74629,500123.5855,241.6861722,7986.084522,39121.71951,1781496.05,0,6467.281446,9259.78588,130837.3845,755.8170281,2562.132881,180.068426,1599.998453,6487.648515,93648.8506,0,1446.399305,0,13538.11431,0,4842.038308,164.8580514,4251.175147,6678.070082,77243.35429,2702.767676,39482.88517,910300.6478,2509.197509,81585.10503,50681.46591,344.6073533,122.8761276,168.3308044,2200.187152,1202.590729,19558.9376,42.32264375,6448.664176,433.2235097,6197,426.4340657,9399.181401,1566044.049,10541.98215,13185.96621,550055.4337,5393.089437,46060,215272.9546,2774038.649,42739.20673,511360.8499,2158.807442,8856.270539,458.0028801,0,1605.687717,3188.999198,53681.427,368.4997926,8557,0,1102.762465,57901,912.6252501,6049.801767,73920.76434,386.8560388,4289.735413,809.639513,1087,23.76241699,1784.07762,0,915.696978,760.0785966,11091.30096,30057.548,57.07469598,44110.03437,601020.5672,1975.453585,9335,0,538.698092,298.9514126,6524.658695,301.9642059,3608.422694
M201-213QCThymus5,0,0,0,0,0,0,0,0,0,0,0,0,0,0,0,0,0,0,0,0,0,0,0,0,0,0,0,0,0,0,0,0,0,0,0,0,0,0,0,0,0,0,0,0,0,0,0,0,0,0,0,0,0,0,0,0,0,0,0,0,0,0,0,0,0,0,0,0,0,0,0,0,0,0,0,0,0,0,0,0,0,0,0,0,0,0,0,0,0,0,0,0,0,0,0,0,0,7509.179003,159723.3223,301066.1558,3856,47140.82286,624194.1724,3313.384667,9857.707768,3599.906776,125303.2807,58633.44713,410477.2426,3138.055503,0,318,107755.047,0,169.8167978,197328.5221,614.7263134,331.6002106,45.27968178,1540.443432,0,641.3470346,0,1237,237.9557872,26424.7304,0,25.33097115,30562763.42,0,95778.2132,0,1055.013329,107149.5376,0,27035.7325,906863.1224,571.4836587,16495.87033,0,992.2471228,990.6511898,12446.66673,0,464.444483,4149.657629,47242.14019,96.3647596,544.0077307,144.4344437,2453.344221,0,1257930.285,0,2556.425031,32844.72268,0,0,2094.476683,1965.433324,56045.95797,162317.4821,1955155.357,3854.793587,29047.25193,0,281.7701698,0,0,372.0427874,2162.330052,1141.458796,11629,0,616.2080569,0,1074.679839,423.4512369,0,95,0,0,0,974.9752553,816690.6813,0,1610.175213,282579,0,776.8554254,242.127598,1874944.994,0,1828.031984,42796.85739,841.5306602,17654.33313,15529.69341,285859.6101,0,4786.758712,0,1637.560419,514.0193432,5320,139003.7168,0,302.2236693,228.9080767,9280.660761,135.098465,2449.483673,399.3528802,32338.63032,939.5047014,15914.97563,0,1562.298001,260.6318739,2763.727977,0,975.5819678,6993553.887,36389.44093,225.5733217,1960553,0,7789.941611,0,186.9218036,0,1583.721904,938.2561817,20076.34799,10216.84032,496021.3041,163.3035242,6825.29155,38152.95774,1308825.747,0,4415.658501,7928.595757,112433.3289,1162.281181,1511.807355,0,674.3509583,2753.8318,57440.1367,217.5015245,766.2526255,327.2897086,9208.922018,0,2670.427017,0,2459.377941,4588.044495,80425.64428,1633.147681,35069.90254,785630.3521,2049.398414,72909.26352,40263.03949,369.7292338,68.96083453,94.59086572,1360.229679,808.8143308,14805.93736,261.119372,3697.758853,175.5628512,6726,481.267814,8926.630657,1143316.558,5451.199759,11453.42357,423978.0939,4963.449855,36488,151058.9946,2426700.732,29012.95815,499361.3153,1284.89338,6200.572422,1526.385948,0,1705.050244,3703.535273,40305.52927,531.948804,9034,0,744.7357951,44049,0,4919.839071,55583.00109,0,3786.781962,837.5933616,1586,144.871935,1903.784548,0,714.6027329,945.1939989,8848.657942,22142.77568,41.9255128,29345.98594,439707.1577,1237.580211,8083,0,302.8303933,472.2256627,5210.873643,308.7690333,3810.372216
