Sample, C1P d18:1/C16:0,Cer d16:1/C20:0,Cer d16:1/C22:1,Cer d16:1/C23:0,Cer d16:1/C25:1,Cer d16:1/C26:0,Cer d16:1/C26:1,Cer d18:0/C23:1,Cer d18:0/C25:0,Cer d18:0/C25:1,Cer d18:0/C26:0,Cer d18:0/C26:1,Cer d18:1/C14:1,Cer d18:2/C20:1,Cer d18:2/C25:1,DHCer d16:1/C16:0,DHCer d18:1/C14:0,DHCer d18:2/C18:1,DHCer d18:2/C24:0,GM3 d16:1/C14:0,GM3 d16:1/C16:0,GM3 d16:1/C18:0,GM3 d16:1/C20:0,GM3 d16:1/C22:0,GM3 d16:1/C24:0,GM3 d16:1/C24:1,GM3 d18:1/C14:0,GM3 d18:1/C20:0,GM3 d18:1/C22:0,GM3 d18:2/14:0,GM3 d18:2/16:0,GM3 d18:2/18:0,GM3 d18:2/20:0,GM3 d18:2/22:0,GM3 d18:2/24:0,GM3 d18:2/24:1,MHCer d16:1/C16:0,MHCer d16:1/C20:0,MHCer d16:1/C22:0,MHCer d16:1/C22:1,MHCer d16:1/C23:0,MHCer d16:1/C23:1,MHCer d16:1/C24:0,MHCer d16:1/C24:1,MHCer d16:1/C26:0,MHCer d18:0/C16:1,MHCer d18:0/C22:1,MHCer d18:2/C16:1,MHCer d18:2/C22:1,MHCer d18:2/C25:0,SM C30:1,SM C34:0,SM C36:0,SM C38:0,SM C39:1,SM C40:0,SM C42:0,Sphd16:1,Sphd18:2,Sphd18:1,Sphd18:0,SM C32:2,GM3 d18:1/C16:0,SM C32:1,SM C34:2,GM3 d18:1/C18:0,MHCer d18:1/C14:0,Cer d18:2/C14:0,MHCer d18:2/C16:0,DHCer d18:1/C16:0,DHCer d18:2/C16:0,SM C34:1,MHCer d18:1/C16:1,SM C36:2,MHCer d18:1/C16:0,MHCer d18:0/C16:0,Cer d16:1/C16:0,Cer d18:1/C14:0,MHCer d18:1/C18:1,Cer d18:2/C16:0,Cer d18:2/C18:1,Cer d18:1/C16:1,GM3 d18:1/C24:1,SM C36:1,SM C38:2,DHCer d18:1/C18:0,MHCer d18:1/C18:0,Cer d18:1/C16:0,Cer d18:0/C16:0,Cer d16:1/C18:0,MHCer d18:2/C20:0,Cer d18:1/C18:1,Cer d18:2/C18:0,DHCer d18:1/C22:1,DHCer d18:1/C20:0,GM3 d18:1/C24:0,DHCer d18:2/C24:1,DHCer d18:2/C22:0,MHCer d18:1/C20:1,SM C38:1,SM C40:2,SM C42:3,MHCer d18:1/C20:0,MHCer d18:1/C22:1,Cer d18:1/C18:0,MHCer d18:2/C24:1,MHCer d18:2/C22:0,Cer d18:0/C18:0,SM C41:2,DHCer d18:1/C22:0,Cer d18:1/C20:1,DHCer d18:1/C24:1,Cer d18:2/C20:0,Cer d18:2/C22:1,MHCer d18:1/C23:1,MHCer d18:2/C23:0,SM C42:2,SM C40:1,Cer d18:2/C23:1,DHCer d18:1/C23:0,MHCer d18:0/C24:1,MHCer d18:1/C22:0,MHCer d18:0/C22:0,MHCer d18:1/C24:1,MHCer d18:2/C24:0,Cer d18:1/C20:0,Cer d18:0/C20:0,Cer d16:1/C24:1,Cer d18:1/C22:1,Cer d18:0/C22:1,DHCer d18:1/C24:0,Cer d16:1/C22:0,MHCer d18:1/C25:1,Cer d18:2/C24:1,Cer d18:2/C22:0,SM C41:1,MHCer d18:1/C23:0,SM C43:2,MHCer d18:0/C23:0,Cer d18:1/C23:1,MHCer d18:1/C26:1,MHCer d18:0/C24:0,Cer d18:2/C23:0,SM C42:1,MHCer d18:1/C24:0,Cer d18:0/C24:1,Cer d18:1/C24:1,Cer d18:1/C22:0,Cer d18:0/C22:0,Cer d16:1/C24:0,Cer d18:2/C24:0,MHCer d18:1/C25:0,Cer d18:2/C26:1,SM C43:1,Cer d18:1/C23:0,Cer d18:1/C25:1,Cer d18:0/C23:0,MHCer d18:1/C26:0,Cer d18:2/C25:0,Cer d18:1/C26:1,SM C44:1,Cer d18:1/C24:0,Cer d18:0/C24:0,Cer d18:2/C26:0,Cer d18:1/C25:0,Cer d18:1/C26:0,
blk1,0.0,0.0,0.0,0.0,0.0,0.0,0.0,0.0,0.0,0.0,0.0,0.0,0.0,0.0,0.0,0.0,0.0,0.0,0.0,0.0,0.0,0.0,0.0,0.0,0.0,0.0,0.0,0.0,0.0,0.0,0.0,0.0,0.0,0.0,0.0,0.0,0.0,0.0,0.0,0.0,0.0,0.0,0.0,0.0,0.0,0.0,0.0,0.0,0.0,0.0,0.0,0.0,0.0,0.0,0.0,0.0,0.0,0.0,0.0340744644552,0.404810055254,0.0358798508267,0.0,0.000980165746651,0.381591290565,0.362403166672,0.0,0.0,0.0,0.0333256353861,0.0,0.0,10.2521765791,0.0,0.469886628965,0.0,1.1808733225,0.0,0.0,0.0,0.292960864866,0.0,0.421046093122,0.0,5.23399633805,0.0854112193528,1.95984179455,1.45994467773,5.52032593456,0.12040622717,0.0,0.0,0.0282187180348,1.69698051416,0.0,0.0492455259852,0.0,0.000980165746651,0.0,0.000545564386573,0.901506464293,0.184854712416,0.193117443671,0.180552200474,0.0,15.326323561,0.66388258589,0.0,0.213727407881,0.0140598480977,0.0,0.0,0.0,0.0140933571027,0.0,0.0,0.0,3.6984701492,3.85931855135,0.0,0.0,0.0,3.39308930559,0.0,25.8750928832,0.0427474649076,0.0,0.0885422092542,0.0,0.0,0.0,0.0,1.77419959258,0.599938131465,0.0,0.17011492333,1.15045521667,2.76756682958,0.053059427887,0.175898989158,0.0,0.0,0.0352859668795,0.00653036857229,1.00276861455,3.62603787559,0.0332297029921,0.663873428519,0.861939597316,0.0,0.310945523306,0.103941658347,0.23720011069,0.0,0.176993622841,0.371347998829,0.0,0.0181252925411,0.175929770701,0.0,0.0,0.0458329846953,0.653132033202,0.0339849235146,0.0,0.0623054493063,0.214079025407,
blk2,0.0,0.0,0.0,0.0,0.0,0.0,0.0,0.0,0.0,0.0,0.0,0.0,0.0,0.0,0.0,0.0,0.0,0.0,0.0,0.0,0.0,0.0,0.0,0.0,0.0,0.0,0.0,0.0,0.0,0.0,0.0,0.0,0.0,0.0,0.0,0.0,0.0,0.0,0.0,0.0,0.0,0.0,0.0,0.0,0.0,0.0,0.0,0.0,0.0,0.0,0.0,0.0,0.0,0.0,0.0,0.0,0.0,0.0,0.0207596332995,0.774515127296,0.00702094466252,0.0357377215917,0.0302444154906,0.441717177948,0.361305931373,0.0,0.0,0.0,0.0270607928074,0.484247110259,0.0,9.61033233899,0.206111767988,0.0925011153467,0.0,5.44338265919,0.0,0.0,0.0,0.118223296275,0.0,1.36731031866,0.0,7.09453998645,0.107468819546,2.62668863487,0.936474305811,3.59023244709,0.0,0.0,0.00114271912136,0.0,1.50951338187,0.0,0.0,0.0,0.0,0.0,0.0,0.798252891142,0.127512105944,0.352836569756,0.346463997839,0.0,12.0934946449,0.0,0.0,0.120298384456,0.0856425765301,0.0,0.0,0.0,0.0,0.0,0.0,0.0,2.83888763787,3.58546752136,0.0,0.0,0.0,3.91253260473,0.243302913708,30.2921169433,0.0,0.0,0.0,0.0,0.0,0.0,0.0,1.08002385119,0.589417273599,0.0,0.20648115752,1.01265717472,2.06819050399,0.0078790323564,0.0,0.0,0.0,0.106651359888,0.0,0.610085809855,2.46870113541,0.0335447418193,0.428344564081,0.369359187787,0.0,0.0,0.0,0.0175099247577,0.00039660233337,0.0586617436544,0.299231091211,0.000302853429324,0.0555223312872,0.0,0.0,0.0,0.0,0.602897452623,0.0023134304703,0.0,0.0,0.298489340537,
blk3,0.0,0.0,0.0,0.0,0.0,0.0,0.0,0.0,0.0,0.0,0.0,0.0,0.0,0.0,0.0,0.0,0.0,0.0,0.0,0.0,0.0,0.0,0.0,0.0,0.0,0.0,0.0,0.0,0.0,0.0,0.0,0.0,0.0,0.0,0.0,0.0,0.0,0.0,0.0,0.0,0.0,0.0,0.0,0.0,0.0,0.0,0.0,0.0,0.0,0.0,0.0,0.0,0.0,0.0,0.0,0.0,0.0,0.0,0.0350162646692,0.798835563088,0.0267413038975,0.0,0.00391019762428,0.655373511959,0.317611908949,0.0,0.0,0.0,0.0,0.18655279526,0.0,11.1848038416,0.317958283905,0.268336138972,0.127416394955,5.26349028519,0.0,0.0,0.0,0.0,0.0,1.48251295978,0.0,9.38020576499,0.0,2.80584800027,0.91231907232,5.60443574263,0.277322208608,0.0,0.00199586982711,0.00423111237819,0.52379666773,0.0,0.014967908602,0.0,0.00195509881214,0.0,0.0,1.01989783029,0.0695063993895,0.179450400285,0.300872250103,0.0,14.046415174,0.24161564639,0.0,0.220878112898,0.130370908319,0.0,0.0,0.0,0.0,0.0,0.0,0.0,3.67949522874,4.91498566733,0.0,0.0,0.0,4.08575950971,0.0,19.8129762432,0.0,0.899706156137,0.0,0.0,0.0,0.0,0.0,1.65013566384,0.0,0.0,0.0,0.702996795615,1.69878814413,0.0624690956737,0.0,0.0,0.0,0.0723386560491,0.00162470105049,0.79188145652,2.04629802775,0.0,0.573235402539,0.97848570969,0.237830851722,0.0,0.0,0.584574544829,0.0,0.0741145584651,0.0,0.000562903379323,0.0315540161283,0.0,0.00375552622255,0.000803627687746,0.0,0.443445937003,0.018932409677,0.0,0.0666343876419,0.16197116155,
SL std mix1,0.0,0.0,0.0,0.0,0.0,0.0,0.0,0.0,0.0,0.0,0.0,0.0,0.0,0.0,0.0,0.0,0.0,0.0,0.0,0.0,0.0,0.0,0.0,0.0,0.0,0.0,0.0,0.0,0.0,0.0,0.0,0.0,0.0,0.0,0.0,0.0,0.0,0.0,0.0,0.0,0.0,0.0,0.0,0.0,0.0,0.0,0.0,0.0,0.0,0.0,0.0,0.0,0.0,0.0,0.0,0.0,0.0,0.0,0.122476766418,0.202454566658,0.0670588914077,0.0,0.0395302150245,0.500687574047,0.323188534048,0.0,0.0,0.0,0.0275299711778,0.0,0.0,11.4327748668,0.0,0.808184243764,0.0,0.11328841893,0.0580867917844,0.0772722798904,0.0,0.0832689689046,0.0,0.0,0.0,10.5510593902,0.212367730837,1.60714387594,1.25724442381,1.35470445642,0.0738361452261,0.0298402053558,0.0,0.0,0.388813827131,0.0,0.0,0.0,0.00141179339373,0.0,0.0,2.16269645195,0.80453681124,0.044835612002,0.172890944633,0.15779737326,6.17520057864,0.0,0.000669688327578,0.0414913206232,0.622995960095,0.0,0.0,0.0,0.0,0.0,0.0538164174478,0.0,5.3907502991,6.86730572779,0.0,0.0,0.0,3.13112509228,0.14140308319,17.0348051265,0.0412604848012,0.263482835482,0.0,0.0,0.0322968175952,0.0,0.194047858213,0.973202004049,0.45238967694,0.0583299155872,0.048226656036,3.04524742244,1.46868234324,0.043810706728,0.0,0.000577953437575,0.0,0.0409420084183,0.0,8.75502652357,6.96624304819,0.00423836070883,0.885149505223,1.67398177988,0.0329303083763,0.112867958492,0.11015626187,0.347301174858,0.0,0.221280434543,0.276931895576,0.0016128414019,0.00178457293003,0.0,0.0224799933307,0.0,0.102029217441,1.33502418882,0.0305608114268,0.0,0.128761067443,0.194598948725,
SL std mix2,0.0,0.0,0.0,0.0,0.0,0.0,0.0,0.0,0.0,0.0,0.0,0.0,0.0,0.0,0.0,0.0,0.0,0.0,0.0,0.0,0.0,0.0,0.0,0.0,0.0,0.0,0.0,0.0,0.0,0.0,0.0,0.0,0.0,0.0,0.0,0.0,0.0,0.0,0.0,0.0,0.0,0.0,0.0,0.0,0.0,0.0,0.0,0.0,0.0,0.0,0.0,0.0,0.0,0.0,0.0,0.0,0.0,0.0,0.00559767538191,0.889132879859,0.264577655628,0.056326235704,0.0153688091666,0.524202236053,0.463824975519,0.0,0.0,0.0,0.0,0.0,0.0,12.3207766265,0.0,0.458414125542,0.0,0.390371588362,0.0,0.0,0.0,0.078038590777,0.0,0.0679576113583,0.0,12.8988007398,0.0146135621781,1.61180547147,1.34864625268,1.54808516403,0.0,0.0387527718201,0.0,0.0,0.426051979605,0.0,0.0,0.0,0.00192110114583,0.0,0.125806889455,1.22791314831,0.573174210384,0.266490929147,0.23525575239,0.335204785492,7.70259665875,0.394851932837,0.0,0.0478819885336,0.303345690332,0.0,0.0,0.0,0.0,0.0,0.0,0.0,6.65246939905,7.7192508391,0.0,0.0,0.122768822924,2.66023851157,0.0,14.59045504,0.0,0.151861345219,0.0180693049739,0.0158075787581,0.0685641768209,0.0,0.18761260546,1.21548986707,0.596168831065,0.082100687069,0.0765369872476,2.52542164805,1.9044950828,0.144289445466,0.177605986165,0.012397648295,0.0,0.101818360729,0.0,6.12204767631,4.86147303883,0.0185664853498,0.649282122644,1.40392932783,0.0642379177002,0.134179801837,0.075192411727,0.59650190578,0.0,0.353254409961,0.31864538714,0.0,0.00358300594469,0.0,0.0,0.0,0.115334372387,1.18326555112,0.0104232900209,0.0,0.135909702178,0.294963387149,
blk6,0.0,0.0,0.0,0.0,0.0,0.0,0.0,0.0,0.0,0.0,0.0,0.0,0.0,0.0,0.0,0.0,0.0,0.0,0.0,0.0,0.0,0.0,0.0,0.0,0.0,0.0,0.0,0.0,0.0,0.0,0.0,0.0,0.0,0.0,0.0,0.0,0.0,0.0,0.0,0.0,0.0,0.0,0.0,0.0,0.0,0.0,0.0,0.0,0.0,0.0,0.0,0.0,0.0,0.0,0.0,0.0,0.0,0.0,0.00597241133399,0.0783389882559,0.00144907515379,0.0,0.00227893457791,0.273401854852,0.205306854764,0.0,0.0,0.0,0.0,0.0,0.0,6.42891087508,0.600703255239,0.0859813815566,0.151935157753,3.45398167818,0.0,0.0,0.236415686338,0.439980784586,0.0,0.333330579448,0.0,4.69723612391,0.073892788238,2.13406258923,0.750090926486,8.65114184764,0.177740786289,0.232579212195,0.000176313007656,0.0,1.09237107107,0.0,0.00337700185641,0.0,0.00227893457791,0.0,0.0,0.502196325353,0.0971799069952,0.30022384698,0.0,0.855795183017,14.604841431,0.0,0.0,0.123711333078,0.0622752491912,0.0,0.000841682392324,0.0,0.0,0.0,0.0,0.0,1.7100423524,2.35538315593,0.0,0.0,0.241794001115,4.84090575044,0.0,28.7808148586,0.0,0.562999186971,0.0,0.000967811409551,0.0,0.0,0.0,2.02621145082,0.684767799268,0.0,0.283430318449,0.6468922916,1.96085945543,0.0463876387013,0.317787222914,0.0,0.0,0.0638101681814,0.0,0.562995411393,2.86863321215,0.0692783465234,0.336695083059,2.22913183719,0.0,0.375494106116,0.0,0.175477962499,0.0181356761802,0.068178573494,0.0875661921789,0.0268232311272,0.0296907199386,0.0,0.0,0.0263730111585,0.0194552814505,1.06136685079,0.0482474199002,0.0251771868011,0.262968301568,0.525258064597,
M212-samblk1,0.0,0.0,0.0,0.0,0.0,0.0,0.0,0.0,0.0,0.0,0.0,0.0,0.0,0.0,0.0,0.0,0.0,0.0,0.0,0.0,0.0,0.0,0.0,0.0,0.0,0.0,0.0,0.0,0.0,0.0,0.0,0.0,0.0,0.0,0.0,0.0,0.0,0.0,0.0,0.0,0.0,0.0,0.0,0.0,0.0,0.0,0.0,0.0,0.0,0.0,0.0,0.0,0.0,0.0,0.0,0.0,0.0,0.0,0.0211353676919,0.246639365183,0.185360150215,8.04723858359,0.00733952904602,0.207902875819,0.21202083412,0.0,0.0,0.0,0.0353631854035,0.0,0.0,7.94686516676,0.0,0.688083304746,0.0951042157653,0.0,0.166754179409,0.0663936199568,0.0815395266283,0.0715293781278,0.0302747577547,0.0,0.0,18.1225643948,0.0383649753507,0.941929600232,1.10801550894,1.83152111401,0.0911873340589,0.0367096603716,0.0,0.0,0.954854613388,0.0,0.0,0.0,0.000667229913275,0.0,0.0,0.902807728007,0.809820178128,0.362809835026,0.205618162209,0.352560382907,6.76718626234,0.268466028131,0.230377510494,0.0391425526687,0.39725812042,0.0,0.0,0.0,0.0564346207726,0.0,0.0295688717799,0.0,4.7002734016,3.59963505818,0.0,0.0,0.196930257451,1.18066328905,0.0,10.2208200741,0.0,0.354959440422,0.0,0.0,0.0759409939448,0.00403808933188,0.111702092389,1.41934058783,0.380301503084,0.0,0.108517182857,4.21989823458,1.96949680025,0.136709588795,0.0,0.0,0.174352661068,0.0333614956637,0.0225856851954,8.03476239425,5.69246269599,0.0116309299359,0.924861774308,1.25691486334,0.0421071740694,0.310005997145,0.0569322452287,0.505760274262,0.0,0.0807735698905,0.337530235314,0.0,0.00156570210675,0.0,0.0,0.0122942197792,0.0947714027322,1.5757633212,0.00849952572236,0.0,0.151658547424,0.334769967346,
M213-samblk2,0.0,0.0,0.0,0.0,0.0,0.0,0.0,0.0,0.0,0.0,0.0,0.0,0.0,0.0,0.0,0.0,0.0,0.0,0.0,0.0,0.0,0.0,0.0,0.0,0.0,0.0,0.0,0.0,0.0,0.0,0.0,0.0,0.0,0.0,0.0,0.0,0.0,0.0,0.0,0.0,0.0,0.0,0.0,0.0,0.0,0.0,0.0,0.0,0.0,0.0,0.0,0.0,0.0,0.0,0.0,0.0,0.0,0.0,0.11062849728,0.395881455872,0.052522673808,4.67973811794,0.00262361175984,0.294894994942,0.180017160149,0.0,0.0,0.0,0.0,0.142492379002,0.0,9.20746561505,0.0,0.831213735852,0.118920142343,0.0,0.134892075775,0.0,0.0,0.00991523042867,0.0,0.0,0.0,16.0320529649,0.0929147309485,1.60840624671,0.775926866085,1.29218446044,0.0538662793997,0.0,0.0,0.0400705302565,0.802193583168,0.0,0.0,0.0,0.0177093793789,0.0,0.17066278183,3.02270664384,1.38981175945,0.17930261638,0.414585306943,0.255947413663,4.75777544522,0.496087845737,0.0,0.105228804614,0.515396387002,0.0,0.000162785013089,0.0,0.0,0.0,0.160717005161,0.20934874567,6.75960752166,2.80380350311,0.0,0.0,0.0848507799957,0.866687030318,0.0,11.8479327044,0.187248505228,0.34149782082,0.0,0.0,0.0382246813061,0.0,0.0807465740759,1.65430203467,0.446566515444,0.0661098711463,0.0968042347694,3.56205455026,1.19401192645,0.216820383418,0.0,0.0,0.191478284701,0.0623107792962,0.0554137548819,10.5364839836,5.35663201243,0.0114685312868,0.85009314494,1.48587139015,0.0,0.1654414071,0.102790603864,0.381735511057,0.0,0.160393895301,0.270189948367,0.0,0.0211262418442,0.0,0.0119248684224,0.0142587168319,0.0597268818291,1.15647888938,0.0142853635327,0.0,0.100966823347,0.189396058745,
blk7,0.0,0.0,0.0,0.0,0.0,0.0,0.0,0.0,0.0,0.0,0.0,0.0,0.0,0.0,0.0,0.0,0.0,0.0,0.0,0.0,0.0,0.0,0.0,0.0,0.0,0.0,0.0,0.0,0.0,0.0,0.0,0.0,0.0,0.0,0.0,0.0,0.0,0.0,0.0,0.0,0.0,0.0,0.0,0.0,0.0,0.0,0.0,0.0,0.0,0.0,0.0,0.0,0.0,0.0,0.0,0.0,0.0,0.0,0.00852798874087,0.223845797375,0.00605763762381,0.0,0.0309132321075,0.514706531444,0.399181854155,0.0,0.0,0.0,0.0,0.0,0.0,9.23592863849,0.0,0.165804573005,0.0,2.58511177048,0.0,0.245025894522,0.0,0.0,0.0,1.30124954513,0.0,4.51294954575,0.0955375414498,1.81028100663,1.09596626039,6.99738181858,0.0,0.0,0.0,0.0,1.15384760238,0.0,0.0,0.0,0.0020608821405,0.0,0.0,1.01959043627,0.0688203353752,0.195190243874,0.0,0.414123398379,16.9723519124,0.0,0.00570527267636,0.285425459536,0.134717253552,0.0,0.0,0.0,0.0,0.0,0.0,0.0,2.92499737034,3.11727766302,0.0,0.0,0.0,4.15365485171,0.0,20.4028947209,0.0,0.479424662136,0.0,0.0,0.0,0.0,0.0,3.36534410943,0.0,0.0,0.235164084896,1.27768355432,2.35555001533,0.0936297494805,0.295343691079,0.160074257322,0.0,0.0700699927769,0.0,0.747504205821,3.41097556256,0.10931187812,1.14891465379,2.34457502645,0.0675227910489,0.244722623516,0.237946826769,0.379202313852,0.0,0.0762952032624,0.0384819037806,0.0,0.0743928059428,0.0,0.0,0.0,0.0873843432221,1.75445304419,0.133603406591,0.0,0.273270899738,0.460031356185,
M201-213QCThymus1,0.0,0.0,0.0,0.0,0.0,0.0,0.0,0.0,0.0,0.0,0.0,0.0,0.0,0.0,0.0,0.0,0.0,0.0,0.0,0.0,0.0,0.0,0.0,0.0,0.0,0.0,0.0,0.0,0.0,0.0,0.0,0.0,0.0,0.0,0.0,0.0,0.0,0.0,0.0,0.0,0.0,0.0,0.0,0.0,0.0,0.0,0.0,0.0,0.0,0.0,0.0,0.0,0.0,0.0,0.0,0.0,0.0,0.0,0.0114170253713,0.4580975555,0.0215215221622,0.00522422501619,0.00116481552813,0.166610550324,0.296775938898,0.0021096396112,0.0101251153211,0.00101828255469,0.00188289782814,0.100086426524,0.00175891507212,48.0761398407,0.00437301899912,0.223450156612,3.45269032141,0.0681841124787,0.00228570519044,0.0238880611441,0.000860174998854,0.0721631267082,0.000626853678179,0.00374291077096,0.00115821617614,2.67384223665,0.0541019237349,0.0091786287967,0.208371980134,2.29747626365,0.0431391517051,0.000386871358259,0.00315303435351,0.00702066842795,0.0368159861133,0.00268844629298,0.00740292921329,0.00297630818552,0.000615499114296,0.0,0.00439519734432,1.62828863687,0.617079844325,3.65102622697,0.235798964854,0.0848980625073,0.557880300631,0.0205039428269,0.0083769152995,0.0102829002004,0.139661434423,0.0462383404901,0.00363666171526,0.124723012379,0.0283521061763,0.00163008669507,0.0243373263847,0.00124558244973,13.73984012,2.77299840079,0.000855189127995,0.00691861922293,0.126420067938,1.63736683417,0.0283263144112,4.59168633535,0.022483833571,0.205500127358,0.00373675778278,0.00149230026508,0.136102085468,0.0026219626,0.0408743694025,0.00613149966599,0.016479336348,0.143409747802,0.0553173542115,1.34578400168,0.333043084462,0.0744544441423,0.00312936998368,0.0275237735261,0.0223943973715,0.0279489544051,0.0126938353916,1.79899489091,1.75207288709,0.0685642002274,3.50695405611,0.706303842947,0.0143532515469,0.000861597238913,0.0656009182936,0.0347492268776,0.00131533893239,0.0852579408828,0.0966576230956,0.00682526056127,0.00142358904956,0.00598766103064,0.000512783125688,0.0127773901734,0.0449302041217,0.842968320455,0.0118500013774,0.000587018499269,0.00759521520348,0.00444278700898,
M201-213QCThymus2,0.0,0.0,0.0,0.0,0.0,0.0,0.0,0.0,0.0,0.0,0.0,0.0,0.0,0.0,0.0,0.0,0.0,0.0,0.0,0.0,0.0,0.0,0.0,0.0,0.0,0.0,0.0,0.0,0.0,0.0,0.0,0.0,0.0,0.0,0.0,0.0,0.0,0.0,0.0,0.0,0.0,0.0,0.0,0.0,0.0,0.0,0.0,0.0,0.0,0.0,0.0,0.0,0.0,0.0,0.0,0.0,0.0,0.0,0.0118937082479,0.406124867736,0.0203333541574,0.00497503903089,0.00165355359643,0.184156638405,0.306894111482,0.00126256636764,0.00743916602052,0.000608529307906,0.00195534284597,0.08775570756,0.00137077248954,49.2641112784,0.0029737413405,0.209418207579,3.473613702,0.0496558866334,0.00132467713378,0.0198970491447,0.000766737460867,0.0682701370171,0.000555123501619,0.00578671065938,0.0,2.10612300777,0.0559792529949,0.00877503720951,0.177799694007,2.92761935774,0.0524242848157,0.000525358617401,0.000936094048593,0.00705631645338,0.0300113864047,0.00247907879901,0.00441502806476,0.00151110265661,0.00021376738509,0.00101581556324,0.00201784594933,1.49849466823,0.591095086644,2.92483935392,0.253176201715,0.0636915223935,0.497672205886,0.0198820921625,0.00864913832546,0.00607381330431,0.278987807669,0.0406678749402,0.00632743873297,0.148947502252,0.0237877241526,0.00335709139906,0.0190829814666,0.00427942353967,12.8951909761,3.10248385522,0.000758319165982,0.00840182160486,0.111126586509,1.46526469048,0.0268925448724,5.71427303341,0.020214724048,0.183084219587,0.00191162751431,0.00137290565323,0.112221259413,0.00178530717992,0.0369384464387,0.00775666227651,0.0111078592051,0.108992058276,0.0582886608421,1.20193176143,0.304225077816,0.0729639547068,0.00861171182659,0.0264895788028,0.0228903945283,0.018242531407,0.0139729916159,2.33434667451,1.37949207209,0.0610850152696,3.06139663167,0.615247467942,0.0129388060164,0.00136799507155,0.0591927766981,0.0266297576337,0.00138515358926,0.0809716020447,0.101583665647,0.00677333633778,0.00188423186063,0.00630945036912,0.000935646550397,0.0141646343533,0.0443570545227,0.725797170887,0.0119478656377,0.000663923563703,0.0087144967979,0.00471004764872,
M201-213QCThymus3,0.0,0.0,0.0,0.0,0.0,0.0,0.0,0.0,0.0,0.0,0.0,0.0,0.0,0.0,0.0,0.0,0.0,0.0,0.0,0.0,0.0,0.0,0.0,0.0,0.0,0.0,0.0,0.0,0.0,0.0,0.0,0.0,0.0,0.0,0.0,0.0,0.0,0.0,0.0,0.0,0.0,0.0,0.0,0.0,0.0,0.0,0.0,0.0,0.0,0.0,0.0,0.0,0.0,0.0,0.0,0.0,0.0,0.0,0.0109184560244,0.420297700509,0.0203087115579,0.00558901732639,0.0019723762442,0.16920025958,0.348855212117,0.00153830353029,0.00830328497563,0.000902950302746,0.00194310164317,0.0985207154483,0.00104934395483,56.6077011821,0.00131941372122,0.179152834599,3.21108184865,0.0430044818079,0.00213687296618,0.0208931502493,0.00148875599079,0.0715304275397,0.000611589899672,0.00466339143628,0.00138065149377,1.8344341385,0.0526868883875,0.0100283970452,0.188200753354,2.7669804758,0.0427968882145,0.000875395648514,0.00241674241939,0.00513475834071,0.0223334213989,0.00193936978658,0.0041476093157,0.00248397076525,0.000311042635913,0.00160903930955,0.00225763883539,1.39797218042,0.481294948976,2.48546964205,0.190583833997,0.0495457995624,0.551055635824,0.0141835967538,0.00870963357011,0.00808591324285,0.165708752313,0.0261017767033,0.00604851969783,0.0925374929557,0.0227609895322,0.00191474586624,0.0155729390157,0.00166726111953,9.35592197828,2.54999509532,0.000797526704732,0.00595008197386,0.0711225042242,1.52760970842,0.027330066113,4.70970265625,0.0105131486561,0.119103417555,0.00224282315558,0.00171164313485,0.0629916313021,0.00133708942147,0.0256334701797,0.00634369108,0.00946660656322,0.11688292651,0.0485799739009,0.923205537335,0.235716819138,0.0590664721812,0.00586365520074,0.0200944684654,0.0151925106422,0.0214290079518,0.0100726830495,1.79655799087,1.27901697677,0.0379466763335,3.4707867777,0.656617631375,0.0119432894067,0.00166550150421,0.0634209683638,0.0375995656942,0.00054173390441,0.074530399627,0.0843809660569,0.00561429062537,0.00197466844129,0.00396431128537,0.0012447494199,0.0131854782534,0.0356434933408,0.760237042099,0.0121343769077,0.000455202799283,0.00849535907271,0.00595113236625,
blk8,0.0,0.0,0.0,0.0,0.0,0.0,0.0,0.0,0.0,0.0,0.0,0.0,0.0,0.0,0.0,0.0,0.0,0.0,0.0,0.0,0.0,0.0,0.0,0.0,0.0,0.0,0.0,0.0,0.0,0.0,0.0,0.0,0.0,0.0,0.0,0.0,0.0,0.0,0.0,0.0,0.0,0.0,0.0,0.0,0.0,0.0,0.0,0.0,0.0,0.0,0.0,0.0,0.0,0.0,0.0,0.0,0.0,0.0,0.0143453088743,0.331959351874,0.00466818609574,0.0,0.0073164483301,0.641940268931,0.430867161603,0.0,0.0,0.0,0.0676771470534,0.136917317504,0.0,17.0319154183,0.0,0.281792358411,0.645348093829,1.8349096897,0.0,0.219348355576,0.0,0.227850302214,0.0,0.299449995575,0.0,5.49340714779,0.233863818992,1.94399653003,0.958012049654,7.32412441606,0.360156966156,0.122795586386,0.0,0.0,0.440426568971,0.0,0.000682115312939,0.0,0.0,0.0,0.0,0.924806069127,0.550089945436,0.0108406049711,0.0567338588027,0.0,7.93360420717,0.0,0.0,0.0812082211891,0.104549772504,0.0,0.0,0.0,0.0,0.0,0.0,0.0,5.28630698005,5.80368005458,0.0,0.0,0.0,4.5368436731,0.0,18.3100596076,0.0,0.121041226671,0.0,0.0751117621069,0.0974143746873,0.0,0.0,1.11791233586,0.249637858327,0.165525769031,0.0,1.73108122561,0.75676371257,0.0941032956848,0.0,0.0,0.0,0.0621898108059,0.000950324864752,1.45133602128,5.16153733422,0.0212165622926,1.25322761791,2.06047307896,0.0,0.185712107477,0.189635532396,0.235955458646,0.000579683880586,0.187504398418,0.500859529507,0.0,0.00438963357779,0.0,0.0,0.0,0.0,1.15771578713,0.0168269287148,0.0,0.152840841734,0.295964189878,
M201-Thymus 1460,0.0,0.0,0.0,0.0,0.0,0.0,0.0,0.0,0.0,0.0,0.0,0.0,0.0,0.0,0.0,0.0,0.0,0.0,0.0,0.0,0.0,0.0,0.0,0.0,0.0,0.0,0.0,0.0,0.0,0.0,0.0,0.0,0.0,0.0,0.0,0.0,0.0,0.0,0.0,0.0,0.0,0.0,0.0,0.0,0.0,0.0,0.0,0.0,0.0,0.0,0.0,0.0,0.0,0.0,0.0,0.0,0.0,0.0,0.00873933721706,0.328663973124,0.0149713181476,0.00311562057443,0.000315546256096,0.124153261307,0.266318931699,0.0,0.00955031851469,0.00107984921916,0.0018533808835,0.0924850077835,0.0011258401595,49.1675075014,0.00283290263895,0.156714952296,3.51847286292,0.0621094719609,0.00220403987541,0.015691780301,0.000994382934598,0.0713113578768,0.000629909502591,0.00206815795924,0.0,2.10709880435,0.0370558021138,0.0132710631468,0.259981827197,3.16145049204,0.0469615759172,0.000770916619809,0.00430053572421,0.0060049617842,0.0357642011347,0.00310771403501,0.00711863153753,0.0,0.000427982278383,0.0,0.00388524410461,1.19903977708,0.461005920286,2.54700910002,0.394770090651,0.0937149675578,0.503427830392,0.0221912388954,0.0160999961378,0.00945055928861,0.256153694157,0.0394799868759,0.00534649024344,0.101454779648,0.0232914553133,0.00239767578534,0.0281614299583,0.00670769443473,12.0759883227,2.93130384561,0.000366616185142,0.00845387102982,0.0795871655791,1.40252388501,0.0213891220984,5.98944844505,0.0425789743354,0.188833272342,0.00518715211461,0.00351239915491,0.107099195185,0.00251629111075,0.0412076329174,0.00731889296095,0.0182594501912,0.122749507312,0.0564667983667,1.33915504262,0.36626663728,0.0667875982868,0.00843437485336,0.0289345849197,0.0229378436458,0.039026180639,0.0164334789882,2.37854024495,2.41691013731,0.0575245523667,3.03937015372,0.710024472121,0.0126889393162,0.00213189578468,0.0670388152178,0.0502335131831,0.00117564574864,0.0873441369815,0.143634371893,0.00773516608079,0.00246223030811,0.0115811072571,0.000874977291608,0.0101731850912,0.0319519419607,0.698153888291,0.0132016876266,0.00054369640717,0.00935572362579,0.00477079369103,
M202-Thymus 1461,0.0,0.0,0.0,0.0,0.0,0.0,0.0,0.0,0.0,0.0,0.0,0.0,0.0,0.0,0.0,0.0,0.0,0.0,0.0,0.0,0.0,0.0,0.0,0.0,0.0,0.0,0.0,0.0,0.0,0.0,0.0,0.0,0.0,0.0,0.0,0.0,0.0,0.0,0.0,0.0,0.0,0.0,0.0,0.0,0.0,0.0,0.0,0.0,0.0,0.0,0.0,0.0,0.0,0.0,0.0,0.0,0.0,0.0,0.00907307326343,0.455560693372,0.0194761494375,0.00393853951324,0.00049892027451,0.165050195071,0.254105033778,0.0,0.00728911091381,0.00132957622283,0.00251358203517,0.099076656246,0.000865026784422,44.6262411202,0.00277915592842,0.132663965199,2.74703259142,0.0482766405308,0.00221470472936,0.0196949984374,0.000970939256362,0.0795208300179,0.00048417532557,0.0047732573825,0.0,2.21978221413,0.0277820362839,0.00448769424517,0.151617017312,2.97994875844,0.0557747520247,0.00048542755667,0.00414264546626,0.00711088973697,0.0254846482919,0.00227542532737,0.0056247388668,0.000569002444436,0.000428420670503,0.000727324631773,0.000169776060553,1.33468022302,0.513060599501,4.07164768206,0.318090110575,0.11174577367,0.424467333174,0.00978886337191,0.00512080616549,0.0101811369387,0.265121255541,0.0412632950295,0.00598007087759,0.113229962797,0.0243137993104,0.00249265092348,0.0168812143433,0.00247207842896,14.920086296,2.58868899683,0.0,0.00775038545097,0.0833295834154,1.62169842012,0.0345408830143,5.82043364863,0.0165489673291,0.219004514097,0.00372441208123,0.00236412102481,0.160078206803,0.00108539362392,0.0492562616029,0.00427099015657,0.0154429536662,0.124734391487,0.052175390417,1.16192544906,0.234651473256,0.0941692808787,0.00610845955941,0.0353580432579,0.0238012287025,0.0355290888962,0.01300282268,2.45842426162,1.99627197274,0.068936960153,4.48537901412,0.77892884114,0.0145144893125,0.00181094746404,0.0567102889098,0.0295013727536,0.00130593334121,0.074220921049,0.135740478504,0.00823232563589,0.00132938068892,0.00634395893737,0.000526502553986,0.0149855540587,0.0340599466842,1.0329704725,0.0164884175796,0.00034683247826,0.00803619271023,0.0047987105354,
M203-Thymus 1462,0.0,0.0,0.0,0.0,0.0,0.0,0.0,0.0,0.0,0.0,0.0,0.0,0.0,0.0,0.0,0.0,0.0,0.0,0.0,0.0,0.0,0.0,0.0,0.0,0.0,0.0,0.0,0.0,0.0,0.0,0.0,0.0,0.0,0.0,0.0,0.0,0.0,0.0,0.0,0.0,0.0,0.0,0.0,0.0,0.0,0.0,0.0,0.0,0.0,0.0,0.0,0.0,0.0,0.0,0.0,0.0,0.0,0.0,0.00822092034472,0.360567207138,0.0178339087959,0.00294233714357,0.000318578001585,0.144970196844,0.226450643161,0.0,0.0112356979546,0.000981481785464,0.00239322010947,0.120098106113,0.000670023907253,51.5210096282,0.00222289745426,0.129341834428,4.62812984085,0.0762539689248,0.00159313881093,0.0205009303366,0.00109495964343,0.0515298710173,0.000729411959165,0.00224006780334,0.000399453598985,1.82683798702,0.0379767605354,0.000817298454482,0.200400569035,3.09984072631,0.0433590601489,0.00053416837082,0.00147429423092,0.00563780800316,0.0193055877294,0.00359241302644,0.00664848807137,0.0,0.000924653224112,0.00136252482733,0.000359324229859,0.973634493004,0.422357520799,3.27864409828,0.30734994732,0.148022237373,0.417547701142,0.0151133444881,0.00142868674286,0.0070280730305,0.306868587209,0.0438991969038,0.00443453319098,0.162411811416,0.0190317036564,0.00280515591184,0.0299221880466,0.00137415939155,9.86956490414,2.48528736138,0.0,0.00633442340579,0.114917299957,1.60014177783,0.0342865926411,6.47265616673,0.00599720000175,0.197365609771,0.00233399554716,0.0018983633139,0.112114966753,0.00269702514166,0.0459982631553,0.00635882704676,0.0134442076357,0.107244643467,0.0390432394272,0.736440617967,0.309166788957,0.0743833792412,0.00601517926575,0.0264471776652,0.0322445181007,0.0235242658487,0.00914987611738,2.02386882536,1.94778597345,0.0703048861276,3.12029883254,0.670186468482,0.0128927215982,0.00152342724309,0.0353088686336,0.0219546864263,0.000904967360921,0.0751626316528,0.131866368358,0.00866026324017,0.00169980709873,0.00475827140649,0.000870744817379,0.0120675468504,0.0326899672643,0.74439024649,0.0125864549569,0.000266623548197,0.00779186990983,0.00442945125641,
blk9,0.0,0.0,0.0,0.0,0.0,0.0,0.0,0.0,0.0,0.0,0.0,0.0,0.0,0.0,0.0,0.0,0.0,0.0,0.0,0.0,0.0,0.0,0.0,0.0,0.0,0.0,0.0,0.0,0.0,0.0,0.0,0.0,0.0,0.0,0.0,0.0,0.0,0.0,0.0,0.0,0.0,0.0,0.0,0.0,0.0,0.0,0.0,0.0,0.0,0.0,0.0,0.0,0.0,0.0,0.0,0.0,0.0,0.0,0.0202465838621,0.250160649402,0.00454046984758,0.0,0.00736057168787,0.488391196683,0.311848626118,0.0,0.0,0.0,0.0294422867515,0.0,0.0,16.5824571614,0.0,0.108637006785,1.35881658404,1.39295821468,0.0,0.0,0.0,0.203835932046,0.0,0.51350958019,0.0,3.7672432176,0.154045552609,1.03376509278,0.894219377927,11.637372162,0.125166112469,0.0,0.0,0.0,0.255401502333,0.0,0.0,0.0,0.00147211433757,0.0,0.0,0.818408522225,0.290629826343,0.350309930031,0.0,0.0,10.1459553762,0.0,0.0,0.159499752445,0.0837027505617,0.0,0.0,0.0,0.0,0.0,0.0,0.0,6.3120831063,5.57399968427,0.0,0.0,0.0,2.83513696165,0.0,13.5542321275,0.0,0.532011431725,0.0,0.0,0.0,0.0,0.0,1.59944140322,0.0,0.0,0.171183093001,1.22256859082,1.37347174367,0.0741219341719,0.0,0.0,0.0,0.126601833031,0.0,1.50172979273,3.76794237925,0.282657789144,2.6360958776,2.60558787738,0.0185942381828,0.2395308111,0.111443479773,0.217872921961,0.0,0.249650481627,0.189665396975,0.0,0.0,0.0,0.0,0.0141883270189,0.0624898862585,2.93014161475,0.0111044131449,0.0,0.261503388794,0.535553261689,
M204-Thymus 1463,0.0,0.0,0.0,0.0,0.0,0.0,0.0,0.0,0.0,0.0,0.0,0.0,0.0,0.0,0.0,0.0,0.0,0.0,0.0,0.0,0.0,0.0,0.0,0.0,0.0,0.0,0.0,0.0,0.0,0.0,0.0,0.0,0.0,0.0,0.0,0.0,0.0,0.0,0.0,0.0,0.0,0.0,0.0,0.0,0.0,0.0,0.0,0.0,0.0,0.0,0.0,0.0,0.0,0.0,0.0,0.0,0.0,0.0,0.0086719851645,0.333501830319,0.0137634596003,0.00394212865573,0.000930994482138,0.17076892366,0.340243859877,0.0,0.00937672438125,0.000924451077333,0.00310222986531,0.1006164506,0.000714475978664,48.0987017913,0.00233351051995,0.211937644058,3.64241039412,0.0520877216299,0.00152624709771,0.0180458305659,0.000962993042755,0.0842158978057,0.000646990473409,0.0051244866862,0.0,2.26827577434,0.0507341477399,0.00713071520264,0.171605185136,3.09599343136,0.0428167427657,0.000148079137464,0.000545118117775,0.00709101313411,0.0428243111644,0.00248977359497,0.0108689270833,0.000558255051654,0.00136068424312,0.00132771369882,0.000640842474307,1.27033112532,0.633367402307,3.50162652106,0.299958204876,0.107928861267,0.525336725002,0.0151426599274,0.00311162164078,0.0108749234767,0.233163352426,0.0374166306709,0.0057913796339,0.141270543435,0.0396550733902,0.00171725894382,0.0223066229764,0.0,12.2160335265,2.774495526,0.000164982523323,0.0120027750669,0.0975275969929,1.73435340252,0.0336889448698,6.03216193166,0.00663969281115,0.259056780447,0.00483729205054,0.00240608671507,0.127295339048,0.00149531749322,0.0502217216709,0.00675178046926,0.00973700464703,0.152822543791,0.0767321140067,1.41760485725,0.31867995475,0.0790041806122,0.00790256219578,0.02195187321,0.0183663802153,0.0237924429019,0.0171392979207,2.35394954626,1.3721484946,0.0667757453252,3.27081462212,0.68207240398,0.00894895814525,0.00144002534699,0.0832174036804,0.0176661085824,0.000981155876975,0.0756900197558,0.135639172154,0.00681187972746,0.00170279010574,0.00491908762366,0.00144345414442,0.0114226637993,0.0358210744566,0.683007050887,0.0126946729028,0.000447598165709,0.0076417992494,0.00391772320168,
M205-Thymus 1464,0.0,0.0,0.0,0.0,0.0,0.0,0.0,0.0,0.0,0.0,0.0,0.0,0.0,0.0,0.0,0.0,0.0,0.0,0.0,0.0,0.0,0.0,0.0,0.0,0.0,0.0,0.0,0.0,0.0,0.0,0.0,0.0,0.0,0.0,0.0,0.0,0.0,0.0,0.0,0.0,0.0,0.0,0.0,0.0,0.0,0.0,0.0,0.0,0.0,0.0,0.0,0.0,0.0,0.0,0.0,0.0,0.0,0.0,0.014373733948,0.410655610512,0.0227974324167,0.00558170256241,0.00340841479665,0.203849132411,0.550284285252,0.00656915170802,0.00882984482441,0.00159309940005,0.00170680659619,0.0553590236979,0.000550145225574,41.5767112909,0.00160763283451,0.418876577484,1.59246583479,0.0237503678273,0.00162394356131,0.00967233886869,0.000946338659839,0.0433862929698,0.000409999065306,0.00427211953821,0.00219768531951,3.62873184256,0.0733086216381,0.00842523644942,0.134076400224,1.63135596592,0.030725607568,0.000355466927208,0.00375932532872,0.00731918073727,0.0414311910563,0.00161703295451,0.0119794437046,0.00485879542714,0.00143129162279,0.000174548723995,0.00515279837195,1.82385649298,0.666054175351,3.78561523843,0.243876161179,0.0607668824583,0.501377324003,0.0262116289176,0.0121440934671,0.00621022119098,0.427314751165,0.0345410205433,0.0074468486892,0.104852498594,0.0415826541517,0.00191709630822,0.0203601635547,0.00621676610892,16.833324588,4.03184092,0.00085459401718,0.00787602922465,0.0679526106957,1.43766567085,0.0246573116234,4.30946380669,0.0411922552843,0.212387604534,0.00410342411643,0.00208279177283,0.128312321164,0.00155082243773,0.0411073959423,0.00423422445421,0.0171036740682,0.150104092993,0.0818488995705,2.16007486177,0.311390845961,0.105085229888,0.00637395643253,0.0214004575258,0.0191547904495,0.0290954208697,0.0212076954005,4.04400529719,1.73220526144,0.0602029431646,3.74454080234,0.651319611056,0.0124195430115,0.00173687523629,0.0915259896816,0.0507675326448,0.00165986972174,0.139182024477,0.123731038546,0.00725306770787,0.00148763131513,0.00748948417851,0.00115474993363,0.0144309308146,0.0646400301008,0.831575349231,0.0174794741498,0.000724943454526,0.00775945326599,0.00473623006834,
M206-Thymus 1972,0.0,0.0,0.0,0.0,0.0,0.0,0.0,0.0,0.0,0.0,0.0,0.0,0.0,0.0,0.0,0.0,0.0,0.0,0.0,0.0,0.0,0.0,0.0,0.0,0.0,0.0,0.0,0.0,0.0,0.0,0.0,0.0,0.0,0.0,0.0,0.0,0.0,0.0,0.0,0.0,0.0,0.0,0.0,0.0,0.0,0.0,0.0,0.0,0.0,0.0,0.0,0.0,0.0,0.0,0.0,0.0,0.0,0.0,0.0072275465148,0.352736666599,0.0198739352343,0.00349060907878,0.00128537339438,0.140225889591,0.254171964033,0.000216444924584,0.0107793142476,0.000499937613012,0.0026144898624,0.109334254476,0.000736730395358,47.1931574599,0.00298025644856,0.156771436538,3.70339293705,0.0504499951044,0.00114916271144,0.021720798796,0.00106272247805,0.0592915898214,0.000417398060459,0.00339560674584,0.0,2.05528746977,0.0302632242814,0.00597614968691,0.170190856641,3.36973294909,0.03928976148,0.000424692680109,0.00232500922236,0.00632263318872,0.0193661400377,0.00192940114119,0.00514065491571,0.000768047874698,0.000541741142659,0.0,0.0,0.937271647301,0.437639338569,3.07616669456,0.29323592899,0.106369858598,0.470229791618,0.015644397327,0.00512400274666,0.00507537179692,0.261905036942,0.0425438498429,0.00511306237343,0.194708213049,0.0181742253904,0.00227216808003,0.0332982499836,0.00200949687867,12.3992066059,3.11431288369,0.000347574890099,0.00907644712915,0.11171842328,1.81591550087,0.0340818040501,7.18705331833,0.00461402908405,0.193043243928,0.00535347476113,0.00264474467426,0.133464861724,0.00167635460995,0.0467180626435,0.00615464756439,0.0132397291829,0.0980424037595,0.0399756468354,1.03105095317,0.276459749551,0.0790159712824,0.00624339795443,0.0309045475024,0.0340912949953,0.0311955412024,0.0100858071458,2.37698175084,1.86592447906,0.0706354124479,3.44190744492,0.638352753761,0.0134995706427,0.00165655230089,0.0498214219992,0.0215653353,0.00140753631444,0.0847137685826,0.114016431392,0.00741489369162,0.00223147105771,0.00558661036153,0.000385016522776,0.0142404439883,0.0459116877848,0.790284661178,0.0133353779377,0.000427628353791,0.00842682388574,0.00426332315813,
blk10,0.0,0.0,0.0,0.0,0.0,0.0,0.0,0.0,0.0,0.0,0.0,0.0,0.0,0.0,0.0,0.0,0.0,0.0,0.0,0.0,0.0,0.0,0.0,0.0,0.0,0.0,0.0,0.0,0.0,0.0,0.0,0.0,0.0,0.0,0.0,0.0,0.0,0.0,0.0,0.0,0.0,0.0,0.0,0.0,0.0,0.0,0.0,0.0,0.0,0.0,0.0,0.0,0.0,0.0,0.0,0.0,0.0,0.0,0.00723588361646,0.339194300622,0.00478186446501,0.0,0.13148689897,0.693083087208,0.521933159669,0.0,0.0,0.0,0.0815551651841,0.656698732663,0.0,22.4227172342,0.0,0.0595155049277,0.559431713276,1.97656120688,0.0,0.0,0.0,0.0,0.0,0.11920774427,0.0,1.06704650695,0.0565474520965,0.872304554824,0.51842909718,10.5639677321,0.0,0.0,0.0,0.037829502089,0.327257010186,0.0,0.0,0.00432792591708,0.00166439112621,0.0,0.0,1.28769173005,0.446495795671,1.19438638353,0.337988381678,0.0,3.65562780983,0.0,0.0,0.0447072418286,0.0769443716931,0.0,0.0,0.0,0.0,0.0,0.0,0.0,7.31142875658,7.97064760241,0.0,0.0,0.0,2.78835679501,0.0,13.8656509547,0.0,0.211634432557,0.0,0.0,0.0,0.0,0.0,2.30369557998,0.601209507898,0.369926526026,0.23763750839,1.89480712588,1.11382533045,0.104990530753,0.0,0.0409776572596,0.0,0.0981990764462,0.0,1.88334908809,3.02869737103,0.169887518949,3.0516143085,1.07043456019,0.0,0.317916693177,0.198620036518,0.0715688184269,0.0,0.305221735322,0.46624289175,0.0,0.00268243450972,0.0,0.0,0.0,0.0899222737803,1.85841184438,0.0178828967315,0.0,0.22037136818,0.267570393503,
M207-Thymus 1973,0.0,0.0,0.0,0.0,0.0,0.0,0.0,0.0,0.0,0.0,0.0,0.0,0.0,0.0,0.0,0.0,0.0,0.0,0.0,0.0,0.0,0.0,0.0,0.0,0.0,0.0,0.0,0.0,0.0,0.0,0.0,0.0,0.0,0.0,0.0,0.0,0.0,0.0,0.0,0.0,0.0,0.0,0.0,0.0,0.0,0.0,0.0,0.0,0.0,0.0,0.0,0.0,0.0,0.0,0.0,0.0,0.0,0.0,0.00852844314754,0.399524559845,0.02141908971,0.00351789020239,0.000334478827911,0.136973440021,0.159772172226,0.0,0.00934383192484,0.000740977672384,0.00337519544529,0.110200786722,0.00160841266194,48.7701845127,0.00207129177388,0.0835725458569,3.33827679886,0.0662894314455,0.00212925996208,0.0234321268259,0.00118644125765,0.0549818446641,0.000448379587934,0.00447762194728,0.0,1.79817070265,0.0232853628711,0.007469157881,0.191974607625,3.39413315119,0.0592340771606,0.000618677271203,0.000752498427008,0.00483277551196,0.0199695138614,0.00181353318394,0.0106073718274,0.0,0.00029055736566,0.000567133146925,0.000161166857449,0.885617066018,0.361776743243,2.81065035396,0.279929047379,0.125835852948,0.673057093269,0.0137910738381,0.00461657886669,0.00594158972102,0.176119088576,0.0521513682332,0.00429813107585,0.156382471682,0.0191192151453,0.0015159632211,0.0246558882556,0.00113445502677,13.3204118569,2.79870127969,0.0,0.00949214263759,0.127365538263,2.19154803183,0.0351455045019,5.22171731444,0.00678717987518,0.322423518284,0.00420886141275,0.00263059187828,0.154918934423,0.0021698443913,0.0557243850837,0.00761217727399,0.00955841294185,0.108639244177,0.0339662872978,0.577884291073,0.269191127978,0.0509799077792,0.00519980850221,0.0311908396833,0.0267447965581,0.0318126529658,0.00749344834371,1.78951817529,1.8631770092,0.0812987622003,4.12583671371,1.01014959884,0.0140330501095,0.00179733013134,0.0402727971202,0.0186125642724,0.00147173487863,0.0469471220327,0.109015416712,0.00759335791914,0.00250178746419,0.00482268834697,0.000942739835297,0.0198220625514,0.0257035948391,1.07756937281,0.0178969241471,0.000448100635419,0.00865495335222,0.00553436473558,
M208-Thymus 1974,0.0,0.0,0.0,0.0,0.0,0.0,0.0,0.0,0.0,0.0,0.0,0.0,0.0,0.0,0.0,0.0,0.0,0.0,0.0,0.0,0.0,0.0,0.0,0.0,0.0,0.0,0.0,0.0,0.0,0.0,0.0,0.0,0.0,0.0,0.0,0.0,0.0,0.0,0.0,0.0,0.0,0.0,0.0,0.0,0.0,0.0,0.0,0.0,0.0,0.0,0.0,0.0,0.0,0.0,0.0,0.0,0.0,0.0,0.0127491679432,0.353657508574,0.0219249947562,0.00421743507486,0.000984052221101,0.177699121643,0.329457252727,0.00133330895223,0.0133022904312,0.000760774530545,0.00263398735394,0.0874260863286,0.000496080950937,48.3391558568,0.0023980267824,0.182878663582,2.60789037481,0.03927850527,0.00132455790623,0.0165545496419,0.00148504004003,0.0547125806563,0.00105710983222,0.00264015925972,0.0,2.60878016508,0.0308218410338,0.00636771826697,0.171614941468,2.7156782512,0.0345041175503,0.000313801114471,0.000219275320823,0.00704568317068,0.0286339808717,0.00245117336171,0.00507151905648,0.000737327904427,0.000886328790368,0.0,0.00116675185543,1.13897290393,0.473169993871,3.00115745672,0.26772350123,0.0858094961074,0.442290398196,0.0166952815661,0.00737738933245,0.0067617617194,0.423527113241,0.0377529158917,0.00553965645295,0.10960205284,0.0245780431863,0.00195156415619,0.0279861890928,0.00265531082997,16.4151112463,2.7553333399,0.0,0.00609498257605,0.0861692364832,1.21235027761,0.0292416304688,5.01498321742,0.0173149719433,0.244456737006,0.00185221378562,0.00203880744923,0.102680647301,0.000422217947425,0.0364520528203,0.00419346318808,0.0125382191695,0.131717112653,0.0582581750507,1.27404684113,0.260782602812,0.0716294168434,0.00478470214685,0.0239156882297,0.0188554912879,0.0241604137703,0.0172266375631,1.71978724912,1.49635049277,0.0632303276961,3.25457856324,0.561199245495,0.0118044651056,0.00175615053463,0.0693858217197,0.0284443362571,0.000912834914238,0.0411039117791,0.0710264179821,0.00465808620054,0.000722321761929,0.0049267399738,0.00109804534832,0.0130234950817,0.0383707056076,0.824912352254,0.0114820504427,0.000543599438313,0.0059974706247,0.0042135833691,
M209-Thymus 1975,0.0,0.0,0.0,0.0,0.0,0.0,0.0,0.0,0.0,0.0,0.0,0.0,0.0,0.0,0.0,0.0,0.0,0.0,0.0,0.0,0.0,0.0,0.0,0.0,0.0,0.0,0.0,0.0,0.0,0.0,0.0,0.0,0.0,0.0,0.0,0.0,0.0,0.0,0.0,0.0,0.0,0.0,0.0,0.0,0.0,0.0,0.0,0.0,0.0,0.0,0.0,0.0,0.0,0.0,0.0,0.0,0.0,0.0,0.0113610476706,0.487251321084,0.0232422564244,0.00430590521821,0.0006950072417,0.176858409118,0.258196375908,0.000922909261342,0.0117064334286,0.00143323027401,0.00471953355067,0.07489880779,0.00088145437547,47.5315693711,0.00370876772599,0.17698249147,2.84768707861,0.0491375354189,0.00144858691675,0.0175886704336,0.00170534559786,0.0589970434061,0.00075128495531,0.00471532412478,0.00034379668822,2.08202736754,0.0237922695639,0.000337849774346,0.143287220741,2.98375394727,0.0448478492102,0.0,0.00127252274673,0.00885151785166,0.0281217575859,0.00250144604427,0.00624692441572,0.000711952534247,8.68759052125e-05,0.000434337246077,0.000570204356527,1.14242759335,0.442589790625,3.46997100424,0.273199295512,0.0888508048489,0.587820406187,0.0097110615145,0.00450639455261,0.00667858598975,0.250999440216,0.0301130119251,0.00554098518492,0.10690832453,0.0243191634479,0.00162021506001,0.0257181759748,0.00029870539502,15.7998382279,3.44508682203,0.000441923655937,0.0056236025207,0.0752533340866,1.40569546783,0.0266714039709,3.80471198816,0.00484858836608,0.231295102837,0.00433084822376,0.00267189549162,0.168911378175,0.00279335582185,0.0416568875451,0.006933740587,0.00923562489477,0.13505077152,0.0637775311587,1.32682211062,0.216483085113,0.0741483626657,0.00436992913024,0.028958440801,0.0218216850597,0.0238126856187,0.0133116070177,2.12586792855,1.49733086165,0.0717473376266,3.64866666762,0.759105431642,0.0158074849911,0.00147082700968,0.0746573919842,0.0154986614899,0.000708331913488,0.0756316706616,0.102843293193,0.00572458754003,0.00213074150443,0.00342790664801,0.000885833276617,0.0141019251339,0.0419770681467,1.02325146218,0.0129541447163,0.000395078507966,0.00689609648037,0.00513787766576,
blk11,0.0,0.0,0.0,0.0,0.0,0.0,0.0,0.0,0.0,0.0,0.0,0.0,0.0,0.0,0.0,0.0,0.0,0.0,0.0,0.0,0.0,0.0,0.0,0.0,0.0,0.0,0.0,0.0,0.0,0.0,0.0,0.0,0.0,0.0,0.0,0.0,0.0,0.0,0.0,0.0,0.0,0.0,0.0,0.0,0.0,0.0,0.0,0.0,0.0,0.0,0.0,0.0,0.0,0.0,0.0,0.0,0.0,0.0,0.0180115611537,0.210047041096,0.00451210035081,0.0,0.0325205419954,0.569702334963,0.436058479826,0.0,0.0,0.0,0.0607992741653,0.0,0.0,26.124916775,0.0,0.0710999019753,2.0439110415,0.089502951786,0.106961183976,0.0,0.0,0.0,0.0,0.186551383492,0.0,3.16680992004,0.0514266008582,0.789767961661,0.417263149708,7.81212322649,0.0,0.184890435561,0.0,0.0,0.18524980916,0.0,0.0,0.0,0.00141393660849,0.0,0.0,1.40626972205,0.714314387141,0.365718606207,0.0,0.0,3.92620754476,0.0,0.0,0.0415866918522,0.0998879829137,0.0,0.0,0.0,0.0,0.0,0.0,0.0,7.96880490647,8.25470298126,0.0,0.0,0.0,3.22839469524,0.0,12.1498504811,0.0,0.108177979429,0.0,0.064530251594,0.0,0.0,0.0,1.55677968332,0.353914966029,0.0,0.0,1.69550508405,1.70027708915,0.186177273413,0.0,0.00932110812614,0.0,0.0212090491274,0.086670152026,2.46805483395,2.73411559037,0.00756121670041,2.85885393735,1.56123431242,0.0,0.37288152787,0.139771807451,0.243197096661,0.0,0.0375158763259,0.221311610719,0.0,0.0347815968219,0.0,0.0,0.0,0.119801448924,2.17202761781,0.00604897336032,0.0137960345682,0.133055209502,0.374151062638,
M210-Thymus1981,0.0,0.0,0.0,0.0,0.0,0.0,0.0,0.0,0.0,0.0,0.0,0.0,0.0,0.0,0.0,0.0,0.0,0.0,0.0,0.0,0.0,0.0,0.0,0.0,0.0,0.0,0.0,0.0,0.0,0.0,0.0,0.0,0.0,0.0,0.0,0.0,0.0,0.0,0.0,0.0,0.0,0.0,0.0,0.0,0.0,0.0,0.0,0.0,0.0,0.0,0.0,0.0,0.0,0.0,0.0,0.0,0.0,0.0,0.00966927709793,0.389983511194,0.0193529430571,0.00520563338578,0.000727853792702,0.195856607648,0.319866787147,0.0,0.0125178588023,0.000914861105204,0.00517458555749,0.0789913784445,0.000723664016876,44.2770302571,0.00390470947238,0.205983760217,2.99669476143,0.0586005998572,0.0012929978981,0.0130625624323,0.000970076699076,0.054955808742,0.0007733721705,0.00434889832554,0.0,2.05237493924,0.0307763526199,0.0123799307199,0.178262947512,1.99052899058,0.0208980125286,0.000414624270526,0.00423237493569,0.00812765955012,0.0238155988156,0.00118644306744,0.00620443816163,0.00184585785949,0.000502674025585,0.00083557656489,0.00324481068338,1.24453949065,0.514497514125,2.97774953153,0.277674581317,0.0963627905261,0.375758742317,0.025001543007,0.00919690707147,0.0063086181529,0.263359636746,0.0344121660017,0.00354035900401,0.0982302384751,0.0212901878953,0.00163220972347,0.0287474212892,0.0041227144567,17.7343423299,3.29656694997,0.000778123749522,0.00311237107672,0.114881396462,1.77330208847,0.0371505022272,4.22265300443,0.0451571034636,0.21623054354,0.00321469477048,0.00188782900304,0.116713790167,0.0019278131332,0.0406545837494,0.00438333581501,0.0203137490118,0.13492929429,0.0494111774634,1.22598179135,0.331143501809,0.0945480756223,0.00673842367925,0.0202419325456,0.0388753692536,0.0300831070696,0.0121734181306,2.96397752694,2.71643354669,0.0758145912133,3.80663637747,0.63383633203,0.0117443344884,0.00113395763345,0.0603322789516,0.0459980851557,0.00114218603926,0.0856887302475,0.0891012480665,0.00567011961338,0.000276991298828,0.0116004871791,0.00124431623206,0.0131401108545,0.0406757129072,0.858515361044,0.0135452513716,0.000419669757274,0.00611869320926,0.00489914243643,
M211-Thymus 1982,0.0,0.0,0.0,0.0,0.0,0.0,0.0,0.0,0.0,0.0,0.0,0.0,0.0,0.0,0.0,0.0,0.0,0.0,0.0,0.0,0.0,0.0,0.0,0.0,0.0,0.0,0.0,0.0,0.0,0.0,0.0,0.0,0.0,0.0,0.0,0.0,0.0,0.0,0.0,0.0,0.0,0.0,0.0,0.0,0.0,0.0,0.0,0.0,0.0,0.0,0.0,0.0,0.0,0.0,0.0,0.0,0.0,0.0,0.0100625294511,0.401493432764,0.0248294242963,0.00723603354609,0.00317284599979,0.213509289929,0.614983745285,0.00346881645707,0.00998805366418,0.000662737941778,0.00273041025204,0.0679698713237,0.00022959879637,45.4491041016,0.00317184586716,0.289096920693,1.89785639123,0.0251352189688,0.00112230876635,0.0114481920378,0.000344377503503,0.0490736722919,0.000376974641006,0.00395307712556,0.000675219871673,2.68952190876,0.0520283056086,0.00800397148597,0.131731629228,2.15534572774,0.0371877716265,0.000620639592021,0.00286995598404,0.00501182227648,0.0295668441174,0.00133743744032,0.00712536837794,0.00360593886894,0.000345487675533,0.000411361306407,0.00403468855709,1.75381531464,0.504656622213,3.63260448493,0.239284331461,0.0718773021209,0.602048906444,0.0158396474678,0.0102781190128,0.00766876166763,0.374990423127,0.0407970865534,0.00371873939263,0.081552004879,0.0391766422109,0.000956123382208,0.0144097636722,0.0028668008737,16.5915187712,3.31849662081,0.0,0.00445204242486,0.0677771679944,1.19355909724,0.0252200055494,3.79975464286,0.0313873552722,0.249121797931,0.00456441511779,0.00195440958623,0.112758394905,0.00167291884345,0.0480345974442,0.00428867564468,0.0137273736716,0.141194591818,0.0764122365055,1.83712594415,0.273820599024,0.0908002225831,0.00717170132975,0.023217624502,0.0177875442857,0.025816390285,0.0140728734351,3.26829956246,1.71085024263,0.0753595829229,3.39279605193,0.722059282287,0.0147770759438,0.00097015996755,0.0803340447091,0.0366199309142,0.000990913093959,0.0975887209288,0.110587497932,0.00578901046069,0.00196129235525,0.00751535621851,0.000578881154276,0.0133080246975,0.0478377714273,0.791811463634,0.0150480336887,0.0007315639299,0.00732898849981,0.00416351081156,
blk12,0.0,0.0,0.0,0.0,0.0,0.0,0.0,0.0,0.0,0.0,0.0,0.0,0.0,0.0,0.0,0.0,0.0,0.0,0.0,0.0,0.0,0.0,0.0,0.0,0.0,0.0,0.0,0.0,0.0,0.0,0.0,0.0,0.0,0.0,0.0,0.0,0.0,0.0,0.0,0.0,0.0,0.0,0.0,0.0,0.0,0.0,0.0,0.0,0.0,0.0,0.0,0.0,0.0,0.0,0.0,0.0,0.0,0.0,0.00341830275363,0.314465952411,0.0149015327911,0.0382747723484,0.0655156464866,0.517368968397,0.613740758078,0.032070473795,0.0,0.106896551455,0.0889140916603,0.695811408384,0.0,24.4651047143,0.0,0.180782474687,2.79466950053,2.66255821035,0.0,0.0,0.0,0.278189489549,0.0,0.522243253263,0.00206424069596,0.899590523732,0.0446025868457,0.901682304451,0.726659746553,8.71452305968,0.14612917816,0.132168400698,0.0,0.000392291926264,0.118497115625,0.00285656779681,0.0,0.0,0.0,0.0,0.0,1.09265021974,0.314131233809,0.192435219424,0.0,0.0,3.93969571474,0.0,0.0,0.0,0.107016405783,0.0,0.0,0.0,0.0,0.0,0.0,0.0,10.6622386421,6.32484661622,0.0,0.0,0.0,3.39744334452,0.0,13.9624860742,0.0,0.309928705959,0.0,0.000755853580033,0.0,0.0,0.0,1.46344308594,0.0,0.0,0.0,1.40126387788,2.10115137485,0.0608419894474,0.00189483468682,0.0,0.0,0.0584961129344,0.0,1.33348556633,3.82097957359,0.0225311417034,1.74147812589,0.587870200884,0.0273082045344,0.0,0.21645133327,0.0795547135908,0.0,0.108763717513,0.136899795867,0.0187365076125,0.0191931947844,0.0,0.0798456209568,0.0,0.067834490933,0.81983361882,0.0650899649209,0.0105825109601,0.0755917443847,0.293158550232,
M201-213QCThymus4,0.0,0.0,0.0,0.0,0.0,0.0,0.0,0.0,0.0,0.0,0.0,0.0,0.0,0.0,0.0,0.0,0.0,0.0,0.0,0.0,0.0,0.0,0.0,0.0,0.0,0.0,0.0,0.0,0.0,0.0,0.0,0.0,0.0,0.0,0.0,0.0,0.0,0.0,0.0,0.0,0.0,0.0,0.0,0.0,0.0,0.0,0.0,0.0,0.0,0.0,0.0,0.0,0.0,0.0,0.0,0.0,0.0,0.0,0.00853675927417,0.359440239695,0.0181045099438,0.00408179926803,0.00124623326028,0.173160324045,0.300029417444,0.00196189415517,0.00699511508815,0.00120894307215,0.00390634029556,0.0942214763809,0.00115059785515,50.6593687769,0.00325945979623,0.218056637867,3.69947454666,0.0537344565033,0.00179272606231,0.0190262578211,0.000737748978515,0.0552938743239,0.000401797579867,0.00486407344288,0.0,2.44181321212,0.0548277391476,0.00672806934146,0.205962188211,2.31459723302,0.048629304927,0.0011407669526,0.00279851192824,0.00758818018823,0.0239103492067,0.000558100752314,0.00801795756698,0.00340797067571,0.000458639144013,0.000847006690727,0.00161100348728,1.28665677717,0.480247187823,2.83393567111,0.261501564844,0.0764720865773,0.444381877393,0.0156920982326,0.0124587654558,0.00591545804782,0.296099473879,0.0339589846252,0.00434827295614,0.128158408921,0.0270584750778,0.00151007071201,0.0179304232358,0.00133349254191,11.7648242896,2.62290773861,0.000655683083474,0.0126563785509,0.0871605105047,1.58190519414,0.0252602135812,5.6349229216,0.0204561960435,0.164218769168,0.00321582634683,0.00200821636402,0.117542085075,0.00181542847606,0.0428214424615,0.0060774187311,0.0134465884864,0.0969509488162,0.0495564079902,1.30181595871,0.258056018855,0.0724792861518,0.00695925484202,0.0245491353329,0.0203973090863,0.0196012881065,0.0117972550951,2.23959099691,1.739841057,0.057811584486,3.48179699818,0.641827637331,0.011115827887,0.00201535716698,0.0673775152471,0.0270660355539,0.00138411735652,0.0828039022144,0.0927806450953,0.00538420324071,0.00136433331169,0.0056430885,0.00114932464629,0.0139210960104,0.0429851343673,0.754362815914,0.0117166986795,0.000676139606152,0.00818933689559,0.00452906281904,
M201-213QCThymus5,0.0,0.0,0.0,0.0,0.0,0.0,0.0,0.0,0.0,0.0,0.0,0.0,0.0,0.0,0.0,0.0,0.0,0.0,0.0,0.0,0.0,0.0,0.0,0.0,0.0,0.0,0.0,0.0,0.0,0.0,0.0,0.0,0.0,0.0,0.0,0.0,0.0,0.0,0.0,0.0,0.0,0.0,0.0,0.0,0.0,0.0,0.0,0.0,0.0,0.0,0.0,0.0,0.0,0.0,0.0,0.0,0.0,0.0,0.0107939439288,0.432762516778,0.0187800135793,0.0051219497445,0.00123816820743,0.175878321818,0.322080591655,0.00129112213301,0.00599788705429,0.00105375080125,0.00481639645471,0.102887613416,9.86289406895e-05,49.884693913,0.00410781120393,0.174890006325,3.53097197056,0.0642284974911,0.00163028928837,0.0204502154617,0.00180836601568,0.077620134476,0.000893819650157,0.00403091196912,0.0,2.05320004615,0.0536093191293,0.00815507685652,0.2182211425,3.21237397641,0.0477254330928,0.000462956131562,0.0,0.00355276769327,0.0191067665488,0.00239927429332,0.00418438493507,0.00164875427351,0.000369893017944,0.0,0.00379617410112,1.33300657743,0.461226844233,3.06029451183,0.166634302491,0.0687391006595,0.469675194421,0.018637775014,0.00637602279486,0.00874090618624,0.226882555497,0.0361352801817,0.00402456898241,0.125914037521,0.0261487422888,0.00256689854573,0.0107608808664,0.00379853640331,11.4149133136,3.20002432291,0.000307117659698,0.00616639657503,0.0781694836556,1.93131386447,0.026575028313,5.0960579546,0.017192855255,0.184731048968,0.0024839410266,0.00110797715474,0.0943757229728,0.00125897411932,0.0358559574436,0.00438758496932,0.00957586030435,0.132141543535,0.0576208135479,1.28230975418,0.283880289688,0.0657175326019,0.0052962048543,0.024326561922,0.0143976334907,0.0261884256705,0.0146666994613,1.86612695148,1.65080564924,0.0599507866398,3.98713598439,0.820464362816,0.0101877108722,0.0028014444035,0.0662230921366,0.0351748792011,0.00122362137564,0.0718969961025,0.0913243981427,0.00622178681834,0.00260584158109,0.00741259591362,0.00117411192649,0.0145385881478,0.0361415482084,0.722450942571,0.0132805911097,0.000497558657511,0.0085616085835,0.00626054625417,
