Sample, C1P d18:1/C16:0,Cer d16:1/C20:0(-H20),Cer d16:1/C20:0,Cer d16:1/C22:1(-H20),Cer d16:1/C22:1,Cer d16:1/C23:0(-H20),Cer d16:1/C23:0,Cer d16:1/C25:1(-H20),Cer d16:1/C25:1,Cer d16:1/C26:0(-H20),Cer d16:1/C26:0,Cer d16:1/C26:1(-H20),Cer d16:1/C26:1,Cer d18:0/C23:1(-H20),Cer d18:0/C23:1,Cer d18:0/C25:0(-H20),Cer d18:0/C25:0,Cer d18:0/C25:1(-H20),Cer d18:0/C25:1,Cer d18:0/C26:0(-H20),Cer d18:0/C26:0,Cer d18:0/C26:1(-H20),Cer d18:0/C26:1,Cer d18:1/C14:1(-H20),Cer d18:1/C14:1,Cer d18:2/C20:1(-H20),Cer d18:2/C20:1,Cer d18:2/C25:1(-H20),Cer d18:2/C25:1,DHCer d16:1/C16:0(-H20),DHCer d16:1/C16:0,DHCer d18:1/C14:0(-H20),DHCer d18:1/C14:0,DHCer d18:2/C18:1(-H20),DHCer d18:2/C18:1,DHCer d18:2/C24:0(-H20),DHCer d18:2/C24:0,GM3 d16:1/C14:0,GM3 d16:1/C16:0,GM3 d16:1/C18:0,GM3 d16:1/C20:0,GM3 d16:1/C22:0,GM3 d16:1/C24:0,GM3 d16:1/C24:1,GM3 d18:1/C14:0,GM3 d18:1/C20:0,GM3 d18:1/C22:0,GM3 d18:2/14:0,GM3 d18:2/16:0,GM3 d18:2/18:0,GM3 d18:2/20:0,GM3 d18:2/22:0,GM3 d18:2/24:0,GM3 d18:2/24:1,MHCer d16:1/C16:0(-H20),MHCer d16:1/C16:0,MHCer d16:1/C20:0(-H20),MHCer d16:1/C20:0,MHCer d16:1/C22:0(-H20),MHCer d16:1/C22:0,MHCer d16:1/C22:1(-H20),MHCer d16:1/C22:1,MHCer d16:1/C23:0(-H20),MHCer d16:1/C23:0,MHCer d16:1/C23:1(-H20),MHCer d16:1/C23:1,MHCer d16:1/C24:0(-H20),MHCer d16:1/C24:0,MHCer d16:1/C24:1(-H20),MHCer d16:1/C24:1,MHCer d16:1/C26:0(-H20),MHCer d16:1/C26:0,MHCer d18:0/C16:1(-H20),MHCer d18:0/C16:1,MHCer d18:0/C22:1(-H20),MHCer d18:0/C22:1,MHCer d18:2/C16:1(-H20),MHCer d18:2/C16:1,MHCer d18:2/C22:1(-H20),MHCer d18:2/C22:1,MHCer d18:2/C25:0(-H20),MHCer d18:2/C25:0,SM C30:1,SM C34:0,SM C36:0,SM C38:0,SM C39:1,SM C40:0,SM C42:0,SM d16:1/C23:0,SM d18:0/C16:0,SM d18:0/C18:0,SM d18:0/C20:0,SM d18:0/C22:0,SM d18:0/C24:0,SM d18:1/C12:0,Sphd16:1,Sphd18:2,Sphd18:1-D7 (ISTD),Sphd18:1,Sphd18:0,Sphd18:0-D7 (ISTD),SM C24:1 (ISTD),SM d18:1/C6:0 (ISTD),C1P d18:1/C8:0 (ISTD),MHCer d18:1/C8:0 (ISTD)(-H20),MHCer d18:1/C8:0 (ISTD),Cer d18:1/C8:0 (ISTD)(-H20),Cer d18:1/C8:0 (ISTD),SM C32:2,SM d18:2/C14:0,GM3 d18:1/C16:0,SM C32:1,SM d16:1/C16:0,SM d18:1/C14:0,SM C34:2,SM d18:2/C16:0,GM3 d18:1/C18:0,MHCer d18:1/C14:0(-H20),MHCer d18:1/C14:0,Cer d18:2/C14:0(-H20),Cer d18:2/C14:0,MHCer d18:2/C16:0(-H20),MHCer d18:2/C16:0,DHCer d18:1/C16:0(-H20),DHCer d18:1/C16:0,DHCer d18:2/C16:0(-H20),DHCer d18:2/C16:0,SM C34:1,SM d16:1/C18:0,SM d18:1/C16:0,MHCer d18:1/C16:1(-H20),MHCer d18:1/C16:1,SM C36:2,SM d18:2/C18:0,MHCer d18:1/C16:0(-H20),MHCer d18:1/C16:0,MHCer d18:0/C16:0(-H20),MHCer d18:0/C16:0,Cer d16:1/C16:0(-H20),Cer d16:1/C16:0,Cer d18:1/C14:0(-H20),Cer d18:1/C14:0,MHCer d18:1/C18:1(-H20),MHCer d18:1/C18:1,Cer d18:2/C16:0(-H20),Cer d18:2/C16:0,Cer d18:2/C18:1(-H20),Cer d18:2/C18:1,Cer d18:1/C16:1(-H20),Cer d18:1/C16:1,GM3 d18:1/C24:1,SM C36:1,SM d16:1/C20:0,SM d18:1/C18:0,SM C38:2,SM d18:2/C20:0,DHCer d18:1/C18:0(-H20),DHCer d18:1/C18:0,MHCer d18:1/C18:0(-H20),MHCer d18:1/C18:0,Cer d18:1/C16:0(-H20),Cer d18:1/C16:0,Cer d18:0/C16:0(-H20),Cer d18:0/C16:0,Cer d16:1/C18:0(-H20),Cer d16:1/C18:0,MHCer d18:2/C20:0(-H20),MHCer d18:2/C20:0,Cer d18:1/C18:1(-H20),Cer d18:1/C18:1,Cer d18:2/C18:0(-H20),Cer d18:2/C18:0,DHCer d18:1/C22:1(-H20),DHCer d18:1/C22:1,DHCer d18:1/C20:0(-H20),DHCer d18:1/C20:0,GM3 d18:1/C24:0,DHCer d18:2/C24:1(-H20),DHCer d18:2/C24:1,DHCer d18:2/C22:0(-H20),DHCer d18:2/C22:0,MHCer d18:1/C20:1(-H20),MHCer d18:1/C20:1,SM C38:1,SM d16:1/C22:0,SM d18:1/C20:0,SM C40:2,SM d16:1/C24:1,SM d18:1/C22:1,SM d18:2/C22:0,SM C42:3,SM d18:2/C24:1,MHCer d18:1/C20:0(-H20),MHCer d18:1/C20:0,MHCer d18:1/C22:1(-H20),MHCer d18:1/C22:1,Cer d18:1/C18:0(-H20),Cer d18:1/C18:0,MHCer d18:2/C24:1(-H20),MHCer d18:2/C24:1,MHCer d18:2/C22:0(-H20),MHCer d18:2/C22:0,Cer d18:0/C18:0(-H20),Cer d18:0/C18:0,SM C41:2,SM d18:1/C23:1,SM d18:2/C23:0,DHCer d18:1/C22:0(-H20),DHCer d18:1/C22:0,Cer d18:1/C20:1(-H20),Cer d18:1/C20:1,DHCer d18:1/C24:1(-H20),DHCer d18:1/C24:1,Cer d18:2/C20:0(-H20),Cer d18:2/C20:0,Cer d18:2/C22:1(-H20),Cer d18:2/C22:1,MHCer d18:1/C23:1(-H20),MHCer d18:1/C23:1,MHCer d18:2/C23:0(-H20),MHCer d18:2/C23:0,SM C42:2,SM d18:1/C24:1,SM d18:2/C24:0,SM C40:1,SM d16:1/C24:0,SM d18:1/C22:0,Cer d18:2/C23:1(-H20),Cer d18:2/C23:1,DHCer d18:1/C23:0(-H20),DHCer d18:1/C23:0,MHCer d18:0/C24:1(-H20),MHCer d18:0/C24:1,MHCer d18:1/C22:0(-H20),MHCer d18:1/C22:0,MHCer d18:0/C22:0(-H20),MHCer d18:0/C22:0,MHCer d18:1/C24:1(-H20),MHCer d18:1/C24:1,MHCer d18:2/C24:0(-H20),MHCer d18:2/C24:0,Cer d18:1/C20:0(-H20),Cer d18:1/C20:0,Cer d18:0/C20:0(-H20),Cer d18:0/C20:0,Cer d16:1/C24:1(-H20),Cer d16:1/C24:1,Cer d18:1/C22:1(-H20),Cer d18:1/C22:1,Cer d18:0/C22:1(-H20),Cer d18:0/C22:1,DHCer d18:1/C24:0(-H20),DHCer d18:1/C24:0,Cer d16:1/C22:0(-H20),Cer d16:1/C22:0,MHCer d18:1/C25:1(-H20),MHCer d18:1/C25:1,Cer d18:2/C24:1(-H20),Cer d18:2/C24:1,Cer d18:2/C22:0(-H20),Cer d18:2/C22:0,SM C41:1,MHCer d18:1/C23:0(-H20),MHCer d18:1/C23:0,SM C43:2,SM d18:1/C25:1,SM d18:2/C25:0,MHCer d18:0/C23:0(-H20),MHCer d18:0/C23:0,Cer d18:1/C23:1(-H20),Cer d18:1/C23:1,MHCer d18:1/C26:1(-H20),MHCer d18:1/C26:1,MHCer d18:0/C24:0(-H20),MHCer d18:0/C24:0,Cer d18:2/C23:0(-H20),Cer d18:2/C23:0,SM C42:1,SM d18:1/C24:0,MHCer d18:1/C24:0(-H20),MHCer d18:1/C24:0,Cer d18:0/C24:1(-H20),Cer d18:0/C24:1,Cer d18:1/C24:1(-H20),Cer d18:1/C24:1,Cer d18:1/C22:0(-H20),Cer d18:1/C22:0,Cer d18:0/C22:0(-H20),Cer d18:0/C22:0,SM d18:1/C23:0,Cer d16:1/C24:0(-H20),Cer d16:1/C24:0,Cer d18:2/C24:0(-H20),Cer d18:2/C24:0,MHCer d18:1/C25:0(-H20),MHCer d18:1/C25:0,Cer d18:2/C26:1(-H20),Cer d18:2/C26:1,SM C43:1,SM d18:1/C25:0,Cer d18:1/C23:0(-H20),Cer d18:1/C23:0,Cer d18:1/C25:1(-H20),Cer d18:1/C25:1,Cer d18:0/C23:0(-H20),Cer d18:0/C23:0,MHCer d18:1/C26:0(-H20),MHCer d18:1/C26:0,Cer d18:2/C25:0(-H20),Cer d18:2/C25:0,Cer d18:1/C26:1(-H20),Cer d18:1/C26:1,SM C44:1,SM d18:1/C26:0,Cer d18:1/C24:0(-H20),Cer d18:1/C24:0,Cer d18:0/C24:0(-H20),Cer d18:0/C24:0,Cer d18:2/C26:0(-H20),Cer d18:2/C26:0,Cer d18:1/C25:0(-H20),Cer d18:1/C25:0,Cer d18:1/C26:0(-H20),Cer d18:1/C26:0,
blk1,0.0,0.0,0.0,0.0,0.0,0.0,0.0,0.0,0.0,0.0,0.0,0.0,0.0,0.0,0.0,0,0.0,0,0.0,0,0.0,0,0.0,0,0.0,0,0.0,0,0.0,0,0.0,0,0.0,0,0.0,0,0.0,0.0,0.0,0.0,0.0,0.0,0.0,0.0,0.0,0.0,0.0,0.0,0.0,0.0,0.0,0.0,0.0,0.0,0,0.0,0,0.0,0,0.0,0,0.0,0,0.0,0,0.0,0,0.0,0,0.0,0,0.0,0,0.0,0,0.0,0,0.0,0,0.0,0,0.0,0.0,0.0,0.0,0.0,0.0,0.0,0.0,0.0,0.0,0.0,0.0,0.0,0.0,0.0,0.0,0.0159581059812,0.08,0.189584836249,0.0168036232187,0.08,0.355,0.355,0.04,0,0.17,0,0.235,0.0,0.0,0.00045904137055,0.178710783976,0.0,0.0,0.169724403132,0.0,0.0,0,0.0,0,0.0,0,0.0156074065987,0,0.0,0,0.0,4.80140548074,0.0,0.0,0,0.0,0.220062171015,0.0,0,0.0,0,0.553038820484,0.0,0.0,0,0.0,0,0.0,0,0.137202465384,0,0.0,0,0.197188665602,0.0,2.45123935485,0.0,1.1527189557,0.0400006665464,0.0,0,0.91785340031,0,0.68373640691,0,2.58533619598,0.0,0.0563898909259,0.0,0.0,0,0.0,0,0.0132156821906,0,0.794747483962,0,0.0,0,0.0230631745895,0.0,0,0.00045904137055,0,0.0,0,0.000255504361983,0.422202841042,0.0,0.0,0.0865730727988,0.0,0.0105884269289,0.0,0.0904427606479,0.0,0,0.0845580758606,0,0.0,0,7.17778253009,0,0.310916366086,0,0.0,0.0,0.100095032471,0.00658465362875,0.0,1.93497112049,0,0.0,0,0.0,0,0.0,0,0.00660034691291,0,0.0,0,0.0,0,0.0,1.73210583213,4.80331227091,0.0,1.80743602115,0.0,0.0,0,0.0,0,0.0,0,0.0,0,1.58908671371,0,0.0,0,12.118091395,0,0.0200199353484,0,0.0,0.0356095434157,0.0414670041535,0.0,0.0,0,0.0,0.0,0.0,0,0.0,0.0,0.83091152225,0,0.280969237146,0,0.0,0,0.0796699821669,0.538793098227,0,1.29613555144,0.0248493406151,1.5380122831,0.0,0,0.0823788357604,0,0.0,0,0.0,0,0.0165254893398,0,0.00305836982149,0.469626979659,2.07441746149,0,1.69818359983,0.0,0.0155624785467,0,0.310912077411,0,0.403672476247,0.0,0.0,2.18561344669,0.0,0.145625226827,0,0.0486790335898,0,0.111088011673,0,0.0,0.0828914859401,7.68279775223,0,0.173913539537,0,0.0,0.0,0.00848862466181,0,0.0823932516915,0,0.0,0,0.0,0.0214649779211,0.0,0,0.305881555946,0.0,0.0159161712409,0,0.0,0,0.0291795330942,0,0.100259705631,
blk2,0,0.0,0.0,0.0,0.0,0.0,0.0,0.0,0.0,0.0,0.0,0.0,0.0,0.0,0.0,0,0.0,0,0.0,0,0.0,0,0.0,0,0.0,0,0.0,0,0.0,0,0.0,0,0.0,0,0.0,0,0.0,0.0,0.0,0.0,0.0,0.0,0.0,0.0,0.0,0.0,0.0,0.0,0.0,0.0,0.0,0.0,0.0,0.0,0,0.0,0,0.0,0,0.0,0,0.0,0,0.0,0,0.0,0,0.0,0,0.0,0,0.0,0,0.0,0,0.0,0,0.0,0,0.0,0,0.0,0.0,0.0,0.0,0.0,0.0,0.0,0.0,0,0,0,0,0,0,0,0.0,0.00673370747138,0.08,0.251225935648,0.00227735176475,0.08,0.355,0,0,0,0.17,0,0.235,0.0115920815855,0,0.00981024296619,0.143277784269,0,0,0.11719515535,0,0.0,0,0.0,0,0.0,0,0.00877758581186,0,0.157073024235,0,0.0,3.11725962304,0,0,0,0.0668555331406,0.030004164454,0,0,0.0,0,1.76564518039,0.0,0.0,0,0.0,0,0.0,0,0.0383475508424,0,0.0,0,0.443508205354,0.0,2.30122354396,0,0,0.0348591703272,0,0,0.852006999856,0,0.303759894929,0,1.16454730699,0.0,0.0,0.0,0.0,0,0.000370658584099,0,0.0,0,0.489633963713,0,0.0,0,0.0,0.0,0,0.0,0,0.0,0,0.0,0.258925645728,0,0,0.0413605196247,0,0,0,0.114447987191,0,0,0.112380945133,0,0.0,0,3.92271164286,0,0.0,0,0.0,0.0,0.0390206377212,0.027779491532,0,0,0,0.0,0,0.0,0,0.0,0,0.0,0,0.0,0,0.0,0,0.0,0.920837021628,0,0,1.16300172979,0,0,0,0.0,0,0.0,0,0.0,0,1.2690903376,0,0.0789190552747,0,9.82571566862,0,0.0,0,0.0,0.0,0.0,0.0,0.0,0,0.0,0.0,0.0,0,0.0,0.0,0.350322405561,0,0.191186589943,0,0.0,0,0.0669753503366,0.32847098429,0,0.67084951107,0.00255568575226,0,0,0,0.0,0,0.0,0,0.0,0,0.0345940146703,0,0.0,0.197890748682,0,0,0.800761315978,0.000134864142629,0.0108807547492,0,0.138940170564,0,0.119807353365,0.0,0.0,0,0.0,0.0,0,0.0,0,0.00567961434885,0,0.000128644088114,0.0190278419581,0,0,0.0970602228609,0,9.82351841361e-05,0.0,0.0180095251021,0,0.0,0,0.0,0,0.0,0.0,0,0,0.195559094067,0.0,0.000750396879254,0,0.0,0,0.0,0,0.0968196245814,
blk3,0,0.0,0.0,0.0,0.0,0.0,0.0,0.0,0.0,0.0,0.0,0.0,0.0,0.0,0.0,0,0.0,0,0.0,0,0.0,0,0.0,0,0.0,0,0.0,0,0.0,0,0.0,0,0.0,0,0.0,0,0.0,0.0,0.0,0.0,0.0,0.0,0.0,0.0,0.0,0.0,0.0,0.0,0.0,0.0,0.0,0.0,0.0,0.0,0,0.0,0,0.0,0,0.0,0,0.0,0,0.0,0,0.0,0,0.0,0,0.0,0,0.0,0,0.0,0,0.0,0,0.0,0,0.0,0,0.0,0.0,0.0,0.0,0.0,0.0,0.0,0.0,0.0,0.0,0.0,0.0,0.0,0.0,0.0,0.0,0.00856446178715,0.08,0.195383394514,0.00654052845248,0.08,0.355,0.355,0,0,0.17,0,0.235,0.0,0.0,0.000956376656667,0.160294693123,0.0,0.0,0.0776831875997,0.0,0.0,0,0.0,0,0.0,0,0.0,0,0.0456280617417,0,0.0,2.73563802429,0.0,0.0,0,0.0777679058042,0.0656310611668,0.0,0,0.031164170592,0,1.2873720781,0.0601492905168,0.0,0,0.0,0,0.0,0,0.0,0,0.0,0,0.362600800312,0.0,2.29425995573,0.0,0.0,0.0,0.0,0,0.686269029717,0,0.223139786793,0,1.37076230745,0.0,0.0678289212396,0.0,0.0,0,0.000488160317151,0,0.00103486767142,0,0.128112938013,0,0.0,0,0.00366092964131,0.0,0,0.000478188328334,0,0.0,0,0.0,0.249451964018,0.0,0.0,0.0170002399501,0.0,0.0,0.0,0.0438909207036,0.0,0,0.073588913985,0,0.0,0,3.43554594246,0,0.0590956228551,0,0.0,0.0,0.0540235280778,0.0318868009768,0.0,0.0,0,0.0,0,0.0,0,0.0,0,0.0,0,0.0,0,0.0,0,0.0,0.899950253982,0.0,0.0,1.20213298962,0.993290424012,0.0,0,0.0,0,0.0,0,0.0,0,0.999316504,0,0.0,0,4.84596171316,0,0.0,0,0.220054853557,0.0,0.0,0.0,0.0,0,0.0,0.0,0.0,0,0.0,0.0,0.403598840999,0,0.0,0,0.0,0,0.0,0.171942645779,0,0.415498519968,0.0152790192737,0.0,0.0,0,0.0,0,0.0,0,0.0,0,0.0176929681483,0,0.000397377909777,0.193682522633,0.0,0,0.500494311124,0.0503505687634,0.0,0,0.14020492324,0,0.23932317022,0.0,0.0581699179115,0.0,0.0,0.0,0,0.0,0,0.142978310172,0,0.0,0.0181273276816,16.342202628,0,0.0,0,0.000137677862776,0.0104124091477,0.00771764686825,0,0.0,0,0.000918546313477,0,0.000196555477514,0.0,0.0,0,0.10846033459,0.0,0.00463058812095,0,0.0,0,0.0162977882439,0,0.0396157567581,
SL std mix1,0.0,0.0,0.0,0.0,0.0,0.0,0.0,0.0,0.0,0.0,0.0,0.0,0.0,0.0,0.0,0.0,0.0,0.0,0.0,0.0,0.0,0.0,0.0,0.0,0.0,0.0,0.0,0.0,0.0,0.0,0.0,0.0,0.0,0.0,0.0,0.0,0.0,0.0,0.0,0.0,0.0,0.0,0.0,0.0,0.0,0.0,0.0,0.0,0.0,0.0,0.0,0.0,0.0,0.0,0.0,0.0,0.0,0.0,0.0,0.0,0.0,0.0,0.0,0.0,0.0,0.0,0.0,0.0,0.0,0.0,0.0,0.0,0.0,0.0,0.0,0.0,0.0,0.0,0.0,0.0,0.0,0.0,0.0,0.0,0.0,0.0,0.0,0.0,0.0,0.0,0.0,0.0,0.0,0.0,0.0,0.0,0.0,0.000174881598062,0.08,0.000289079955223,9.57517612247e-05,0.08,0.355,0.355,0.04,0.17,0.17,0.235,0.235,0.0,0.0,5.64442332811e-05,0.000714919618144,0.0,0.0,0.000461473052911,0.0,0.0,0.0,0.0,0.0,0.0,0.0,3.93093767493e-05,0.0,0.0,0.0,0.0,0.0163245813672,0.0,0.0,0.0,0.0,0.00115398663935,0.0,0.0,0.0,0.0,0.000161761779999,3.71240194488e-05,8.29407182327e-05,0.0,0.00011033521041,0.0,0.0,0.0,0.000118897736909,0.0,0.0,0.0,0.0,0.0,0.0150656012676,0.0,0.0,0.000303234721422,0.0,0.0,0.00229480168002,0.0,0.00179518875636,0.000559214959823,0.00193434956823,0.0,0.000105428837236,0.0,4.26081039835e-05,0.0,0.0,0.0,0.0,0.000365961692884,0.000555177813929,0.0,0.0,0.0,0.0,0.0,0.0,2.01586547432e-06,0.0,0.0,0.0,0.0,0.00308806170101,0.0,0.0,0.0011487785591,0.0,0.0,0.0,6.40196806816e-05,0.0,0.00576309567092,0.000246866777856,0.0,0.000225315034131,0.0051373976185,0.00881741882258,0.0,0.0,0.0,9.56231686672e-07,7.20199916372e-05,5.92444483023e-05,0.000889560789966,0.0,0.0,0.0,0.0,0.0,0.0,0.0,0.0,0.000328458393825,0.0,0.0,0.0,0.0,7.68431545058e-05,0.0,0.0,0.00769732133392,0.0155216209705,0.0,0.00980565894396,0.0,0.0,0.0,0.0,0.0,0.0,0.00520605142778,0.0,0.0,0.00447085741961,0.0,0.000201906025791,0.00929994634707,0.0243235842219,0.0,5.89148434423e-05,0.0,0.000376220737031,0.0,0.0,0.0,0.0,0.0,4.61158408941e-05,0.0,0.0,0.0,0.000277076220553,0.0,0.00138961148863,0.0,0.000645956224708,0.0,8.32878688017e-05,0.0,6.88616700408e-05,0.00434823478203,0.0,0.00209709582268,6.25562433503e-05,0.0105697644984,0.0,0.0,0.0,7.9642602418e-05,8.25245666785e-07,0.0,0.0,0.0,5.84600987554e-05,0.0,0.0,0.0125010895886,0.0091516790383,0.0,0.00994692913916,0.0,6.05185224593e-06,0.0,0.00126388346561,0.000339695459809,0.00239023789862,0.0,4.70203869839e-05,0.0374724372768,0.0,0.000161161414759,0.0,0.000157289449058,0.0,0.000495902906684,0.0,0.0,0.000315960954428,0.00330406630283,0.00041091301646,0.00039542432307,8.41195341979e-05,2.30293703886e-06,0.0,2.54814831408e-06,0.0,0.0,0.0,3.20986361174e-05,2.30894712488e-06,0.0,0.00014568503984,0.0,0.000919325578599,0.00190624859245,0.0,4.36370398786e-05,0.0,0.0,0.0,0.00018385479876,0.000120202436366,0.000277863109302,
SL std mix2,0.0,0.0,0.0,0.0,0.0,0.0,0.0,0.0,0.0,0.0,0.0,0.0,0.0,0.0,0.0,0.0,0.0,0.0,0.0,0.0,0.0,0.0,0.0,0.0,0.0,0.0,0.0,0.0,0.0,0.0,0.0,0.0,0.0,0.0,0.0,0.0,0.0,0.0,0.0,0.0,0.0,0.0,0.0,0.0,0.0,0.0,0.0,0.0,0.0,0.0,0.0,0.0,0.0,0.0,0.0,0.0,0.0,0.0,0.0,0.0,0.0,0.0,0.0,0.0,0.0,0.0,0.0,0.0,0.0,0.0,0.0,0.0,0.0,0.0,0.0,0.0,0.0,0.0,0.0,0.0,0.0,0.0,0.0,0.0,0.0,0.0,0.0,0.0,0.0,0.0,0.0,0.0,0.0,0.0,0.0,0.0,0.0,6.45647764521e-06,0.08,0.00102554474327,0.000305169485981,0.08,0.355,0.355,0.04,0.17,0.17,0.235,0.235,6.49678762789e-05,0.0,1.77267108304e-05,0.00060462598985,0.0,0.0,0.000534985575514,0.0,0.0,0.0,0.0,0.000374482384619,0.0,0.0,0.0,0.0,0.0,0.0,0.0,0.0142110453775,0.0,0.0,0.0,0.0,0.000528744586257,0.0,0.0,0.0,0.00332606219437,0.000450262879075,4.93707767154e-05,0.0,0.0,0.0,0.0,0.0,0.0,9.00113676551e-05,0.0,0.0,0.0,7.83837519365e-05,0.0,0.0148777506633,0.0,0.0,1.68555929172e-05,0.0,0.0,0.00185909065548,0.0,0.00155555722468,0.00360416349388,0.00178559429987,6.53625557235e-05,0.0,0.0,4.46982698844e-05,0.0,0.0,0.0,0.0,0.000424863914363,0.000491417399964,0.0,0.0,0.0,0.0,0.0,0.0,2.21583885381e-06,0.0,0.0,0.0,0.000145108337651,0.00141630109848,0.0,0.0,0.000661111304902,0.0,0.0,0.0,0.000307376296283,0.0,0.0,0.000271348980171,0.0,0.000386632317246,0.00454558766669,0.00888433854131,0.0,0.000455430603526,0.0,0.0,0.0,5.52281022895e-05,0.0003498853604,0.0,0.0,0.0,0.0,0.0,0.0,0.0,0.0,0.0,0.0,0.0,0.0,0.0,0.0,0.0,0.0,0.00767309946183,0.0456827423158,0.0,0.00890354782656,0.00631385308046,0.0,4.01686046699e-06,0.0,0.0,0.0,0.0,0.000141604167205,0.0,0.00306837558611,0.0,0.0,0.0,0.0168289406535,0.0,0.0,0.000594545325145,0.000175160100164,0.0,2.08415200362e-05,0.0,1.82327969939e-05,0.0,7.90833774207e-05,0.0,0.0,0.000798114615342,0.000216396362859,0.0,0.0014019718221,0.0,0.000687633788658,0.000142447542046,9.46966757719e-05,0.0,8.82793862596e-05,0.00291287495307,0.0,0.0021966850681,0.000166426510209,0.00926414066821,0.0342703987394,0.0,0.000204854515686,0.0,1.42997107921e-05,0.0,0.0,0.0,0.000117439459252,0.000523143051391,0.0,0.00706129978397,0.0105162256383,0.00718597888251,0.00560732623035,0.0,2.14149784388e-05,0.000644540316695,0.00074889578696,0.000317012062446,0.00161932189743,7.51756985304e-05,7.40933782881e-05,0.0320173017272,0.0,0.000154765832581,0.0,8.67285243037e-05,0.0,0.000688017964107,0.0,0.0,0.000407451137369,0.0306922839171,0.000215762142324,0.000367532355568,0.0,0.0,0.0,4.13271513731e-06,0.0,0.0,0.0,0.0,0.0,0.0,0.000133029114094,0.0,0.000550110483358,0.00136480361185,2.94395985621e-05,1.20224440358e-05,2.1998035734e-05,0.0,0.0,0.000156761136366,0.0,0.00034021703392,
blk6,0.0,0.0,0.0,0.0,0.0,0.0,0.0,0.0,0.0,0.0,0.0,0.0,0.0,0.0,0.0,0,0.0,0,0.0,0,0.0,0,0.0,0,0.0,0,0.0,0,0.0,0,0.0,0,0.0,0,0.0,0,0.0,0.0,0.0,0.0,0.0,0.0,0.0,0.0,0.0,0.0,0.0,0.0,0.0,0.0,0.0,0.0,0.0,0.0,0,0.0,0,0.0,0,0.0,0,0.0,0,0.0,0,0.0,0,0.0,0,0.0,0,0.0,0,0.0,0,0.0,0,0.0,0,0.0,0,0.0,0.0,0.0,0.0,0.0,0.0,0.0,0.0,0,0,0,0,0,0,0,0.0,0.00141949470661,0.08,0.0186192432055,0.000344409384295,0.08,0.355,0,0.04,0,0.17,0,0.235,0.0,0,0.000541646478976,0.0649808702109,0,0,0.0487963700541,0,0.0,0,0.0,0,0.0,0,0.0,0,0.0,0,0.0,1.5279933759,0,0,0,0.142772331538,0.0204356513913,0,0,0.0361112354989,0,0.820926161099,0.0,0.0,0,0.0,0,0.0561901711972,0,0.104572568734,0,0.0,0,0.0792244483206,0.0,1.1164170451,0,0,0.0175624912443,0,0,0.507213984367,0,0.178278092396,0,2.05616280798,0.0,0.0422445962238,0.0,0.0552783360214,0,4.19052484965e-05,0,0.0,0,0.259629631372,0,0.0,0,0.000802629958206,0.0,0,0.000541646478976,0,0.0,0,0.0,0.119359666582,0,0,0.0230972643803,0,0,0,0.0713557954661,0,0,0.0,0,0.203401384182,0,3.47121019349,0,0.0,0,0.0,0.0,0.0294031292607,0.0148012890668,0,0,0,0.0,0,0.000200047122299,0,0.0,0,0.0,0,0.0,0,0.0,0,0.0,0.406434843745,0,0,0.559816418347,0,0,0,0.0,0,0.0,0,0.0574684638214,0,1.15056376791,0,0.0,0,6.84048905193,0,0.0,0,0.133811005478,0.0375571950533,0.0,0.0,0.000230024875386,0,0.0,0.0,0.0,0,0.0,0.0,0.481580431767,0,0.162752397978,0,0.0,0,0.0673643883907,0.153750325007,0,0.466047876099,0.0110251963414,0,0,0,0.0755301762604,0,0.0,0,0.0,0,0.0151661014113,0,0.0,0.133810108117,0,0,0.681803283824,0.0,0.016465752386,0,0.0800241077544,0,0.529809597211,0.0,0.0,0,0.0,0.089245677531,0,0.0,0,0.0417067788812,0,0.00431040243194,0.0162043634919,0,0,0.0208123217449,0,0.00637521973455,0.0,0.00705675102258,0,0.0,0,0.0,0,0.00626821356457,0.00462404002174,0,0,0.25226069375,0.0,0.0114672204117,0,0.00598399564145,0,0.0625010722149,0,0.124840872573,
M212-samblk1,0.0,0.0,0.0,0.0,0.0,0.0,0.0,0.0,0.0,0.0,0.0,0.0,0.0,0.0,0.0,0.0,0.0,0.0,0.0,0.0,0.0,0.0,0.0,0.0,0.0,0.0,0.0,0.0,0.0,0.0,0.0,0.0,0.0,0.0,0.0,0.0,0.0,0.0,0.0,0.0,0.0,0.0,0.0,0.0,0.0,0.0,0.0,0.0,0.0,0.0,0.0,0.0,0.0,0.0,0.0,0.0,0.0,0.0,0.0,0.0,0.0,0.0,0.0,0.0,0.0,0.0,0.0,0.0,0.0,0.0,0.0,0.0,0.0,0.0,0.0,0.0,0.0,0.0,0.0,0.0,0.0,0.0,0.0,0.0,0.0,0.0,0.0,0.0,0.0,0.0,0.0,0.0,0.0,0.0,0.0,0.0,0.0,4.14109619667e-05,0.08,0.000483245596668,0.000363179966517,0.08,0.355,0.355,0.04,0.17,0.17,0.235,0.235,0.015767120581,0.0,1.43804906831e-05,0.000407348393876,0.0,0.0,0.000415416794536,0.0,0.0,0.0,0.0,0.0,0.0,0.0,6.9287818746e-05,0.0,0.0,0.0,0.0,0.0155704568746,0.0,0.0,0.0,0.0,0.00134817581497,0.0,0.0,0.000186339652063,0.0,0.0,0.0,0.000326724904054,0.0,0.000130086389361,0.0,0.000159762076781,0.0,0.000140148986302,0.0,5.93179574732e-05,0.000492464449353,0.0,0.0,0.0355079143089,0.0,0.0227466187227,7.51692877199e-05,0.0,0.0,0.00184554209887,0.0,0.00217095764635,0.00108623918447,0.00358853710515,0.0,0.000178665224925,0.0,7.19259949302e-05,0.0,0.0,0.0,0.0,0.00146615290004,0.0018708663438,0.0120719823934,0.0,0.0,0.0,0.0,0.0,1.30731733483e-06,0.0,0.0,0.0,0.0,0.00176888980749,0.0,0.0,0.00158669738256,0.0,0.0,0.0,0.000710860794968,0.0,0.0,0.000402871907365,0.0,0.000690778831972,0.0046919630194,0.0132590876589,0.0,0.000526011027693,0.0,0.000451383409274,0.0,7.66928110015e-05,0.000778356031249,0.0,0.0,0.0,0.0,0.0,0.0,0.0,0.0,0.0,0.000110573516793,0.0,0.0,0.0,5.79349005195e-05,0.0,0.0,0.00920934264802,0.0277608743649,0.0,0.00705283923427,0.0,0.0,0.0,0.0,0.0,0.0,0.00474454656015,0.00038584951633,0.0,0.00231329794072,0.0,0.0,0.0,0.020025863639,0.0,0.0,0.000799169783669,0.000695479354856,0.0,0.0,0.000130832841786,0.0,0.0,0.00014879275619,0.0,7.91191173856e-06,0.0,0.000218860214166,0.0,0.00278094329642,0.0,0.000745132581067,0.0,0.0,0.0,0.000212619955212,0.00826813367256,0.00517013886683,0.00385887571381,0.000267857917808,0.00697338799967,0.0,0.0,0.0,0.0,0.0,0.0,0.000341612765935,0.0,6.53658667415e-05,0.0,4.42525989731e-05,0.0157426757258,0.00591089693832,0.01458601738,0.0111533596026,0.0,2.27887209833e-05,0.000324789074855,0.00181210075541,0.00191183078522,0.00246269922339,0.0,8.25014548755e-05,0.0654789806795,0.0,0.000607401146,0.0,0.000111548522657,0.0,0.000990946539801,0.0,0.0,0.000158261321942,0.0228237997354,0.000298498230645,0.000661329953704,0.0,0.0,3.3468169492e-05,3.06771244006e-06,0.0,0.0,0.0,0.0,0.0,2.40883184579e-05,0.000185687564621,0.0,0.00112510796627,0.00308742558511,0.0,1.66532961032e-05,0.0,0.0,0.0,0.000297147720865,0.000272560266549,0.000655921703725,
M213-samblk2,0.0,0.0,0.0,0.0,0.0,0.0,0.0,0.0,0.0,0.0,0.0,0.0,0.0,0.0,0.0,0.0,0.0,0.0,0.0,0.0,0.0,0.0,0.0,0.0,0.0,0.0,0.0,0.0,0.0,0.0,0.0,0.0,0.0,0.0,0.0,0.0,0.0,0.0,0.0,0.0,0.0,0.0,0.0,0.0,0.0,0.0,0.0,0.0,0.0,0.0,0.0,0.0,0.0,0.0,0.0,0.0,0.0,0.0,0.0,0.0,0.0,0.0,0.0,0.0,0.0,0.0,0.0,0.0,0.0,0.0,0.0,0.0,0.0,0.0,0.0,0.0,0.0,0.0,0.0,0.0,0.0,0.0,0.0,0.0,0.0,0.0,0.0,0.0,0.0,0.0,0.0,0.0,0.0,0.0,0.0,0.0,0.0,0.000246433378187,0.08,0.000881856003934,0.000116998244179,0.08,0.355,0.355,0.04,0.17,0.17,0.235,0.235,0.0104244720103,0.0,5.84429441715e-06,0.000656900993876,0.0,0.0,0.000401001893708,0.0,0.0,0.0,0.0,0.0,0.0,0.0,0.0,5.95199935184e-05,0.000317412594285,0.0,0.0,0.0205103288199,0.0,0.0,0.0,0.0,0.00185159171424,0.0,0.00441931384453,0.000264903647185,0.0,0.0,0.0,0.000300482341723,0.0,0.0,0.0,0.0,0.0,2.20869286859e-05,0.0,0.0,0.0,0.0,0.0,0.035712615362,0.0,0.0270591634589,0.000206974618602,0.0,0.0,0.00358284704774,0.0,0.00172843601366,0.00248191480031,0.00287843900675,0.0,0.000119991227661,5.82509194999e-05,0.0,0.0,0.0,0.0,8.92601488738e-05,0.000669761759547,0.00178694712051,0.0,0.0,0.0,0.0,0.0,0.0,3.94489873157e-05,0.0,0.0,0.0,0.000380164305685,0.00673330857625,0.0,0.0,0.00309591122855,0.0,0.0,0.0,0.000399410193204,0.0,0.0,0.000923520252458,0.00999639645527,0.00057014229912,0.00494642542022,0.0105983060825,0.0,0.00110507334646,0.0,0.0,0.0,0.000234405152753,0.00114808458831,0.0,0.0229307044062,0.0,0.0,0.0,3.6261597762e-07,0.0,0.0,0.0,0.0,0.0,0.0,0.0,0.000358009332927,0.000138022410987,0.000466340227728,0.0150575390405,0.0,0.0,0.00624568520802,0.0,0.0053099932092,0.0,0.0,0.0,0.0,0.0,0.000189011555524,0.0,0.0019306111713,0.0,0.0,0.0101566730913,0.0263921697634,0.0,0.000417110263977,0.0,0.000760712327272,0.0,0.0,0.0,0.0,0.0,8.51483801734e-05,0.0,0.0,0.0,0.000179869125188,0.0,0.00368508340047,0.00847827469982,0.000994760822865,0.0,0.000147264757985,0.0,0.00021563878371,0.00793474699279,0.0,0.00265975223263,0.000482983868167,0.0176551832657,0.0,0.0,0.0,0.00101187013496,0.0,0.0,0.00042653241894,0.0,0.000138801992407,0.0,0.000123438346804,0.0234708181539,0.0320060608343,0.0073173779065,0.0119323045598,0.0,2.55470242962e-05,0.0,0.00189364703158,0.00159186408132,0.00330989135016,0.0,0.0,0.0818321829573,1.75684847572e-05,0.000368533296993,0.0,0.000228973875438,0.0,0.000850344837695,0.0,0.0,0.00035728958118,0.0208874838927,9.71151386498e-05,0.000601868626669,0.0,0.0,3.3088377189e-06,4.70603079141e-05,0.00109166242077,0.0,0.0,2.65635499173e-05,0.000123083205395,3.17623744686e-05,0.000133046164593,0.0,0.00108852059654,0.00257614454249,2.09144057817e-05,3.18217320181e-05,0.0,0.0,0.0,0.000224911265851,0.0,0.000421894102511,
blk7,0.0,0.0,0.0,0.0,0.0,0.0,0.0,0.0,0.0,0.0,0.0,0.0,0.0,0.0,0.0,0,0.0,0,0.0,0,0.0,0,0.0,0,0.0,0,0.0,0,0.0,0,0.0,0.0,0.0,0.0,0.0,0.0,0.0,0.0,0.0,0.0,0.0,0.0,0.0,0.0,0.0,0.0,0.0,0.0,0.0,0.0,0.0,0.0,0.0,0.0,0.0,0.0,0.0,0.0,0.0,0.0,0.0,0.0,0.0,0.0,0.0,0.0,0.0,0.0,0.0,0.0,0.0,0.0,0.0,0.0,0.0,0.0,0.0,0.0,0.0,0.0,0.0,0.0,0.0,0.0,0.0,0.0,0.0,0.0,0.0,0,0,0,0,0,0,0,0.0,0.00187356025129,0.08,0.0491779012759,0.00133083537204,0.08,0.355,0,0.04,0.17,0.17,0,0.235,0.0,0,0.00679149617516,0.113078678654,0,0,0.087698433676,0,0.0,0.0,0.0,0,0.0,0.0,0.0,0.0,0.0,0.0,0.0,2.02909141963,0,0,1.33648213924,0.0,0.0364265088643,0,0.0,0.0,2.6463390926,0.567937271668,0.0,0.0,0,0.053831072069,0.0,0.0,0,0.0,0,0.0,0,0.285878593282,0.0,0.991474442791,0,0,0.0209891623459,0,0.0,0.397710484938,0.0,0.240778791413,0,1.53729288778,0.0,0.0,0.0,0.0,0.0,0.0,0,0.0,0,0.253495058395,0.0,0.0,0.0,0.0,0.0,0.0,0.000452766411677,0.0,0.0,0.0,0.0,0.223999371017,0,0,0.0151195139625,0,0,0,0.0428824067987,0,0.0,0.0,0.0,0.0909810228305,0,3.7287483462,0.0,0.0,0.0,0.00125342239935,0.0,0.0627066723399,0.0295967664928,0,0,0.00922258989699,0.0,0,0.0,0.0,0.0,0,0.0,0,0.0,0.0,0.0,0.0,0.0,0.642608588579,0,0,0.684851692367,0,0,0,0.0,0.0,0.0,0.0,0.0,0.0,0.912539036367,0.0,0.0,0.0,4.482422963,0.0,0.0,0,0.1053274128,0.0,0.0,0.0,0.0,0,0.0,0.0,0.0,0.0,0.0,0.0,0.739350759823,0.0,0.0,0,0.0,0,0.0516644774495,0.280701252526,0.0,0.517503600526,0.020570029147,0,0,0.0110985352181,0.0648856625973,0,0.0351675846305,0.0,0.0,0.0,0.015394057997,0,0.0,0.1642232665,0,0.0,0.749375782065,0.0,0.0240153213217,0,0.252411312076,0,0.515092445498,0.00943347305663,0.0148344493889,0,0.0,0.0537644448113,0,0.0522758331538,0.0,0.0833090197486,0,0.0,0.0167617083629,0,0,0.00845429883973,0,0.0,0.00463935633396,0.0163437603439,0.0,0.0,0,0.0,0,0.0,0.0191979418619,0,0,0.385445336084,0.0,0.0293520593931,0,0.0,0,0.0600363709592,0,0.101066791888,
M201-213QCThymus1,0.0,0.0,0.0,0.0,0.0,0.0,0.0,0.0,0.0,0.0,0.0,0.0,0.0,0.0,0.0,0.0,0.0,0.0,0.0,0.0,0.0,0.0,0.0,0.0,0.0,0.0,0.0,0.0,0.0,0.0,0.0,0.0,0.0,0.0,0.0,0.0,0.0,0.0,0.0,0.0,0.0,0.0,0.0,0.0,0.0,0.0,0.0,0.0,0.0,0.0,0.0,0.0,0.0,0.0,0.0,0.0,0.0,0.0,0.0,0.0,0.0,0.0,0.0,0.0,0.0,0.0,0.0,0.0,0.0,0.0,0.0,0.0,0.0,0.0,0.0,0.0,0.0,0.0,0.0,0.0,0.0,0.0,0.0,0.0,0.0,0.0,0.0,0.0,0.0,0.0,0.0,0.0,0.0,0.0,0.0,0.0,0.0,0.00397853485028,0.08,0.159635021393,0.00749968780563,0.08,0.355,0.355,0.04,0.17,0.17,0.235,0.235,0.00182050583377,0.0,0.000405907758117,0.0580594208505,0.0,0.0273368804029,0.103418655669,0.0743802743836,0.00073515424918,0.0,0.00352833797404,0.0,0.000354844847895,0.0,0.000656140665821,0.014979043848,0.0348775029413,0.0,0.000612935916803,16.7532778113,0.0,9.37192691856,5.68263245575e-05,0.00152388279111,0.0778665376027,0.0227091234291,1.13553378902,1.2031723084,0.0286975385657,0.0237603805642,0.0,0.000796508500414,0.00562842583901,0.00832436476903,0.0,0.000299748498317,0.0133865547896,0.0251469629941,0.0,0.000218442118114,0.000947882479236,0.00130430654742,0.000403608056484,0.931764113396,0.0,0.629364384194,0.0188531059578,0.0,0.0,0.00319851216565,0.0924192721452,0.0726121873104,0.602807952218,0.800610411678,0.00127916089749,0.0150328665208,1.79363224793e-05,0.000134814553823,0.0,0.00109875003792,0.00153446263059,0.00244651939578,0.00971573600534,0.0128294086276,0.0110826138381,0.000936853245212,0.0,0.00257972728548,0.00103716558878,0.0,0.00021448534946,0.0,0.0,0.0,0.00153161136457,0.567416019273,0.0,0.250429812434,0.215036192548,0.0,0.120564018687,0.0382862165916,1.2722871861,0.0,0.136284313812,0.0821697744225,0.0295488173378,0.0295847551725,0.106208933975,0.194406699308,0.0,0.00714508801132,0.0,0.00291913597221,0.000409818679377,0.0035833218793,0.0486683585281,0.0569961885243,0.0417877231961,0.00591860478411,0.0161128527858,0.00159382012048,0.00126728152933,0.0110925079388,0.0434627090022,0.00665176474965,0.00987996775284,0.0,0.000568042595549,0.0,0.00848092195958,0.0,0.00043405291869,4.78797506154,5.45175050357,0.0515797709295,0.966317444216,0.0,0.906419355666,0.00112375629118,0.000298011052675,0.0,0.00241095791585,0.0475832733941,0.0440540884961,0.587855232105,0.570579533689,0.0150839201967,0.00987097999702,1.64695877691,1.60008264086,0.00505864414544,0.0078350281725,0.0478475014041,0.0716114217008,0.0003027885846,0.0013021623919,0.0,0.000520027627044,0.0261367001591,0.0474280184743,0.0,0.000913685416387,0.0,0.0142436490997,0.000116334992525,0.00213666732904,0.0123933411722,0.00574261787445,0.0254085083622,0.049974547743,0.00862105430675,0.0192766517021,0.46897053983,0.0835408766502,0.116056807714,0.0259454272147,0.0352090042248,0.0,0.0,0.00109050362372,0.00480626116596,0.00959131548053,0.00622528890101,0.00780386199527,0.00444088277319,0.00973947990074,0.00263674651243,0.00442346976089,0.626902685787,1.18488919944,0.571880739033,0.610551594205,0.00249077650135,0.0238928312074,0.882214721202,1.22208180125,0.163311677847,0.246128423357,0.000624083373529,0.00500173290655,0.148941680126,0.0,0.000300244111794,0.0165586023904,0.0228602049268,0.0308969752668,0.0121091970682,0.0,0.000458361229155,0.0297101633775,0.0266114053369,0.02212615764,0.0336826545905,0.00097753893718,0.00237842486307,0.000460389077696,0.000496083564848,0.0,0.0020865433252,1.6885361859e-05,0.00017869151288,0.00312074028444,0.00445258641789,0.0156570014619,0.000684816457204,0.173009928325,0.293752420754,0.000854131758127,0.00412941566851,4.86225622208e-05,0.000204560599732,0.00326231746861,0.00264673392585,0.00120183714881,0.0015481951185,
M201-213QCThymus2,0.0,0.0,0.0,0.0,0.0,0.0,0.0,0.0,0.0,0.0,0.0,0.0,0.0,0.0,0.0,0.0,0.0,0.0,0.0,0.0,0.0,0.0,0.0,0.0,0.0,0.0,0.0,0.0,0.0,0.0,0.0,0.0,0.0,0.0,0.0,0.0,0.0,0.0,0.0,0.0,0.0,0.0,0.0,0.0,0.0,0.0,0.0,0.0,0.0,0.0,0.0,0.0,0.0,0.0,0.0,0.0,0.0,0.0,0.0,0.0,0.0,0.0,0.0,0.0,0.0,0.0,0.0,0.0,0.0,0.0,0.0,0.0,0.0,0.0,0.0,0.0,0.0,0.0,0.0,0.0,0.0,0.0,0.0,0.0,0.0,0.0,0.0,0.0,0.0,0.0,0.0,0.0,0.0,0.0,0.0,0.0,0.0,0.0043902299279,0.08,0.149909642278,0.00750548929704,0.08,0.355,0.355,0.04,0.17,0.17,0.235,0.235,0.00183639658807,0.0,0.000610363087369,0.0679762752289,0.0,0.0303332106962,0.113281382463,0.0823811244724,0.000466041081356,0.0,0.00274596018511,0.0,0.000224621583437,0.0,0.000721760152745,0.0120116765976,0.0323925663591,0.00329863404888,0.000505982346508,18.1844695699,0.0,10.803837527,0.0,0.00109767348911,0.0773008773379,0.0403210027754,1.42906462919,1.28218739814,0.024947077721,0.0183290824906,0.0,0.000488967534459,0.0057659067238,0.0073444394979,0.0,0.000283019700618,0.0143619251312,0.0252000126847,0.0,0.00020490832293,0.0,0.0021360024806,0.0,0.777416434628,0.0,0.427707149039,0.0206631764222,0.0,0.0,0.00323905969213,0.0482270728371,0.0656297869035,0.649300671619,1.08064884845,0.00122605620468,0.019350959293,0.0,0.000193921447956,0.0,0.000345532950853,0.0,0.00260464196942,0.00329658934063,0.0110778643654,0.00726385319411,0.000915082639511,0.0,0.00162968419424,0.000557781304951,0.0,7.89062546409e-05,0.0,0.000374959919483,0.0,0.000744831426167,0.553127418479,0.0,0.132856330136,0.218186228007,0.0,0.0666790254174,0.0,1.07962268775,0.0370547266615,0.0827496818852,0.0934529176804,0.0505956896445,0.0235099450851,0.105193692218,0.18370178308,0.00625547443926,0.007338918546,0.0,0.00319258763841,0.000157887984054,0.00224197839642,0.102980550491,0.00984790234672,0.0245620814969,0.0,0.0150114092212,0.00050859282992,0.00233559713367,0.0254474296546,0.0549798068395,0.00616783263936,0.00878057341874,0.0,0.00123917644722,0.0110924671472,0.00704394917065,0.0,0.00157962957444,4.759899282,5.08790791686,0.0219636344807,1.14519518961,0.0,1.08863598823,0.0,0.000279912322382,0.0,0.00310129758439,0.0380853123469,0.0410192730231,0.592148197748,0.540861501089,0.0056480839647,0.0099266311966,2.03120403221,2.10926415586,0.0,0.0074617003083,0.0437911004196,0.0675804218002,0.000288998502972,0.000705623860062,0.000128407410313,0.000506769744253,0.0163978806684,0.0414233409257,0.000115220139418,0.000658996239729,0.00880949130075,0.0136347949408,0.0,0.00286315505285,0.0135855038209,0.00410015572108,0.023351267334,0.0402313715937,0.00812556747851,0.0215156297728,0.443659511427,0.136501803065,0.112296183294,0.0269326042758,0.0341518160291,0.0315138715225,0.0122937193394,0.00317877269256,0.00304321094871,0.00977788753632,0.011009621309,0.00844934927153,0.01459230811,0.00673372052472,0.00182933597701,0.00515773925978,0.861658821536,0.771205921636,0.611149757296,0.509200936662,0.00211159809064,0.0225478258415,0.779333579828,1.13002898957,0.138229750072,0.227101404418,0.000971566672737,0.00477599855495,0.106390456367,0.0,0.000504957140295,0.00853290641106,0.0218493588677,0.0328212665319,0.00982963063328,0.0,0.000511290727467,0.0298884034482,0.0395997734621,0.0194054638803,0.0374967705457,0.00109719011381,0.00250018777005,0.000291664558126,0.000695511520313,0.000743169948005,0.002328957232,0.0,0.000345367769403,0.00241651319414,0.0052284788192,0.0163731667383,0.00715021827452,0.128554981567,0.267907736999,0.000895972860999,0.00441022061448,0.000109903199357,0.000245068824497,0.00178483901714,0.00321671289151,0.001306873033,0.0017385824268,
M201-213QCThymus3,0.0,0.0,0.0,0.0,0.0,0.0,0.0,0.0,0.0,0.0,0.0,0.0,0.0,0.0,0.0,0.0,0.0,0.0,0.0,0.0,0.0,0.0,0.0,0.0,0.0,0.0,0.0,0.0,0.0,0.0,0.0,0.0,0.0,0.0,0.0,0.0,0.0,0.0,0.0,0.0,0.0,0.0,0.0,0.0,0.0,0.0,0.0,0.0,0.0,0.0,0.0,0.0,0.0,0.0,0.0,0.0,0.0,0.0,0.0,0.0,0.0,0.0,0.0,0.0,0.0,0.0,0.0,0.0,0.0,0.0,0.0,0.0,0.0,0.0,0.0,0.0,0.0,0.0,0.0,0.0,0.0,0.0,0.0,0.0,0.0,0.0,0.0,0.0,0.0,0.0,0.0,0.0,0.0,0.0,0.0,0.0,0.0,0.00382550301621,0.08,0.147259843096,0.00711556992549,0.08,0.355,0.355,0.04,0.17,0.17,0.235,0.235,0.00195822583266,0.0,0.000691062111201,0.0592827504107,0.0,0.0348192840897,0.12222851502,0.0407154654291,0.000538975912145,0.0,0.00290922467863,0.0,0.000316366993549,0.0,0.000680805159643,0.0142572066517,0.0345187353655,0.0,0.000367658985416,19.8336588185,0.0,10.1357744166,0.0,0.00046228341799,0.0627698373826,0.0183739501209,1.06235323165,1.12506779986,0.0178860201006,0.0150674943874,4.90114357698e-05,0.0007486968816,0.0051566989544,0.00732033990135,0.0,0.000521615924487,0.0120445375493,0.0250621393439,0.0,0.00021428295362,0.0,0.00163391398613,0.000483739316431,0.642731290411,0.0,0.349957700414,0.0184599223544,0.0,0.0,0.00351365275993,0.0682531509541,0.0659399596426,0.558024933768,0.969467856288,0.0018257277812,0.014994759752,0.0,0.000306712660314,0.0,0.00084675483366,0.00103946661307,0.00179906696295,0.0024330241211,0.00782496817615,0.0018082921338,0.000679497627826,0.00665521166105,0.00145319923548,0.000870309651237,0.0,0.000108980110301,0.0,0.000563759630309,0.0,0.00079100965878,0.48980797109,0.0,0.193967810462,0.168631469035,0.0,0.0290908692931,0.0,0.870834813192,0.0,0.0619573764369,0.0667749203885,0.0242514578456,0.0173593780332,0.0749388070526,0.193073543753,0.0,0.00496951144383,0.0,0.00305159716887,0.000290607091413,0.00283306407336,0.0580594298652,0.0114550914741,0.0282172632776,0.0,0.00914528805936,0.000498265294194,0.00211922182916,0.0,0.0324223917395,0.00264950053775,0.00797477536316,0.0,0.000670870136783,0.0,0.00545629574755,0.0,0.000584158824959,3.27803745029,3.97567572648,0.00662048870557,0.893442617402,0.0,0.692070837512,4.64796844335e-06,0.000279429692956,0.0,0.00208473217155,0.0130161750929,0.0249192151181,0.516101577897,0.535229114272,0.0,0.00957564422248,1.92096957741,1.65014006345,0.00336835690699,0.00368349534072,0.0237762708938,0.0417303034493,0.000357045352519,0.00078581868419,5.63597482368e-05,0.000599708966214,0.0128705477821,0.0220703985072,0.0,0.000468476458881,0.0,0.00898120734919,0.0,0.00222264112308,0.0,0.00331681804459,0.0150621140368,0.040952309274,0.00955504797319,0.0170209813796,0.323463826732,0.0676411719337,0.0825881791866,0.0206951392194,0.00790575362446,0.0,0.0,0.00205445079472,0.0018314341201,0.00704050550294,0.00131108710235,0.00532300493361,0.00957062758895,0.00750808854025,0.00179771180214,0.00352916926176,0.629460612151,1.00542161432,0.416194604282,0.448129597396,0.00238086612653,0.0132953894254,0.46976841663,1.21606070099,0.104176948591,0.230059334736,0.000685115207873,0.00418457422428,0.126669140722,0.0,0.000583542307959,0.00912258155316,0.0222208254742,0.00962499877417,0.0131737721569,0.0,0.000189807485662,0.0261132405475,0.157917844656,0.0165882755821,0.0295645867364,0.00112482833883,0.0019670808467,9.72558870505e-05,0.000691865229045,0.0,0.00138897704451,0.0,0.000436123262265,0.0027780546749,0.0046198003377,0.0124884224453,0.00617486078119,0.10720500239,0.266364501637,0.000949886623027,0.00425152561466,0.0,0.000159489553995,0.00102628427228,0.00297652174298,0.00110929331958,0.00208510019787,
blk8,0.0,0.0,0.0,0.0,0.0,0.0,0.0,0.0,0.0,0.0,0.0,0.0,0.0,0.0,0.0,0,0.0,0,0.0,0,0.0,0,0.0,0,0.0,0,0.0,0,0.0,0,0.0,0,0.0,0,0.0,0,0.0,0.0,0.0,0.0,0.0,0.0,0.0,0.0,0.0,0.0,0.0,0.0,0.0,0.0,0.0,0.0,0.0,0.0,0,0.0,0,0.0,0,0.0,0,0.0,0,0.0,0,0.0,0,0.0,0,0.0,0,0.0,0,0.0,0,0.0,0,0.0,0,0.0,0,0.0,0.0,0.0,0.0,0.0,0.0,0.0,0.0,0,0,0,0,0,0,0,0.0,0.00485112988044,0.08,0.112258156662,0.00157863293534,0.08,0.355,0,0.04,0,0.17,0,0.235,0.0,0,0.00247419148823,0.217083901599,0,0,0.14570565057,0,0.0,0,0.0,0,0.0,0,0.0228862712662,0,0.0463011076245,0,0.0,5.75965526646,0,0,0,0.0,0.0952932656904,0,0,0.218236320228,0,0.620508439491,0.0,0.0,0,0.0741766783332,0,0.0,0,0.0770517678652,0,0.0,0,0.101264520267,0.0,1.85769660267,0,0,0.0790853490995,0,0,0.657398159702,0,0.323969384042,0,2.4767872978,0.0,0.121793698238,0.0,0.0415255846719,0,0.0,0,0.0,0,0.148938339885,0,0.0,0,0.000230669831197,0.0,0,0.0,0,0.0,0,0.0,0.31274017136,0,0,0.186023026386,0,0,0,0.00366594983476,0,0,0.0191855971929,0,0.0,0,2.68289409216,0,0.0,0,0.0,0.0,0.0274620527031,0.0353554273268,0,0,0,0.0,0,0.0,0,0.0,0,0.0,0,0.0,0,0.0,0,0.0,1.78766187419,0,0,1.9626210893,0,0,0,0.0,0,0.0,0,0.0,0,1.53421708088,0,0.0,0,6.19188321796,0,0.0,0,0.0409323156871,0.0,0.0,0.0,0.0254004230039,0,0.0329424613977,0.0,0.0,0,0.0,0.0,0.37804260499,0,0.0844196304472,0,0.055975581367,0,0.0,0.585396935862,0,0.255913559663,0.0318227591713,0,0,0,0.0,0,0.0,0,0.0,0,0.02103062765,0,0.000321369821167,0.490795952955,0,0,1.74546872503,0.0,0.00717477052603,0,0.423801954877,0,0.696786845704,0.0,0.0,0,0.0,0.0628019627624,0,0.0641287410165,0,0.0797926754955,0,0.00019603075953,0.0634080588888,0,0,0.169374856323,0,0.0,0.00761919985192,0.00148443528125,0,0.0,0,0.0,0,0.0,0.0,0,0,0.391502873672,0.0,0.00569033524478,0,0.0,0,0.0516859400368,0,0.100085730997,
M201-Thymus 1460,0.0,0.0,0.0,0.0,0.0,0.0,0.0,0.0,0.0,0.0,0.0,0.0,0.0,0.0,0.0,0.0,0.0,0.0,0.0,0.0,0.0,0.0,0.0,0.0,0.0,0.0,0.0,0.0,0.0,0.0,0.0,0.0,0.0,0.0,0.0,0.0,0.0,0.0,0.0,0.0,0.0,0.0,0.0,0.0,0.0,0.0,0.0,0.0,0.0,0.0,0.0,0.0,0.0,0.0,0.0,0.0,0.0,0.0,0.0,0.0,0.0,0.0,0.0,0.0,0.0,0.0,0.0,0.0,0.0,0.0,0.0,0.0,0.0,0.0,0.0,0.0,0.0,0.0,0.0,0.0,0.0,0.0,0.0,0.0,0.0,0.0,0.0,0.0,0.0,0.0,0.0,0.0,0.0,0.0,0.0,0.0,0.0,0.00313761458949,0.08,0.117997606855,0.0053750330348,0.08,0.355,0.355,0.04,0.17,0.17,0.235,0.235,0.00111857642369,0.0,0.000113288057457,0.0445737559194,0.0,0.0117475159811,0.0956143635155,0.0585777872072,0.0,0.0,0.00342877474135,0.0,0.000387689658878,0.0,0.000665404567365,0.0254545917428,0.0332041552493,0.0,0.000404201419644,17.6522183587,0.0,8.18075974005,0.0,0.00101707445654,0.0562641203219,0.0730500401867,1.26437331522,1.26320927014,0.0249961192784,0.0222986687125,0.0,0.000791298870514,0.00510445657475,0.00563369481971,0.0,0.000357005379887,0.0139817624921,0.0256023484749,0.0,0.000226151388407,0.000785102268638,0.000742514269118,0.0,0.756494890383,0.0,0.432601663677,0.0133038493023,0.0156580189775,0.0,0.00476460403271,0.0911572596719,0.0933392033924,0.51135845008,1.13503037375,0.00132796294581,0.016860240323,0.0,0.00027677604989,0.0,0.00154398706627,0.000909965629647,0.0021559135705,0.00387039275168,0.0128401360967,0.0,0.00111573780186,0.0,0.00255574554621,0.0,0.0,0.000153655066436,0.00012785953147,0.0,0.0,0.00139488822591,0.430481694951,0.0,0.308502672506,0.165511281394,0.0,0.046296496934,0.0211679183824,0.914432377801,0.0541934489052,0.13243748851,0.141731159373,0.0404837783919,0.0336457379044,0.0803258504915,0.180741681682,0.015251922242,0.0079671436389,0.0,0.00578025329818,0.000374194051793,0.00339295898148,0.0919648192965,0.0506540333172,0.0509742182219,0.0,0.0141741850369,0.000826778800941,0.00191950778117,0.0363518824804,0.0364245009536,0.00352937023,0.00836214557082,0.0,0.000860818427999,0.0103229580341,0.0101105737544,0.0,0.00240821007332,4.33554584321,3.66903280782,0.0377458557498,1.05240265752,0.0,0.974799777916,0.0,0.000131623287061,0.0,0.00303512593942,0.0162296796009,0.028573545757,0.609891982182,0.503536972475,0.0,0.00767916603807,1.48399171984,2.15034393999,0.0,0.0152867898059,0.0399146444501,0.0677953047888,0.000765808192739,0.00186230188268,0.0,0.00126102867515,0.0164060389272,0.0384509704786,9.82557176036e-05,0.000903403942933,0.00695289259796,0.0147944480261,0.000200548612534,0.00262764380901,0.0170243159025,0.00655554487635,0.0136244781371,0.0440697773102,0.0106529522513,0.0202728245835,0.480786162036,0.141416108128,0.131497791678,0.0239782191232,0.028339574436,0.00942980527408,0.0,0.00302812638257,0.00460015520582,0.0103881534183,0.0132751789787,0.00823519119207,0.0339541521248,0.0140112586005,0.00373080351069,0.00589998098812,0.853948347444,1.71999152911,0.680590323147,0.867723984093,0.00308621449687,0.0206525815719,0.770345118299,1.09120084285,0.143575030531,0.25491442741,0.000996187327556,0.00455560875326,0.0938990723313,0.0,0.000765397552602,0.0117069254037,0.0240684115357,0.040795745076,0.0180349378826,0.0,0.000422082723367,0.0313584693774,0.0,0.0236484353469,0.0515679037907,0.000861994357207,0.00277709502957,0.000458761821391,0.000883994923819,0.00271589794042,0.00415787263838,0.0,0.000314136123534,0.00185570761136,0.00365239756414,0.0114714510687,0.00334324074847,0.126075139884,0.250652626304,0.00108937888642,0.00473969669259,7.79533773562e-05,0.000195198987866,0.00214329378729,0.00335891088929,0.000809167615107,0.00171282003619,
M202-Thymus 1461,0.0,0.0,0.0,0.0,0.0,0.0,0.0,0.0,0.0,0.0,0.0,0.0,0.0,0.0,0.0,0.0,0.0,0.0,0.0,0.0,0.0,0.0,0.0,0.0,0.0,0.0,0.0,0.0,0.0,0.0,0.0,0.0,0.0,0.0,0.0,0.0,0.0,0.0,0.0,0.0,0.0,0.0,0.0,0.0,0.0,0.0,0.0,0.0,0.0,0.0,0.0,0.0,0.0,0.0,0.0,0.0,0.0,0.0,0.0,0.0,0.0,0.0,0.0,0.0,0.0,0.0,0.0,0.0,0.0,0.0,0.0,0.0,0.0,0.0,0.0,0.0,0.0,0.0,0.0,0.0,0.0,0.0,0.0,0.0,0.0,0.0,0.0,0.0,0.0,0.0,0.0,0.0,0.0,0.0,0.0,0.0,0.0,0.0036711902163,0.08,0.184331142478,0.00788053255938,0.08,0.355,0.355,0.04,0.17,0.17,0.235,0.235,0.00159363065939,0.0,0.000201875503186,0.0667833978356,0.0,0.0280177423059,0.102817191797,0.0442425792166,0.0,0.00920261495581,0.00294935485423,0.000527883465825,0.000537979478325,0.0,0.00101705756224,0.0229889301339,0.040088869616,0.0,0.000350011266922,18.0568827159,0.0,10.4947133317,0.00544780326651,0.00112451533871,0.0536791269015,0.0,1.08051604429,1.11151744075,0.00625883587165,0.0195339247515,7.44943834798e-05,0.000896124400008,0.00759180827576,0.00796908428643,0.0,0.000392866076916,0.0143236515188,0.0321760978532,0.0,0.000195909331557,0.00113951624492,0.00193137818837,0.0,0.898178876132,0.0,0.350575161512,0.0112413001453,0.0,0.0,0.00181583226854,0.0490216889088,0.0613480013241,0.747994402087,1.20576109212,0.00150086004751,0.0225678464181,0.0,0.000196416015282,0.0,0.00167621698445,0.00181207133674,0.00287724215088,0.00671883180067,0.0103117200488,0.0025843974996,0.000920693458239,0.0,0.0022759086913,0.000230232485335,0.0,0.000173349616866,0.0,0.000294293564563,0.0,6.86956000867e-05,0.540044683249,0.0,0.217818293024,0.207597028986,0.0,0.0570255590338,0.0,1.64748952208,0.0119384333753,0.0794510084926,0.128707139019,0.0515201468264,0.0452151083871,0.114498909977,0.171749998643,0.0,0.00396081662698,0.0,0.00207200503605,0.000440634890636,0.0041195402302,0.107274628036,0.041589971083,0.0406979098146,0.00702401966929,0.0166961514149,0.0,0.00241968482577,0.0193944800195,0.0458156480767,0.00445790364989,0.0098379655446,0.0,0.00100858831591,0.0182609736068,0.00683055753401,0.0,0.00100026417497,6.03703654162,4.5832552437,0.0145078866641,1.04744769961,0.0,0.794306214228,0.0,0.0,0.0134433999851,0.00313599795946,0.031202734512,0.0337172138349,0.673755954602,0.656179356308,0.0,0.0139760969743,1.93561146979,2.35509164812,0.0,0.00669612216109,0.0753570238299,0.0886146519634,0.000469738600099,0.00150698939567,0.0,0.000956581934747,0.0449697883639,0.0647716082078,7.3107355164e-05,0.00043917714949,0.0167556235824,0.0199303037061,0.0,0.00172814842573,0.00191008836382,0.00624860163298,0.0250560293211,0.0504706249324,0.0129096404511,0.021111455542,0.470143821923,0.0854014638024,0.0949457992727,0.0381032239684,0.00053120332351,0.00473140901051,0.0100314461166,0.0024716340671,0.00568761734605,0.014306740253,0.0156295966377,0.00963056677837,0.0160942215941,0.0143759495557,0.0020736040246,0.0052612641848,0.994739360601,1.53271194711,0.759967947823,0.807741095283,0.0031469850935,0.0278936019039,0.961646417712,1.81489546871,0.176742932848,0.315173906102,0.00141687456545,0.00587292195396,0.138596139692,0.000117569603438,0.000732754207882,0.0138967818301,0.0229463878186,0.0220703172104,0.0119369862753,0.0,0.000528412982701,0.0300316233859,0.00397470328113,0.0395986854386,0.0549239604015,0.00307805959718,0.00333100289774,0.000443450798644,0.000537900360461,0.00606771363487,0.00256692294962,0.0,0.000213035976778,0.00558950601002,0.00606352642032,0.0137814982205,0.00349916508407,0.245824303202,0.417965443712,0.00105110232652,0.00667162223238,0.0,0.00014033701304,0.00252050026341,0.00325164265707,0.00153052890388,0.00194167716461,
M203-Thymus 1462,0.0,0.0,0.0,0.0,0.0,0.0,0.0,0.0,0.0,0.0,0.0,0.0,0.0,0.0,0.0,0.0,0.0,0.0,0.0,0.0,0.0,0.0,0.0,0.0,0.0,0.0,0.0,0.0,0.0,0.0,0.0,0.0,0.0,0.0,0.0,0.0,0.0,0.0,0.0,0.0,0.0,0.0,0.0,0.0,0.0,0.0,0.0,0.0,0.0,0.0,0.0,0.0,0.0,0.0,0.0,0.0,0.0,0.0,0.0,0.0,0.0,0.0,0.0,0.0,0.0,0.0,0.0,0.0,0.0,0.0,0.0,0.0,0.0,0.0,0.0,0.0,0.0,0.0,0.0,0.0,0.0,0.0,0.0,0.0,0.0,0.0,0.0,0.0,0.0,0.0,0.0,0.0,0.0,0.0,0.0,0.0,0.0,0.00251005609276,0.08,0.11009033991,0.00544514598776,0.08,0.355,0.355,0.04,0.17,0.17,0.235,0.235,0.000898370372719,0.0,9.7269967396e-05,0.0442630886323,0.0,0.0369657742025,0.0691411414708,0.0360538035178,0.0,0.0,0.00343054438246,0.0,0.000299671354572,0.0,0.000730710974585,0.0234517256338,0.0366690066727,0.0,0.000204575341954,15.7306747541,0.0,9.72882831776,0.0,0.000678707135538,0.0394913520555,0.0175330516014,1.22776928678,1.41308576388,0.0272296023426,0.0232822763475,0.000125498300348,0.000486425802867,0.00614033602669,0.00625945550388,0.0,0.000334319031091,0.00994838185197,0.0157333803616,0.0,0.000222708024827,0.0,0.000683949679866,0.000121963344475,0.557780105818,0.0,0.220538319566,0.0115952709877,0.0,0.0,0.000249542007373,0.0790450388442,0.0611873912173,0.551393610409,0.946460222868,0.00118897991072,0.0132386239666,0.0,0.00016309519099,0.0,0.000450139529599,0.00102581538949,0.00172136618952,0.00300969772771,0.00589448700054,0.0,0.00109685507542,0.0,0.00202995252252,0.0,0.0,0.000282320149271,0.0,0.000416013487659,0.0,0.00010971082733,0.297275376577,0.0,0.188610985915,0.128956494401,0.0,0.0602542538954,0.0,1.00105344047,0.0,0.079766942726,0.0938417568266,0.0256073978571,0.0451949542389,0.09305244861,0.127487934115,0.0,0.00461448850295,0.0,0.000436214403398,0.000159429091191,0.00214584946585,0.0936947853404,0.0,0.00333363383254,0.0128138491857,0.0134035414571,0.0,0.00135397578225,0.0169834744512,0.0495884572148,0.00266513217639,0.0058108632264,0.00056933030913,0.000856485453258,0.00586309264836,0.00913600512665,0.0,0.000419565816057,3.01342921251,4.0116678134,0.0,0.758821448462,0.0,0.414206272078,0.0,0.0,0.00472855790477,0.00193406059141,0.0237803407383,0.0350871747718,0.569788979542,0.488563986793,0.0,0.0104685688645,1.93184619488,1.97626656948,0.0,0.00183109770837,0.0376613946415,0.0602607409551,8.30711085442e-05,0.000712628209248,0.000103156370252,0.000579618607468,0.0179863260294,0.0342315511631,0.0,0.000823470378654,0.0,0.0140444397765,0.0,0.00194151164374,0.0218947729344,0.0041048585649,0.0168055022415,0.0327445175798,0.0044830215357,0.0119208941208,0.224854053144,0.0941850221699,0.0943964847925,0.0227111377358,0.0927627029657,0.0,0.0130247509263,0.00183658723499,0.00300971298292,0.00807499606506,0.00130479682287,0.00984507156412,0.00294092297977,0.00718255673882,0.0013944295405,0.00279368991954,0.617938632541,1.27782390563,0.561650565578,0.59470860257,0.00159470055366,0.0214658700456,0.592929582282,0.952706603083,0.142615606399,0.204624976032,0.00071175163681,0.00393647584975,0.207210091116,2.28835407653e-05,0.000465141087986,0.00615512401105,0.0107806957282,0.0149755832673,0.00670332421652,7.38685570391e-07,0.0002763095545,0.0229490633186,0.228875256772,0.0203931937759,0.0402621564798,0.000952958209491,0.00264419865409,0.000183744016068,0.000518994344401,0.0,0.00145282129421,0.0,0.000265860541454,0.001591223169,0.00368452900971,0.00998107852444,0.0,0.138375899802,0.227281276943,0.000680305638469,0.00384296485383,0.0,8.14069512369e-05,0.00131428347108,0.00237905608144,0.00107065244488,0.00135242413836,
blk9,0.0,0.0,0.0,0.0,0.0,0.0,0.0,0.0,0.0,0.0,0.0,0.0,0.0,0.0,0.0,0.0,0.0,0.0,0.0,0.0,0.0,0.0,0.0,0.0,0.0,0.0,0.0,0.0,0.0,0.0,0.0,0,0.0,0,0.0,0,0.0,0.0,0.0,0.0,0.0,0.0,0.0,0.0,0.0,0.0,0.0,0.0,0.0,0.0,0.0,0.0,0.0,0.0,0,0.0,0,0.0,0,0.0,0,0.0,0,0.0,0,0.0,0,0.0,0,0.0,0,0.0,0,0.0,0,0.0,0,0.0,0,0.0,0,0.0,0.0,0.0,0.0,0.0,0.0,0.0,0.0,0,0,0,0,0,0,0,0.0,0.00769758542289,0.08,0.0951090308038,0.00172624946262,0.08,0.355,0,0.04,0,0.17,0.235,0.235,0.0,0,0.00279842909375,0.185682334455,0,0,0.118562294504,0,0.0,0,0.0,0.0,0.0,0,0.011193716375,0,0.0,0,0.0,6.30451444996,0,0,0,0.0,0.041302900554,0,0,0.51661094044,0,0.529591308886,0.0,0.0,0.0,0.0,0,0.0,0.0,0.0774967525319,0.0,0.0,0.0,0.195232138217,0.0,1.43227502841,0,0,0.0585668579106,0,0,0.393029024702,0,0.339974886394,0.761510179706,4.42443361926,0.0570176608257,0.0475871312091,0.0,0.0,0,0.0,0.0,0.0,0.0,0.097101560181,0,0.0,0,0.0,0.0,0,0.000559685818749,0,0.0,0,0.0,0.31115221973,0,0,0.110495080551,0,0,0,0.133184967364,0,0,0.0,0,0.0,0.193560152647,3.85740916773,0,0.0,0,0.0,0.0,0.060640500034,0.0318231004779,0,0,0,0.0,0.0,0.0,0,0.0,0.0,0.0,0.0,0.0,0,0.0,0,0.0,2.39980231915,0,0,2.11918904488,0,0,0.0,0.0,0,0.0,0,0.0,0,1.07789586117,0,0.0,0,5.15320808456,0,0.0,0.0,0.202266390693,0.0,0.0,0.0,0.0,0.0,0.0,0.0,0.0,0,0.0,0.0,0.608094526664,0,0.0,0.000724273955547,0.0,0.0,0.0650824104603,0.464810568898,0,0.522182712145,0.028180552526,0,0,0,0.0,0.0,0.0,0,0.0,0,0.0481329804124,0.0,0.0,0.570945372333,0,0,1.43254084394,0.0,0.107464177275,0.0743110635406,1.0022220706,0.112232413278,0.990623178685,0.0,0.00706937712359,0,0.0,0.0910676533094,0.0,0.0423698986072,0,0.0828335011749,0.0,0.0,0.0949150691927,0,0.0912404950398,0.072109231114,0.0106602132302,0.0,0.0,0.0,0,0.0,0.0,0.0,0.0,0.00539428577087,0.0237581431425,0,0.130418785988,1.11401585247,0.00941843873215,0.00422180696439,0.0,0.0,0.0,0.0994214474562,0.0,0.203612965448,
M204-Thymus 1463,0.0,0.0,0.0,0.0,0.0,0.0,0.0,0.0,0.0,0.0,0.0,0.0,0.0,0.0,0.0,0.0,0.0,0.0,0.0,0.0,0.0,0.0,0.0,0.0,0.0,0.0,0.0,0.0,0.0,0.0,0.0,0.0,0.0,0.0,0.0,0.0,0.0,0.0,0.0,0.0,0.0,0.0,0.0,0.0,0.0,0.0,0.0,0.0,0.0,0.0,0.0,0.0,0.0,0.0,0.0,0.0,0.0,0.0,0.0,0.0,0.0,0.0,0.0,0.0,0.0,0.0,0.0,0.0,0.0,0.0,0.0,0.0,0.0,0.0,0.0,0.0,0.0,0.0,0.0,0.0,0.0,0.0,0.0,0.0,0.0,0.0,0.0,0.0,0.0,0.0,0.0,0.0,0.0,0.0,0.0,0.0,0.0,0.00317964978671,0.08,0.122281000662,0.00504647788857,0.08,0.355,0.355,0.04,0.17,0.17,0.235,0.235,0.00144541166776,0.0,0.000341356258158,0.0626137339252,0.0,0.0448708327309,0.124753017443,0.0639784862557,0.0,0.0,0.00343804781873,0.0,0.000338957068665,0.0,0.00113745634274,0.0185813129213,0.03689179232,0.0,0.00026196809036,17.6357574409,0.0,9.32354642185,0.0,0.000855599506491,0.0777085606056,0.0,1.06546254134,1.33551767134,0.0262517966822,0.01909836212,0.0,0.000559610189208,0.00640837322104,0.00661664200542,0.0,0.000353088775513,0.0200276273366,0.030878404012,0.0,0.000237224012929,0.0,0.00187893229632,0.0,0.831680687327,0.0,0.466056174914,0.018602063885,0.0,0.0,0.00261453134929,0.0626605831551,0.0629203556009,0.641109468906,1.13516970647,0.00145332493512,0.0156990867051,0.0,5.4294350016e-05,0.0,0.000199871733408,0.00161772680623,0.00259997428175,0.00765188079233,0.0157018617165,0.0,0.000912894559901,0.0,0.0039851753695,0.000204688490842,0.0,0.000498905300385,5.55926589532e-05,0.000486816397768,0.00085879244183,0.000234969801965,0.46577663765,0.0,0.316253039633,0.232229009558,0.0,0.0436761636537,0.0199621757457,1.2838981859,0.00859159854102,0.0691853946358,0.109981973454,0.0273928537303,0.0395729437031,0.112303200191,0.192618734225,0.0,0.00555217225297,0.00841841369884,0.00114089990916,0.000348613067654,0.00398737399306,0.0854911291645,0.0266216587966,0.0271904553942,0.0148844705093,0.0137190942415,0.00330573995201,0.0021234537039,0.0196495958504,0.0517979268624,0.00643126678233,0.0145398364106,0.0,0.000629646145707,0.0184914682307,0.00817889417979,0.0,0.0,4.47910226554,4.03929128459,0.0220583760773,1.01729003684,0.0,0.817360605975,0.000523385420482,6.04921059187e-05,0.0,0.0044009094178,0.0204861118179,0.0357592404847,0.53452822118,0.635913959929,0.0,0.0123523096889,1.93065668129,2.21173837773,0.0,0.00243449422829,0.0671128995345,0.0949851528881,0.000838848262163,0.00177363018328,0.0,0.000882210124357,0.0257912438922,0.0466738111259,0.000178490265634,0.000548269612803,0.0206707136518,0.0184141789417,0.0,0.00247559202671,0.010293908473,0.00357014733788,0.0265204238925,0.0560335562793,0.0145020974713,0.0281344173574,0.51977567956,0.111653476551,0.116846446451,0.028967487982,0.0152308809981,0.0292582912593,0.0,0.00289753496156,0.00586760231252,0.00804882246061,0.00952378290886,0.00673417398975,0.0,0.00872368143664,0.0037177237662,0.00628425486714,0.863093632049,1.122020901,0.555782587532,0.503108756004,0.00247148316604,0.024483838516,0.723652441293,1.19926923517,0.15316555457,0.250087071495,0.000905596431739,0.00328120405167,0.113963204173,0.0,0.000527996323858,0.018743394604,0.0305122984927,0.0246318193356,0.00647741403156,0.00110591075816,0.000359748317804,0.027752325518,0.0981498370441,0.0276700006086,0.0497331414465,0.00157834788082,0.00249762788009,0.00056862775911,0.000624341035396,0.00406623534876,0.00180362115671,0.000335603476119,0.000529253518702,0.00231388431658,0.00418820717797,0.0131340713338,0.00597716115791,0.166174313133,0.250429766943,0.0011519097167,0.00465459905917,0.0,0.000164115295994,0.00154668533939,0.00280192422987,0.000992446483492,0.00143646322109,
M205-Thymus 1464,0.0,0.0,0.0,0.0,0.0,0.0,0.0,0.0,0.0,0.0,0.0,0.0,0.0,0.0,0.0,0.0,0.0,0.0,0.0,0.0,0.0,0.0,0.0,0.0,0.0,0.0,0.0,0.0,0.0,0.0,0.0,0.0,0.0,0.0,0.0,0.0,0.0,0.0,0.0,0.0,0.0,0.0,0.0,0.0,0.0,0.0,0.0,0.0,0.0,0.0,0.0,0.0,0.0,0.0,0.0,0.0,0.0,0.0,0.0,0.0,0.0,0.0,0.0,0.0,0.0,0.0,0.0,0.0,0.0,0.0,0.0,0.0,0.0,0.0,0.0,0.0,0.0,0.0,0.0,0.0,0.0,0.0,0.0,0.0,0.0,0.0,0.0,0.0,0.0,0.0,0.0,0.0,0.0,0.0,0.0,0.0,0.0,0.00796614150298,0.08,0.227591571833,0.0126346830402,0.08,0.355,0.355,0.04,0.17,0.17,0.235,0.235,0.00309346427314,0.0,0.00188899520955,0.112976282984,0.0,0.0522897304171,0.304975902507,0.202624909565,0.00364072357608,0.0,0.00489363401154,0.000599471010916,0.000882919865851,0.0,0.000945938119676,0.0223800681551,0.0306808111129,0.0,0.000304898833523,23.0424444039,0.0,15.5390382248,0.0,0.0008909745158,0.232147756498,0.0706919769592,0.873951856067,0.882568734368,0.0065394016594,0.0131628143073,0.00016862034481,0.000900014168142,0.00609606588248,0.00536055699734,0.0,0.000524475247789,0.0173274049627,0.0240453420342,0.0,0.000227227704516,0.00081370373077,0.00236767348569,0.00121799055817,2.01109826012,0.0,0.801510154538,0.0406287507109,0.0294578464671,0.00202439521273,0.00466939390941,0.0754494741434,0.0743071758712,0.596410680434,0.904122235272,0.00129391687902,0.0170285980343,0.0,0.000197005165952,1.90425585396e-05,0.00208347515216,0.00141550202618,0.00405640104722,0.013211597517,0.0229617948813,0.0,0.000896184204973,0.0,0.00663918951213,0.00269281816727,0.0,0.000793243539952,0.0,9.67375519503e-05,0.0,0.00285575906135,1.01080894893,0.0,0.797656722414,0.369137332631,0.00903142352168,0.0893656888447,0.0379365779075,2.09804541912,0.0983244227079,0.132397722435,0.135159869815,0.0226782273261,0.0336779285125,0.157256332326,0.277870922326,0.0328481031919,0.014526882558,0.00978086952008,0.00673044090942,0.000972433332353,0.00344179883608,0.236824320417,0.0556655486707,0.109936840924,0.0,0.0191431578114,0.000640733569609,0.00412715656378,0.0224634702284,0.0581108460588,0.0173216887978,0.0230457380275,0.000988028493512,0.00106248386964,0.00766207657861,0.0112839116466,6.51415608774e-05,0.00344542612893,9.32928396471,7.60241025157,0.102255759191,2.23450742879,0.0,1.34740314316,0.0,0.000473628974427,0.0,0.00436501493017,0.0505212976486,0.0376603681589,0.641370437094,0.796776134121,0.0112579227444,0.0136654563237,1.88593304679,2.38837024606,0.0152265874119,0.0228293730502,0.0788504256071,0.117708433823,0.000720886225595,0.00227417992266,0.000146114109907,0.00115431481087,0.0300173464867,0.0711126357752,0.0,0.000859489331701,0.0200334208628,0.0227823427149,0.0,0.00234667145501,0.0238485160928,0.0094791157497,0.0406273542625,0.0831899664546,0.0308785975726,0.0453619023562,1.19714627168,0.158649546565,0.172577532785,0.0582398292739,0.00927371242721,0.00290595056118,0.00112200049963,0.00353254339194,0.00825567619672,0.0118604583538,0.0171848444537,0.0106158755779,0.0183336987603,0.0161251238249,0.00524886774664,0.0117536266584,2.24124911125,3.00164818861,0.806080363712,0.96001444543,0.00404457884443,0.0333653847971,1.1114810414,2.07528134326,0.21778582336,0.360971213473,0.00170810172334,0.00688309922738,0.159434778808,0.0,0.000962602616371,0.0331244654444,0.0507250925642,0.0395777184076,0.0281361370866,0.000707719684901,0.000919924991497,0.0771367903199,0.0864817247654,0.040959310416,0.0685736194185,0.00243913180926,0.00401976020293,0.000679856993724,0.000824467852506,0.00130514241867,0.00415078579904,0.00129461400327,0.000639979938767,0.00506244014213,0.00799784087455,0.0358244857185,0.0,0.266708512308,0.460871679297,0.00138992042743,0.00968738985842,0.0,0.000401774664908,0.00348400110224,0.00430040676462,0.00192164940492,0.00262489058526,
M206-Thymus 1972,0.0,0.0,0.0,0.0,0.0,0.0,0.0,0.0,0.0,0.0,0.0,0.0,0.0,0.0,0.0,0.0,0.0,0.0,0.0,0.0,0.0,0.0,0.0,0.0,0.0,0.0,0.0,0.0,0.0,0.0,0.0,0.0,0.0,0.0,0.0,0.0,0.0,0.0,0.0,0.0,0.0,0.0,0.0,0.0,0.0,0.0,0.0,0.0,0.0,0.0,0.0,0.0,0.0,0.0,0.0,0.0,0.0,0.0,0.0,0.0,0.0,0.0,0.0,0.0,0.0,0.0,0.0,0.0,0.0,0.0,0.0,0.0,0.0,0.0,0.0,0.0,0.0,0.0,0.0,0.0,0.0,0.0,0.0,0.0,0.0,0.0,0.0,0.0,0.0,0.0,0.0,0.0,0.0,0.0,0.0,0.0,0.0,0.00350904766842,0.08,0.171257255137,0.00964899858525,0.08,0.355,0.355,0.04,0.17,0.17,0.235,0.235,0.00169472636726,0.0,0.000624061914147,0.068081101922,0.0,0.0351660336144,0.123403085119,0.0627422939028,0.000105086222053,0.0,0.00523346718698,0.000877368356737,0.000242724818402,0.0,0.00126936153741,0.0366000440824,0.0530828974896,0.0,0.000357690133269,22.9127600647,0.0,12.3259748773,0.0,0.00144694495161,0.0761141339916,0.0217299931323,1.61880975471,1.79803510422,0.0389388631546,0.0244939880125,5.83749970611e-05,0.000557930236072,0.00853977109144,0.0105456697118,0.0,0.000515962619698,0.0141190574023,0.0287866725719,0.0,0.000202651022426,0.0,0.00164860176409,0.0,0.997863063069,0.0,0.496157719571,0.014693104553,0.0,0.00312594225409,0.0029014817244,0.0533456596119,0.0826293995426,1.05882545485,1.63603977145,0.00140728625347,0.0190755805766,0.0,0.000206192634787,0.0,0.00112881572939,0.00066213179792,0.00306970300416,0.00548137236959,0.00940245882979,0.0,0.000936743964506,0.0,0.0024958404777,0.000372895089423,0.0,0.000263020859104,0.0,0.0,0.0,0.0,0.455054959785,0.0,0.248592013832,0.21247836973,0.0,0.0150449196972,0.032255507607,1.49351035585,0.0264773608779,0.139195557835,0.142369039177,0.0581236480272,0.0516436530073,0.0709896369504,0.228301367625,0.0,0.00759551472296,0.0,0.00248775567951,0.000228418666168,0.00246414485661,0.127157571016,0.0422481357597,0.0142492299782,0.0109000088445,0.0206554737201,0.0,0.00248244401655,0.0181592119584,0.0945328265439,0.00358593745262,0.00882377209207,0.0,0.00110316081497,0.0,0.0161666405368,0.0,0.000975631263298,6.01994147554,5.82184949212,0.035146549693,1.51203072036,0.0,1.61756831897,0.0,0.000168751159914,0.0,0.00440670780477,0.0318116937624,0.0542404358002,0.751992466272,0.881645526783,0.0309633955231,0.0165470640407,2.60782706932,3.48938780786,0.0,0.00224015825651,0.0619189605224,0.0937244670265,0.000364370639995,0.00259916668679,0.0,0.00128405055765,0.0350827781222,0.064798553823,0.000161579450892,0.000813887288507,0.0,0.0226820966778,0.0,0.00298814426743,0.00639889077105,0.00642802377332,0.0246609959895,0.0476005886111,0.0103289531347,0.0194085849235,0.500585770821,0.11904765758,0.134224032676,0.0383630612724,0.025957188556,0.0,0.0,0.00303123348845,0.00738926743212,0.0150044735284,0.0170269375741,0.0165516719915,0.0,0.0151457539426,0.00173772511351,0.0048967624043,1.15404892291,1.81189897158,0.881511775887,0.905925396578,0.00337145262673,0.0342942143438,0.970349369377,1.6710812265,0.272328063485,0.309926783263,0.000725151699123,0.00655417945654,0.194198316069,7.45063045796e-05,0.000804273065163,0.0134276698385,0.0241888093485,0.0228144258417,0.0104701905963,0.0,0.000683373259829,0.0411294000695,0.137697622427,0.0393495434726,0.055356142215,0.00165836093309,0.00360000663667,0.000471108145876,0.00108340199488,0.0267134998212,0.00271235640246,0.0,0.000186929455077,0.00437221759746,0.00691388103446,0.0222905934461,0.00277618902657,0.266755323187,0.383691276426,0.000830732386009,0.00647446222088,0.0,0.00020761793435,0.00335827494721,0.00409130908364,0.00173653980084,0.00206988694671,
blk10,0.0,0.0,0.0,0.0,0.0,0.0,0.0,0.0,0.0,0.0,0.0,0.0,0.0,0.0,0.0,0.0,0.0,0.0,0.0,0.0,0.0,0.0,0.0,0.0,0.0,0.0,0.0,0.0,0.0,0.0,0.0,0,0.0,0,0.0,0,0.0,0.0,0.0,0.0,0.0,0.0,0.0,0.0,0.0,0.0,0.0,0.0,0.0,0.0,0.0,0.0,0.0,0.0,0,0.0,0,0.0,0,0.0,0,0.0,0,0.0,0,0.0,0,0.0,0,0.0,0,0.0,0,0.0,0,0.0,0,0.0,0,0.0,0,0.0,0.0,0.0,0.0,0.0,0.0,0.0,0.0,0.0,0.0,0.0,0.0,0.0,0.0,0.0,0.0,0.00229898664709,0.08,0.107768893093,0.00151929510423,0.08,0.355,0.355,0.04,0,0.17,0.235,0.235,0.0,0.0,0.0417760485136,0.220206521729,0.0,0.0,0.165828726435,0.0,0.0,0,0.0,0.0,0.0,0,0.0259117262932,0,0.208646476032,0,0.0,7.12415100148,0.0,39.9635751236,0,0.0,0.0189092802449,0.0,0,0.17774277572,0,0.627993492243,0.0814303105737,0.0,0.0,0.0,0,0.0,0.0,0.0,0.0,0.0,0.0,0.0378747125896,0.0,0.339022267538,0.0,0.0,0.0179662698003,0.0,0,0.277148808636,0,0.164715414876,2.06579660047,3.35638631625,0.0,0.0,0.0,0.0,0,0.0,0.0,0.0120191983147,0.0,0.103976174364,0,0.0,0,0.0,0.00137506964185,0,0.000528810740678,0,0.0,0,0.0,0.409125719796,0.0,0.0,0.141860749376,0.0,0.0,0.0,0.379480723122,0.0,0,0.107385748243,0,0.0,0.666927265979,1.16146692885,0,0.0,0,0.0,0.0,0.0142043954049,0.0244467838991,0.0,0.0,0,0.0,0.0,0.0,0,0.0,0.0,0.0,0.0,0.0,0,0.0,0,0.0,2.3229888668,0.0,0.0,2.53243603378,18.6641139822,0.0,0.0,0.0,0,0.0,0,0.0,0,0.885917377727,0,0.0,0,4.40539788748,0,0.0,0.0,0.0672405417641,0.0,0.0,0.0,0.0,0.00122198898862,0.0,0.0,0.0,0,0.0,0.0,0.731930702325,0,0.191016426469,0.0,0.117533142988,0.0,0.0755022451429,0.602018566372,0,0.353884846361,0.0333576161621,0.0,0.0,0,0.0,0.0,0.0130194309171,0,0.0,0,0.0311998337,0.00490812308077,0.0,0.598378115905,15.3967735754,0,0.962278442157,0.0,0.0539767025387,0.0,0.969559616928,0.122241345956,0.340098720613,0.0302362016271,0.0,0.0,0.0,0.101008566644,0.0,0.0631056047889,0,0.0227388618491,0.0,0.0,0.0969751216438,11.7757882378,0.0,0.148134801394,0.0,0.0,0.00420392498651,0.000852263724295,0,0.0,0.0,0.0,0.0,0.0,0.0285701260073,0.0,0.0894515091554,0.59045504896,0.0,0.00568175816197,0.0,0.0,0.050428020448,0.0700164430083,0.0363107510988,0.085012528452,
M207-Thymus 1973,0.0,0.0,0.0,0.0,0.0,0.0,0.0,0.0,0.0,0.0,0.0,0.0,0.0,0.0,0.0,0.0,0.0,0.0,0.0,0.0,0.0,0.0,0.0,0.0,0.0,0.0,0.0,0.0,0.0,0.0,0.0,0.0,0.0,0.0,0.0,0.0,0.0,0.0,0.0,0.0,0.0,0.0,0.0,0.0,0.0,0.0,0.0,0.0,0.0,0.0,0.0,0.0,0.0,0.0,0.0,0.0,0.0,0.0,0.0,0.0,0.0,0.0,0.0,0.0,0.0,0.0,0.0,0.0,0.0,0.0,0.0,0.0,0.0,0.0,0.0,0.0,0.0,0.0,0.0,0.0,0.0,0.0,0.0,0.0,0.0,0.0,0.0,0.0,0.0,0.0,0.0,0.0,0.0,0.0,0.0,0.0,0.0,0.00300103181972,0.08,0.140586727978,0.0075370578964,0.08,0.355,0.355,0.04,0.17,0.17,0.235,0.235,0.0012378930425,0.0,0.000117698105999,0.0481989086226,0.0,0.0314968834848,0.0562214421157,0.0276246995605,0.0,0.0,0.00328795495725,0.000517983704518,0.000260738980616,0.0,0.00118768088781,0.0179899439413,0.0387780116242,0.0,0.000565976403223,17.1614998241,0.0,8.25828794386,0.0,0.000728856652241,0.0294079312054,0.0159122193075,1.10622083634,1.1746897673,0.0131082283715,0.0233262612692,0.00011035808627,0.000749254792243,0.00619037680003,0.0082454156042,0.0,0.000417490965801,0.0134215071997,0.0193472902955,0.0,0.00015777808299,0.0,0.00157560831538,0.0,0.632749424789,0.0,0.318380121045,0.00819377155959,0.0,0.0,0.00262828514884,0.0801375212556,0.067552998372,0.601986602941,1.19434478379,0.00164801483981,0.020843587428,0.0,0.000217703295303,0.0,0.000264792962171,0.0,0.00170058155258,0.00410769985692,0.00702697379646,0.0,0.000638155252603,0.0,0.00373257578517,0.0,0.0,0.000102242799151,0.0,0.000199565687488,0.0,5.6712211024e-05,0.311635423867,0.0,0.0902134337295,0.127303834865,0.0,0.0292971251093,0.0,0.989025898446,0.0226629348221,0.101773743214,0.0985028526212,0.0240861807222,0.0442797580082,0.102564730691,0.236838742834,0.0,0.0048528729922,0.0,0.00162450518079,0.00020205310517,0.00209075671891,0.0619736779309,0.0247962741419,0.0,0.0112880784296,0.0183512878966,0.00175837210258,0.0015124481574,0.0076169765308,0.0550286571002,0.00227857345517,0.00672776637266,0.0,0.000533444825199,0.0,0.00867603898138,0.0,0.000399197787272,4.68725406771,5.12560149019,0.0,0.984821197605,0.0107852390982,0.139243235513,4.36759838981e-06,0.0,0.0,0.00334014328289,0.0258145707625,0.0448180314334,0.998887183827,0.77117303407,0.0137021218844,0.0123671783356,2.4773168396,1.83744436624,0.0,0.00238830727006,0.04845384094,0.113456022519,0.000375364615679,0.00148103549569,3.02569816513e-05,0.000925666009005,0.03550375011,0.0545136601883,0.000109482919358,0.000763535846988,0.0048229549984,0.0196085791835,0.0,0.00267861153805,0.013123288166,0.00336346281359,0.0174820679732,0.0382285281155,0.00412448273306,0.0119522294064,0.203348854607,0.0717531864128,0.0947243390937,0.0179390684519,0.0755970631208,0.0,0.00999165342285,0.0018297349823,0.00528844332367,0.0109755908264,0.0158801666289,0.00941109462703,0.0296365417494,0.0111943976372,0.000511196213601,0.00263683260003,0.629704729587,0.607699266172,0.953742313224,0.655624173562,0.00233422087816,0.0286078206827,0.97420735289,1.4518203436,0.178080514573,0.355456562982,0.000936052693553,0.00493802082959,0.258723274691,4.23556022185e-05,0.000632453640293,0.00660139272898,0.0141713960609,0.032592783348,0.00654948349443,0.000332543167499,0.000517881531784,0.0165199913545,0.00787249575289,0.0235639506172,0.0383608976145,0.00275490316262,0.00267198928804,0.000179122280356,0.000880341658652,0.00106857321318,0.00169703202982,0.0,0.000331736073572,0.00370233838934,0.00697508788184,0.00904471128659,0.00579787374554,0.189654576552,0.379180574908,0.000600770316663,0.00629766041838,0.0,0.000157679923764,0.0038254121221,0.00304554887204,0.000987853585551,0.00194746032612,
M208-Thymus 1974,0.0,0.0,0.0,0.0,0.0,0.0,0.0,0.0,0.0,0.0,0.0,0.0,0.0,0.0,0.0,0.0,0.0,0.0,0.0,0.0,0.0,0.0,0.0,0.0,0.0,0.0,0.0,0.0,0.0,0.0,0.0,0.0,0.0,0.0,0.0,0.0,0.0,0.0,0.0,0.0,0.0,0.0,0.0,0.0,0.0,0.0,0.0,0.0,0.0,0.0,0.0,0.0,0.0,0.0,0.0,0.0,0.0,0.0,0.0,0.0,0.0,0.0,0.0,0.0,0.0,0.0,0.0,0.0,0.0,0.0,0.0,0.0,0.0,0.0,0.0,0.0,0.0,0.0,0.0,0.0,0.0,0.0,0.0,0.0,0.0,0.0,0.0,0.0,0.0,0.0,0.0,0.0,0.0,0.0,0.0,0.0,0.0,0.00619878141551,0.08,0.171952052195,0.0106601662662,0.08,0.355,0.355,0.04,0.17,0.17,0.235,0.235,0.00205056190958,0.0,0.000478456684173,0.0863992079879,0.0,0.0296357643063,0.160185629722,0.0846073981127,0.000648269031441,0.00609029928641,0.00646771546786,0.0,0.000369896689914,0.0,0.00128067274124,0.0286132418326,0.042507495515,0.0,0.000241199848725,23.5030130831,0.0,11.0071717459,0.0,0.00116594619499,0.0889175565151,0.0280498046024,1.23113515815,1.26798411168,0.0266227183413,0.0190976281419,0.0,0.000644014179553,0.00363294588941,0.00804899857932,0.0,0.000722042304443,0.0158494064443,0.026601840189,0.0,0.000513978073811,0.00137792557066,0.00128367358765,0.0,1.26841673719,0.0,0.550541372371,0.0149859078054,0.0,0.0,0.00309605252895,0.0473259116932,0.0834410147031,0.585278991885,1.32039172667,0.00145503826981,0.0167762699168,0.0,0.000152573448339,0.0,0.000106613999412,0.00413351962323,0.00342568629519,0.00560934708075,0.0139221468625,0.0,0.00119178662863,0.0,0.0024658266497,0.000358496690252,0.0,0.000430942509994,0.0,0.0,0.0,0.000567287194755,0.553780772293,0.0,0.179569691039,0.230060297069,0.0,0.0857084412822,0.0342849038955,1.45919476084,0.0410324553808,0.116293415785,0.130170021394,0.0370706586705,0.0417214921096,0.141206383623,0.215046308341,0.0114566722774,0.0081174239417,0.00921413381333,0.00358696536847,0.000920696195049,0.00328764065774,0.205923399098,0.0214916837457,0.0629055222046,0.0174023251489,0.0183558703167,0.000603658209277,0.00269344004424,0.0,0.0532896869249,0.00954286845827,0.0119501067059,0.0,0.000948871304894,0.0127120160087,0.0136071835913,0.0,0.00129104044269,7.98120214437,4.41220657996,0.0685365912039,1.33967245369,0.0,0.927764942356,0.0,0.0,0.0,0.00296344552748,0.0309267397377,0.0418964017167,0.721316422221,0.589457633897,0.0108104437712,0.0142175925768,2.08699151265,2.43833832183,0.0100027422146,0.0084187240117,0.0712383878077,0.118857472504,0.000739682139482,0.000900566095217,0.0,0.000991289924367,0.0263617743374,0.0499244257398,0.000211122139276,0.000205286868717,0.0178524492188,0.0177233768185,0.0,0.00203890652259,0.00840061358219,0.0060962158721,0.0266935480917,0.0640422648488,0.0122104688245,0.028325745995,0.619455161036,0.102135497556,0.126795282563,0.0348269863501,0.0440894974597,0.0182011712399,0.00650129132385,0.00232637320952,0.00538889015405,0.0116280626624,0.0150243233093,0.00916774094568,0.00783844113326,0.0117470508301,0.00427297724297,0.00837577489399,0.836178900931,1.59316772334,0.555286022916,0.727541567187,0.00438763816002,0.030743259636,0.926490308569,1.5824108054,0.165159109347,0.272861057983,0.00205442299942,0.00573945682124,0.149226817126,9.45237420223e-05,0.000853859118135,0.0148992997006,0.0337361264745,0.0214505570271,0.0138299396284,4.9504238139e-06,0.00044383007009,0.0199851602534,0.193447779262,0.021310034286,0.0345338018732,0.0,0.00226481118615,0.000690150247164,0.000351200543739,0.00113507840925,0.00239543351572,0.0,0.00053388135829,0.00448852153853,0.00633216219578,0.0186562462649,0.00545833328408,0.206707084369,0.401081182817,0.00177127464397,0.00558269537381,0.0,0.000264303844041,0.00145642342903,0.00291603417683,0.0014969713915,0.00204868916917,
M209-Thymus 1975,0.0,0.0,0.0,0.0,0.0,0.0,0.0,0.0,0.0,0.0,0.0,0.0,0.0,0.0,0.0,0.0,0.0,0.0,0.0,0.0,0.0,0.0,0.0,0.0,0.0,0.0,0.0,0.0,0.0,0.0,0.0,0.0,0.0,0.0,0.0,0.0,0.0,0.0,0.0,0.0,0.0,0.0,0.0,0.0,0.0,0.0,0.0,0.0,0.0,0.0,0.0,0.0,0.0,0.0,0.0,0.0,0.0,0.0,0.0,0.0,0.0,0.0,0.0,0.0,0.0,0.0,0.0,0.0,0.0,0.0,0.0,0.0,0.0,0.0,0.0,0.0,0.0,0.0,0.0,0.0,0.0,0.0,0.0,0.0,0.0,0.0,0.0,0.0,0.0,0.0,0.0,0.0,0.0,0.0,0.0,0.0,0.0,0.00495363382937,0.08,0.212450884593,0.0101340678283,0.08,0.355,0.355,0.04,0.17,0.17,0.235,0.235,0.00187745693649,0.0,0.000303036435014,0.0771136451333,0.0,0.0513841211785,0.112578552559,0.108943389529,0.000402406069489,0.0,0.00510422861819,0.0,0.000624915780342,0.0,0.00205780679152,0.0105751998115,0.0326573110864,0.0,0.000384330947282,20.7246723036,0.0,12.46683394,0.0,0.00161709358198,0.0771677474093,0.0484244125032,1.25553635731,1.24164596937,0.0270558648369,0.0214249041813,7.66805496222e-05,0.000631611569954,0.00505806913816,0.00766899632846,0.0,0.000743563260116,0.014841833881,0.0257238380228,0.0,0.000327574593295,0.0,0.00205597140142,0.000149901924062,0.907803707941,0.0,0.698271159476,0.0103738840647,0.0,0.0,0.000147308956001,0.076973279115,0.0624759656466,0.739183465446,1.30097372357,0.00169546995412,0.0195545190428,0.0,0.0,0.0,0.000554844228243,0.00250213642515,0.00385943088546,0.00787836052894,0.0122616235542,0.0,0.0010906782637,0.0,0.00272377838843,0.000310424906293,5.97926200632e-05,3.78795543768e-05,0.0,0.000189379337003,0.0,0.000248619992806,0.498120255991,0.0,0.251889105887,0.192977604085,0.0,0.0276185727568,0.0,1.51297364925,0.0205971321357,0.0802273096959,0.119120112127,0.0606757366689,0.0387406483474,0.13245726935,0.256300927001,0.0,0.00423420834345,0.0,0.00196487411649,0.000739811540849,0.0029119910813,0.109440551105,0.0375416152783,0.0220866841498,0.0101614579357,0.0131298484876,0.000732162306191,0.00241597539732,0.0211168620595,0.0466140719049,0.00799110765697,0.0106036198641,0.0,0.000706444719253,0.0128035613113,0.011213616053,0.0,0.000130241258789,6.88903131234,7.6892868519,0.0445592323999,1.50212367041,0.0,1.83041020935,9.0676653153e-07,0.000192687156635,0.00171959015132,0.00245199813407,0.0360972251288,0.0328118913247,0.693933106526,0.612910078814,0.0196729644654,0.0116292416701,1.63658282418,1.65892711323,0.0,0.00211407715654,0.0487956723229,0.10084908357,0.000180755854642,0.00188833256342,0.0,0.00116499747907,0.0268118465652,0.0736485878197,0.0,0.00121795650346,0.0198025900864,0.0181631987957,0.0,0.00302324336026,0.0164685008322,0.00402690889436,0.0249473286266,0.0588847164345,0.00990043404313,0.0278082220109,0.57851978825,0.119167767097,0.094390760869,0.0323301026755,0.0552831720535,0.00833689795034,0.0,0.00190537258526,0.00574828998196,0.0126264334202,0.0148117922767,0.00951467157425,0.00866330512973,0.0103827858547,0.00340161065166,0.00580411496878,0.926919030087,1.34893666581,0.76127803561,0.65286486115,0.00384945228998,0.0312832098885,0.944817111964,1.59088837234,0.164175666864,0.330984470381,0.00138779771049,0.0068923654472,0.123732378953,0.0,0.000641308675356,0.0207992728039,0.032552049183,0.0036799183113,0.00675771250082,0.0,0.000308846246473,0.0329768532993,0.136100062094,0.0203107478478,0.0448416405824,0.00141624870772,0.00249602953174,0.000504593610713,0.000929044002277,0.00254442951672,0.00149463278632,0.0,0.000386240231838,0.00386330468991,0.00614870876591,0.0183028036549,0.00547725297184,0.195622659198,0.446157186022,0.00146900240623,0.00564825457631,0.0,0.000172261777175,0.00132233539325,0.0030068298106,0.00132092132866,0.00224021281788,
blk11,0.0,0.0,0.0,0.0,0.0,0.0,0.0,0.0,0.0,0.0,0.0,0.0,0.0,0.0,0.0,0,0.0,0,0.0,0,0.0,0,0.0,0,0.0,0,0.0,0,0.0,0,0.0,0,0.0,0,0.0,0,0.0,0.0,0.0,0.0,0.0,0.0,0.0,0.0,0.0,0.0,0.0,0.0,0.0,0.0,0.0,0.0,0.0,0.0,0,0.0,0,0.0,0,0.0,0,0.0,0,0.0,0,0.0,0,0.0,0,0.0,0,0.0,0,0.0,0,0.0,0,0.0,0,0.0,0,0.0,0.0,0.0,0.0,0.0,0.0,0.0,0.0,0,0,0,0,0,0,0,0.0,0.00673345840474,0.08,0.0785241768991,0.00168680769929,0.08,0.355,0,0.04,0,0.17,0,0.235,0.0,0,0.0121575089998,0.212978039096,0,0,0.163016498731,0,0.0,0,0.0,0,0.0,0,0.0227292559561,0,0.0,0,0.0,9.76656265,0,0,0,0.0,0.0265800520259,0,0,0.764097562868,0,0.0334598649063,0.0,0.0399864663078,0,0.0,0,0.0,0,0.0,0,0.0,0,0.0697405388891,0.0,1.18388310099,0,0,0.0192253672417,0,0,0.295247573149,0,0.155990035423,0,2.92049125279,0.0,0.0,0.0453433296465,0.069119608604,0,0.0,0,0.0,0,0.0692539571569,0,0.0,0,0.0,0.0,0,0.000528587347816,0,0.0,0,0.0,0.525721152014,0,0,0.267039940219,0,0,0,0.136720576397,0,0,0.0,0,0.0,0,1.46777699976,0,0.0,0,0.0,0.060266397559,0.0155468067087,0.0373422143891,0,0,0,0.0,0,0.0,0,0.0,0,0.0,0,0.0,0,0.0,0,0.0,2.97906527454,0,0,3.08594567087,0,0,0,0.0,0,0.0,0,0.0,0,1.20690600937,0,0.0,0,4.54211115517,0,0.0,0,0.0404413542271,0.0,0.0,0.0,0.0241240479517,0,0.0,0.0,0.0,0,0.0,0.0,0.581987932837,0,0.132307892816,0,0.0,0,0.0,0.63384916283,0,0.635633133555,0.0696006812368,0,0,0,0.0,0,0.00348461154022,0,0.0,0,0.00792881021724,0,0.0324008484673,0.92265986403,0,0,1.02212425922,0.0434396750883,0.00282669212885,0,1.06875655631,0,0.583653255432,0.034041160467,0.0,0,0.0,0.139398369547,0,0.0522524196317,0,0.0909170238244,0,0.0,0.0140249693296,0,0,0.082735333853,0,0.0,0.0159751490025,0.0130027837927,0,0.0,0,0.0,0,0.0,0.0447866826354,0,0,0.811992780289,0.0,0.00226135370308,0,0.00515752211165,0,0.0497414805455,0,0.139872973579,
M210-Thymus1981,0.0,0.0,0.0,0.0,0.0,0.0,0.0,0.0,0.0,0.0,0.0,0.0,0.0,0.0,0.0,0.0,0.0,0.0,0.0,0.0,0.0,0.0,0.0,0.0,0.0,0.0,0.0,0.0,0.0,0.0,0.0,0.0,0.0,0.0,0.0,0.0,0.0,0.0,0.0,0.0,0.0,0.0,0.0,0.0,0.0,0.0,0.0,0.0,0.0,0.0,0.0,0.0,0.0,0.0,0.0,0.0,0.0,0.0,0.0,0.0,0.0,0.0,0.0,0.0,0.0,0.0,0.0,0.0,0.0,0.0,0.0,0.0,0.0,0.0,0.0,0.0,0.0,0.0,0.0,0.0,0.0,0.0,0.0,0.0,0.0,0.0,0.0,0.0,0.0,0.0,0.0,0.0,0.0,0.0,0.0,0.0,0.0,0.00473026769982,0.08,0.190782246468,0.00946757451588,0.08,0.355,0.355,0.04,0.17,0.17,0.235,0.235,0.00254662672426,0.0,0.000356070391916,0.0958142139864,0.0,0.0525676424969,0.156480729238,0.0494939745037,0.0,0.0,0.00612381076308,0.0,0.000447555478236,0.0,0.00253143794253,0.0187133621737,0.0386430507923,0.0,0.000354020728735,21.6605857861,0.0119909269325,10.8915587337,0.0,0.00191020703071,0.100768477082,0.0656848122623,1.21605352238,1.46600084915,0.0272628232813,0.0286677609802,0.0,0.000632542239854,0.0043517631748,0.00639028300921,0.0,0.000474567274214,0.0194556677759,0.0268847075512,0.0,0.000378338252281,0.000605574183551,0.00212750685193,0.0,1.00403399186,0.0,0.536847431312,0.0150559742204,0.0,0.0075172788926,0.00605633552718,0.0503413874282,0.0872072911086,0.594709703607,0.973778586997,0.00128763858815,0.0102234316644,0.0,0.000202836652064,0.0,0.00207050291858,0.00297196521673,0.00397609925289,0.00569772245171,0.0116507321787,0.00642037729814,0.000580414984776,0.0,0.003035247944,0.000903004611698,0.0,0.000245911114417,7.64222421064e-05,0.000408769010919,0.0,0.00158738062961,0.608836099551,0.0,0.334196070368,0.25169523513,0.0,0.0612761587474,0.0162357143293,1.45673273032,0.0552908021707,0.1051245907,0.135840051926,0.0285064439047,0.0471412486035,0.119683245684,0.183823405173,0.0164518885328,0.0122309031103,0.0137394883568,0.00449918148149,0.000870583116076,0.00308621341357,0.128837096147,0.0127472130295,0.0286330041689,0.0133329401381,0.0168346356889,0.000681866213038,0.00173196462081,0.0122327530542,0.048054815215,0.00914913940269,0.0104152861795,0.0,0.00079848667652,0.00724409547836,0.0140634089809,0.0,0.00201685636192,8.67574544105,6.84089459606,0.013200670233,1.61270010217,0.0,1.6448843553,0.000804899784855,0.000380662752918,0.00700262481791,0.0015225903886,0.0249133202941,0.0562006604516,0.73179677731,0.867509898223,0.0183197730805,0.0181742460101,2.77184845485,2.06574689215,0.0141081633407,0.022091122818,0.0683146748205,0.105781264252,0.00069350907617,0.00157264774642,0.0,0.000923537144031,0.0326211529454,0.0570970783193,0.0,0.000943097617631,0.0149902418831,0.0198884634716,0.0,0.00214435387601,0.00816790954946,0.00993760648696,0.0310243997591,0.0660082109629,0.0109341877777,0.0241722410474,0.599757562996,0.172804668459,0.161997364927,0.0462534793104,0.0106756171171,0.00284396885258,0.029165853054,0.00329647682601,0.00749796894376,0.00990247344581,0.0123789224906,0.0190180611887,0.0117727193386,0.0147168343859,0.00367410921294,0.00595530834377,1.449995384,2.03701410413,1.24360045351,1.32889540081,0.00424289063381,0.0370889476389,0.90723367884,1.86222909106,0.164934933633,0.310076492586,0.00140531763775,0.00574539808134,0.138876107495,0.0,0.000554738799205,0.0183141333617,0.0295149086628,0.0155370299026,0.0225025360491,0.0,0.000558764184125,0.0419194350129,0.0441797264426,0.035382489959,0.0435888589678,0.00191512708486,0.00277385614143,0.000465410536935,0.00013550578608,0.00972874218952,0.00567502712456,0.0,0.000608726880126,0.00488142263986,0.00642822015726,0.0198987999809,0.00148653727252,0.193631209893,0.419990806036,0.00125396739048,0.00662641730091,0.0,0.000205304934104,0.0017900129209,0.00299330100479,0.00182325252984,0.0023966895342,
M211-Thymus 1982,0.0,0.0,0.0,0.0,0.0,0.0,0.0,0.0,0.0,0.0,0.0,0.0,0.0,0.0,0.0,0.0,0.0,0.0,0.0,0.0,0.0,0.0,0.0,0.0,0.0,0.0,0.0,0.0,0.0,0.0,0.0,0.0,0.0,0.0,0.0,0.0,0.0,0.0,0.0,0.0,0.0,0.0,0.0,0.0,0.0,0.0,0.0,0.0,0.0,0.0,0.0,0.0,0.0,0.0,0.0,0.0,0.0,0.0,0.0,0.0,0.0,0.0,0.0,0.0,0.0,0.0,0.0,0.0,0.0,0.0,0.0,0.0,0.0,0.0,0.0,0.0,0.0,0.0,0.0,0.0,0.0,0.0,0.0,0.0,0.0,0.0,0.0,0.0,0.0,0.0,0.0,0.0,0.0,0.0,0.0,0.0,0.0,0.00534245411643,0.08,0.213163126927,0.0131825760794,0.08,0.355,0.355,0.04,0.17,0.17,0.235,0.235,0.00384179518608,0.0,0.00168454504951,0.113357540013,0.0,0.0674093747631,0.326510591348,0.196380619336,0.00184168333124,0.0,0.00530291301732,0.0,0.000351864515019,0.0,0.00144964460094,0.0068385899011,0.0360869422158,0.0,0.000121899870282,24.1300911939,0.0,12.3486393489,0.0,0.00168401405353,0.15348894545,0.0494090517432,0.759292377188,1.00762047346,0.00873815664364,0.0133449302881,0.0,0.000595862413905,0.00406030542285,0.00607813780574,0.0,0.000182838820014,0.0124857913103,0.0260544671018,0.0,0.000200145473603,0.0,0.00209878969942,0.000358491490678,1.42793593425,0.0,0.77722612959,0.0276231574596,0.0,0.00594039806069,0.00424951306934,0.0627113459211,0.0699396894445,0.576018007021,1.14432814448,0.00131087430902,0.0197439385964,0.0,0.000329513424963,0.0,0.0015237329973,0.00184271731108,0.002660904565,0.00587262908428,0.0156977933663,0.0,0.000710079726297,0.0,0.00378304021935,0.001914485125,0.0,0.000183428238725,3.6886212031e-05,0.000218402233299,0.0,0.00214211929467,0.931145383742,0.000181965166576,0.614865950238,0.267935101391,0.0,0.0,0.0916277894719,1.92864258219,0.0531944251061,0.0973106744152,0.127042168455,0.00794151269539,0.0381614971127,0.13036870152,0.319643154752,0.0102833089148,0.00840967375333,0.00844778306841,0.00545691612593,0.000806976294788,0.00407154160774,0.199092001608,0.0053451650302,0.02770676519,0.00651299546702,0.0216602161569,0.000942317594475,0.00197437380658,0.0276075200966,0.0432980441237,0.00697512986059,0.0207998808317,3.72441224206e-06,0.000507630345225,0.00663066180321,0.00765051189382,0.0,0.00152205786856,8.8088614486,6.91453520202,0.100608661617,1.76187468751,0.0172668991367,1.35340125059,0.0,0.0,0.0,0.00236370313198,0.0120714465596,0.0359846310922,0.434960803843,0.633691035964,0.0103890163862,0.0133899456512,1.43068302625,2.01738687393,0.0226850082167,0.0166643492765,0.0695566844977,0.132265130882,0.00052985717408,0.00242336466727,0.0,0.00103764601037,0.0265445515552,0.0598663143251,0.0,0.000888195379211,0.00149620079557,0.025502795703,0.0,0.0022769675322,0.00862026011995,0.00728821359837,0.0356204411193,0.0749638181872,0.0121011240982,0.0405692097051,0.97537712664,0.0893183260978,0.145378355763,0.0482081593172,0.00626739810265,0.00297283357341,0.00749862063151,0.00380763956788,0.00636203906423,0.0123268303658,0.0155550927145,0.00944386196855,0.0182491603292,0.0137065815529,0.00586747650553,0.00747164825492,1.73522378603,3.16852160454,0.882856964663,0.908334128685,0.00366932014133,0.0400103290088,0.918508410375,1.80132215483,0.173947116971,0.38335973114,0.0018408393205,0.00784552736851,0.189993325159,0.0,0.000515082727204,0.0150497758788,0.0426513979345,0.011863580572,0.0194424574464,0.0,0.000526101092532,0.051812346625,0.0162581630614,0.027653874797,0.0587137296269,0.000944399785588,0.00307353363944,0.000388152237235,0.00104130024839,0.00133449549883,0.00399009473326,0.0,0.000307342802883,0.00230625551113,0.00706557050813,0.0253982957392,0.00445608383308,0.219899517169,0.420392947309,0.00119558765321,0.00798938576184,0.0,0.000388405991528,0.00221161280253,0.00389114734724,0.00117095529065,0.00221051432268,
blk12,0.0,0.0,0.0,0.0,0.0,0.0,0.0,0.0,0.0,0.0,0.0,0.0,0.0,0.0,0.0,0.0,0.0,0.0,0.0,0.0,0.0,0.0,0.0,0.0,0.0,0.0,0.0,0.0,0.0,0.0,0.0,0,0.0,0,0.0,0,0.0,0.0,0.0,0.0,0.0,0.0,0.0,0.0,0.0,0.0,0.0,0.0,0.0,0.0,0.0,0.0,0.0,0.0,0,0.0,0,0.0,0,0.0,0,0.0,0,0.0,0,0.0,0,0.0,0,0.0,0,0.0,0,0.0,0,0.0,0,0.0,0,0.0,0,0.0,0.0,0.0,0.0,0.0,0.0,0.0,0.0,0,0,0,0,0,0,0,0.0,0.00095765138546,0.08,0.0880989124461,0.00417472487121,0.08,0.355,0,0.04,0,0.17,0.235,0.235,0.0107228327651,0,0.0183544741789,0.14494301561,0,0,0.171941963497,0,0.00898467335275,0,0.0,0.0,0.0299475025998,0,0.0249096435285,0,0.194934389164,0,0.0,6.85399834762,0,0,0,0.0,0.0506469437696,0,0,0.782937999346,0,0.745926485388,0.0,0.0,0.0,0.0,0,0.0,0.0,0.0779359141914,0.0,0.0,0.0,0.146308566292,0.000578305406188,0.252023935119,0,0,0.0124955956702,0,0,0.252609955975,0,0.203576676263,2.01441680084,2.44140899248,0.0,0.0409386821492,0.0,0.0370275137004,0,0.0,0.00528219450101,0.000109902174783,0.0,0.0331974477191,0,0.000800279058188,0,0.0,0.0,0,0.0,0,0.0,0,0.0,0.306110392253,0,0,0.0880051396718,0,0,0,0.0539115074863,0,0,0.0,0,0.0,0.0,1.10372173896,0,0.0,0,0.0,0.0,0.0,0.0299810802762,0,0,0,0.0,0.0,0.0,0,0.0,0.0,0.0,0.0,0.0,0,0.0,0,0.0,2.98706941534,0,0,1.77193144124,0,0,0.0,0.0,0,0.0,0,0.0,0,0.951807537364,0,0.0,0,3.91164712348,0,0.0,0.0,0.0868277844438,0.0,0.0,0.0,0.00021175544716,0.00441914212304,0.0,0.0,0.0,0,0.0,0.0,0.409989518133,0,0.0,0.00177168177464,0.0,0.0,0.0,0.392569760717,0,0.588646082634,0.017045130197,0,0,0,0.000530845625397,0.0,0.0,0,0.0,0,0.016387923374,0.0,0.0,0.37358139174,0,0,1.07046293035,0.0,0.00631219076348,0.571776011955,0.487882162641,0.388873754597,0.164694221935,0.0,0.0076505042975,0,0.0147168361928,0.0,0.0,0.0606397192205,0,0.0222875757887,0.00111775236639,0.0,0.0304705967466,0,0.0,0.0383530332537,0.00206198273042,0.005249108627,0.00524250065719,0.00537705139111,0,0.0,0.0,0.0223690746675,0.0,0.0,0.0190041078588,0,0.0,0.229679714612,0.0,0.0182352177612,0.0,0.00296473338175,0.244303397775,0.0211773338867,0.0,0.0821295572754,
M201-213QCThymus4,0.0,0.0,0.0,0.0,0.0,0.0,0.0,0.0,0.0,0.0,0.0,0.0,0.0,0.0,0.0,0.0,0.0,0.0,0.0,0.0,0.0,0.0,0.0,0.0,0.0,0.0,0.0,0.0,0.0,0.0,0.0,0.0,0.0,0.0,0.0,0.0,0.0,0.0,0.0,0.0,0.0,0.0,0.0,0.0,0.0,0.0,0.0,0.0,0.0,0.0,0.0,0.0,0.0,0.0,0.0,0.0,0.0,0.0,0.0,0.0,0.0,0.0,0.0,0.0,0.0,0.0,0.0,0.0,0.0,0.0,0.0,0.0,0.0,0.0,0.0,0.0,0.0,0.0,0.0,0.0,0.0,0.0,0.0,0.0,0.0,0.0,0.0,0.0,0.0,0.0,0.0,0.0,0.0,0.0,0.0,0.0,0.0,0.00332071193396,0.08,0.139818572267,0.00704246896251,0.08,0.355,0.355,0.04,0.17,0.17,0.235,0.235,0.00158777811416,0.0,0.00048477197576,0.0673575927441,0.0,0.0306792456513,0.116708370829,0.0626239718639,0.000763156734894,0.00250006645491,0.00272102813335,0.0,0.00047026647446,0.0,0.00151952637072,0.0230159567852,0.036651189404,0.0,0.000447570782552,19.7059756591,0.0,9.87329323759,0.0,0.00126789648109,0.0848217990444,0.0358822484803,1.19877815664,1.43905771288,0.017123122777,0.0209021532931,0.0,0.000697352079195,0.00380638057139,0.00740101944732,0.0,0.000286976797464,0.0136287859325,0.0215087508556,0.0,0.000156295143819,0.000938918502546,0.00189207475702,0.0,0.949840333268,0.0,0.387486673139,0.0213274290457,0.0,0.0026750353044,0.00261715007266,0.0698095506975,0.0801171819857,0.564254189201,0.900354620198,0.00153192417335,0.0189163016111,0.0,0.000443746662137,0.0,0.00108859248094,0.000525111699478,0.00295172438379,0.00397357742662,0.00930088097904,0.0,0.000217095477223,0.0,0.00311890338284,0.00132566569233,0.0,0.000178405930165,0.0,0.000329476928623,0.0,0.000626663858505,0.500496309856,0.0,0.186103523218,0.186811237923,0.0,0.0319317002781,0.0,1.10237195415,0.0134088390364,0.103451595814,0.101721430725,0.0267846805572,0.0297468585393,0.0850428697886,0.172859999457,0.0169707820625,0.00610406551204,0.00817835149626,0.00484633217395,0.000255700840555,0.00230105260127,0.115179663028,0.0367471764138,0.0402789273011,0.0,0.0132096972503,0.000584562121963,0.00169143364992,0.020219913543,0.0498523086189,0.00350314420682,0.0105254697034,0.000476666311206,0.000587402042561,0.00676150315555,0.00697475101589,0.0,0.000518714942703,4.57639616684,3.88878883542,0.0,1.02028424951,0.0,1.30415081172,0.0,0.000255054004718,0.00675203217156,0.00492320164421,0.0507615947088,0.0339045459884,0.573755645845,0.615344920465,0.010694186708,0.00982596439698,1.73106706524,2.19192731009,0.0,0.00795725077206,0.0323877488415,0.0638794194661,0.000369016494523,0.00125092351611,8.79157479518e-05,0.000781175599757,0.0226917051222,0.045722667363,0.0,0.000706183085652,0.0,0.0166571025895,0.0,0.00236405364845,0.0072946779134,0.00523058521667,0.0233577384353,0.0377129262292,0.00945341088916,0.0192769352083,0.506393076234,0.111027562764,0.100381148621,0.0281937000634,0.0351250948055,0.0125245024224,0.00744834110476,0.00270707886484,0.00420627506852,0.00954936224044,0.00187270231538,0.00793434434873,0.0191693759617,0.00762470033955,0.00149152902624,0.00458901141804,0.871177962478,1.07452182632,0.583455740437,0.676780353719,0.00263309621862,0.0224881143252,0.752955465131,1.35438337573,0.14948798075,0.24966437806,0.0010540058308,0.00432394321249,0.046683259753,0.0,0.000783953298979,0.0111540921575,0.0262091634279,0.0163054656716,0.0105284106512,0.0,0.000538407477144,0.0322098699789,0.0930219512929,0.0211602582076,0.0360907207892,0.00135309783436,0.00209439992181,0.000395294527382,0.000530711686311,0.00105144502744,0.00219510363647,0.0,0.000447075517341,0.00265851014336,0.00541516378417,0.0167207770645,0.00581750240706,0.154282694343,0.293439410072,0.000964486019772,0.00455767579734,0.0,0.000263011382547,0.00104563576228,0.0031855681866,0.00105617354282,0.00176175905514,
M201-213QCThymus5,0.0,0.0,0.0,0.0,0.0,0.0,0.0,0.0,0.0,0.0,0.0,0.0,0.0,0.0,0.0,0.0,0.0,0.0,0.0,0.0,0.0,0.0,0.0,0.0,0.0,0.0,0.0,0.0,0.0,0.0,0.0,0.0,0.0,0.0,0.0,0.0,0.0,0.0,0.0,0.0,0.0,0.0,0.0,0.0,0.0,0.0,0.0,0.0,0.0,0.0,0.0,0.0,0.0,0.0,0.0,0.0,0.0,0.0,0.0,0.0,0.0,0.0,0.0,0.0,0.0,0.0,0.0,0.0,0.0,0.0,0.0,0.0,0.0,0.0,0.0,0.0,0.0,0.0,0.0,0.0,0.0,0.0,0.0,0.0,0.0,0.0,0.0,0.0,0.0,0.0,0.0,0.0,0.0,0.0,0.0,0.0,0.0,0.00376109331731,0.08,0.150793835929,0.00654379752551,0.08,0.355,0.355,0.04,0.17,0.17,0.235,0.235,0.00178471660429,0.0,0.000431433237136,0.0612838815181,0.0,0.0181943750155,0.112227297908,0.0658625131677,0.000449884755593,0.00213826256636,0.00208993237936,0.0,0.000367173956325,0.0,0.00167824815829,0.0112370920517,0.0358506508654,0.0,3.43667386236e-05,17.3820607323,0.0,10.2617924277,0.0,0.00143134533306,0.060939508153,0.0,1.27672042908,1.23034871866,0.0269874271772,0.0223800840811,0.0,0.000568065777271,0.00397048171272,0.00712577063745,0.0,0.000630115681688,0.0166316256417,0.0270463299597,0.000386225262436,0.000311446783053,0.000578886214827,0.00140455019682,0.0,0.715426819295,0.0,0.273898438401,0.0186798869118,0.0,0.0,0.00284159388537,0.0928145326741,0.0760380159618,0.650560561471,1.11933491364,0.00220688603183,0.0166296775909,0.0,0.00016131464311,0.0,0.0,0.00149112936904,0.00123794332426,0.00457491125376,0.00665765288907,0.0,0.000836014581,0.0,0.00145802704925,0.000574499804786,0.0,0.000128887287824,0.0,0.0,0.0,0.00132275701423,0.464479171224,0.0,0.172516099993,0.160712081983,0.0,0.0832332203264,0.0259418407273,1.06634361947,0.0,0.0863259680074,0.0580628513236,0.0397399769275,0.0239517801679,0.0622422547351,0.163655865427,0.0,0.00649423524125,0.0,0.00222169180078,0.000294278301233,0.00304572305184,0.0790560400277,0.0,0.0323806057529,0.010809827993,0.0125911494174,0.000541468067048,0.00140234001627,0.0188588188115,0.0438740879328,0.00376548907877,0.0091113925111,0.0,0.000894422375196,0.0123079349873,0.00374957266611,0.0,0.00132358014608,3.97746685221,3.89880826665,0.0241681957438,1.11503174145,0.0,0.834623670272,0.0,0.000107013542513,0.0,0.00214864864068,0.0443076892812,0.0272377478087,0.482474397684,0.672956216669,0.00771175500781,0.00925992964705,1.80171410514,1.7756947455,0.0,0.00599076050713,0.03177742558,0.0643685680001,0.000665411012363,0.000865516261462,0.0,0.000386068845633,0.0110372237106,0.0328847271516,0.000124520565236,0.000438682948331,0.0154557475827,0.0124938208699,0.0,0.00152883103859,0.0,0.00333665844807,0.0183886588443,0.0460440298379,0.00654557635159,0.0200776711646,0.446814128271,0.0967796534815,0.0989166024487,0.0228989305789,0.0396132327415,0.00738854637134,0.00446690655376,0.00184543488608,0.00324168843955,0.00847646329101,0.0123309563282,0.00501678010038,0.00829068266418,0.00912521997792,0.00192889795536,0.00511053473084,0.650242177718,0.584048068298,0.540870118874,0.575214595931,0.00284159654899,0.0208895381044,0.605437092195,1.38929668386,0.116282523018,0.285886516775,0.000735607027288,0.0035498545789,0.163538817874,0.0,0.000976148652827,0.0148435889716,0.023075090155,0.0251204551371,0.0122565027179,0.0,0.000426364469667,0.0250521323215,0.0,0.0197184753438,0.0318215089708,0.0,0.0021679490813,0.000479525828867,0.000907991872221,0.00684135186691,0.00258288028347,0.0,0.000409113161009,0.00378829150596,0.00506589501355,0.0125933334785,0.00449194963384,0.117617282182,0.251734253031,0.000708520033518,0.00462755252406,0.0,0.00017337171233,0.00189265745321,0.00298324773976,0.00123753124492,0.00218145460404,
